date,tenor_years,rate
2021-07-26,0.0833,0.0005
2021-07-26,0.25,0.0005
2021-07-26,0.5,0.0006
2021-07-26,1,0.0008
2021-07-26,2,0.0022
2021-07-26,3,0.0038
2021-07-26,5,0.0073
2021-07-26,7,0.0104
2021-07-26,10,0.0129
2021-07-26,20,0.0185
2021-07-26,30,0.0193
2021-07-27,0.0833,0.0004
2021-07-27,0.25,0.0005
2021-07-27,0.5,0.0005
2021-07-27,1,0.0007
2021-07-27,2,0.002
2021-07-27,3,0.0037
2021-07-27,5,0.0071
2021-07-27,7,0.0101
2021-07-27,10,0.0125
2021-07-27,20,0.0181
2021-07-27,30,0.0189
2021-07-28,0.0833,0.0004
2021-07-28,0.25,0.0005
2021-07-28,0.5,0.0005
2021-07-28,1,0.0007
2021-07-28,2,0.002
2021-07-28,3,0.0038
2021-07-28,5,0.0072
2021-07-28,7,0.0101
2021-07-28,10,0.0126
2021-07-28,20,0.0183
2021-07-28,30,0.019
2021-07-29,0.0833,0.0005
2021-07-29,0.25,0.0006
2021-07-29,0.5,0.0005
2021-07-29,1,0.0008
2021-07-29,2,0.002
2021-07-29,3,0.0037
2021-07-29,5,0.0073
2021-07-29,7,0.0104
2021-07-29,10,0.0128
2021-07-29,20,0.0184
2021-07-29,30,0.0191
2021-07-30,0.0833,0.0005
2021-07-30,0.25,0.0006
2021-07-30,0.5,0.0005
2021-07-30,1,0.0007
2021-07-30,2,0.0019
2021-07-30,3,0.0035
2021-07-30,5,0.0069
2021-07-30,7,0.01
2021-07-30,10,0.0124
2021-07-30,20,0.0181
2021-07-30,30,0.0189
2021-08-02,0.0833,0.0005
2021-08-02,0.25,0.0005
2021-08-02,0.5,0.0006
2021-08-02,1,0.0007
2021-08-02,2,0.0017
2021-08-02,3,0.0033
2021-08-02,5,0.0066
2021-08-02,7,0.0096
2021-08-02,10,0.012
2021-08-02,20,0.0177
2021-08-02,30,0.0186
2021-08-03,0.0833,0.0005
2021-08-03,0.25,0.0005
2021-08-03,0.5,0.0006
2021-08-03,1,0.0007
2021-08-03,2,0.0017
2021-08-03,3,0.0033
2021-08-03,5,0.0065
2021-08-03,7,0.0095
2021-08-03,10,0.0119
2021-08-03,20,0.0176
2021-08-03,30,0.0185
2021-08-04,0.0833,0.0005
2021-08-04,0.25,0.0005
2021-08-04,0.5,0.0005
2021-08-04,1,0.0007
2021-08-04,2,0.0017
2021-08-04,3,0.0034
2021-08-04,5,0.0067
2021-08-04,7,0.0096
2021-08-04,10,0.0119
2021-08-04,20,0.0174
2021-08-04,30,0.0183
2021-08-05,0.0833,0.0005
2021-08-05,0.25,0.0005
2021-08-05,0.5,0.0006
2021-08-05,1,0.0008
2021-08-05,2,0.0021
2021-08-05,3,0.0038
2021-08-05,5,0.0072
2021-08-05,7,0.0101
2021-08-05,10,0.0123
2021-08-05,20,0.0177
2021-08-05,30,0.0186
2021-08-06,0.0833,0.0004
2021-08-06,0.25,0.0006
2021-08-06,0.5,0.0006
2021-08-06,1,0.0009
2021-08-06,2,0.0021
2021-08-06,3,0.0042
2021-08-06,5,0.0077
2021-08-06,7,0.0107
2021-08-06,10,0.0131
2021-08-06,20,0.0185
2021-08-06,30,0.0194
2021-08-09,0.0833,0.0004
2021-08-09,0.25,0.0006
2021-08-09,0.5,0.0006
2021-08-09,1,0.0008
2021-08-09,2,0.0023
2021-08-09,3,0.0043
2021-08-09,5,0.0079
2021-08-09,7,0.0109
2021-08-09,10,0.0133
2021-08-09,20,0.0187
2021-08-09,30,0.0196
2021-08-10,0.0833,0.0005
2021-08-10,0.25,0.0005
2021-08-10,0.5,0.0005
2021-08-10,1,0.0008
2021-08-10,2,0.0024
2021-08-10,3,0.0047
2021-08-10,5,0.0082
2021-08-10,7,0.0112
2021-08-10,10,0.0136
2021-08-10,20,0.019
2021-08-10,30,0.0199
2021-08-11,0.0833,0.0005
2021-08-11,0.25,0.0005
2021-08-11,0.5,0.0006
2021-08-11,1,0.0008
2021-08-11,2,0.0023
2021-08-11,3,0.0045
2021-08-11,5,0.0081
2021-08-11,7,0.0111
2021-08-11,10,0.0135
2021-08-11,20,0.019
2021-08-11,30,0.0199
2021-08-12,0.0833,0.0005
2021-08-12,0.25,0.0006
2021-08-12,0.5,0.0006
2021-08-12,1,0.0009
2021-08-12,2,0.0023
2021-08-12,3,0.0046
2021-08-12,5,0.0083
2021-08-12,7,0.0113
2021-08-12,10,0.0136
2021-08-12,20,0.0192
2021-08-12,30,0.0203
2021-08-13,0.0833,0.0004
2021-08-13,0.25,0.0006
2021-08-13,0.5,0.0005
2021-08-13,1,0.0008
2021-08-13,2,0.0023
2021-08-13,3,0.0044
2021-08-13,5,0.0079
2021-08-13,7,0.0108
2021-08-13,10,0.0129
2021-08-13,20,0.0185
2021-08-13,30,0.0194
2021-08-16,0.0833,0.0004
2021-08-16,0.25,0.0006
2021-08-16,0.5,0.0005
2021-08-16,1,0.0008
2021-08-16,2,0.0021
2021-08-16,3,0.0042
2021-08-16,5,0.0075
2021-08-16,7,0.0104
2021-08-16,10,0.0126
2021-08-16,20,0.0182
2021-08-16,30,0.0192
2021-08-17,0.0833,0.0003
2021-08-17,0.25,0.0007
2021-08-17,0.5,0.0006
2021-08-17,1,0.0007
2021-08-17,2,0.0023
2021-08-17,3,0.0043
2021-08-17,5,0.0077
2021-08-17,7,0.0105
2021-08-17,10,0.0126
2021-08-17,20,0.0182
2021-08-17,30,0.0192
2021-08-18,0.0833,0.0003
2021-08-18,0.25,0.0007
2021-08-18,0.5,0.0005
2021-08-18,1,0.0007
2021-08-18,2,0.0023
2021-08-18,3,0.0043
2021-08-18,5,0.0079
2021-08-18,7,0.0106
2021-08-18,10,0.0127
2021-08-18,20,0.0184
2021-08-18,30,0.0191
2021-08-19,0.0833,0.0004
2021-08-19,0.25,0.0006
2021-08-19,0.5,0.0005
2021-08-19,1,0.0006
2021-08-19,2,0.0022
2021-08-19,3,0.0044
2021-08-19,5,0.0078
2021-08-19,7,0.0104
2021-08-19,10,0.0124
2021-08-19,20,0.018
2021-08-19,30,0.0188
2021-08-20,0.0833,0.0004
2021-08-20,0.25,0.0005
2021-08-20,0.5,0.0005
2021-08-20,1,0.0006
2021-08-20,2,0.0023
2021-08-20,3,0.0044
2021-08-20,5,0.008
2021-08-20,7,0.0106
2021-08-20,10,0.0126
2021-08-20,20,0.0179
2021-08-20,30,0.0187
2021-08-23,0.0833,0.0004
2021-08-23,0.25,0.0005
2021-08-23,0.5,0.0006
2021-08-23,1,0.0007
2021-08-23,2,0.0023
2021-08-23,3,0.0043
2021-08-23,5,0.0078
2021-08-23,7,0.0105
2021-08-23,10,0.0125
2021-08-23,20,0.0179
2021-08-23,30,0.0187
2021-08-24,0.0833,0.0003
2021-08-24,0.25,0.0005
2021-08-24,0.5,0.0005
2021-08-24,1,0.0006
2021-08-24,2,0.0024
2021-08-24,3,0.0044
2021-08-24,5,0.008
2021-08-24,7,0.0108
2021-08-24,10,0.0129
2021-08-24,20,0.0183
2021-08-24,30,0.0191
2021-08-25,0.0833,0.0004
2021-08-25,0.25,0.0006
2021-08-25,0.5,0.0006
2021-08-25,1,0.0007
2021-08-25,2,0.0023
2021-08-25,3,0.0047
2021-08-25,5,0.0084
2021-08-25,7,0.0113
2021-08-25,10,0.0135
2021-08-25,20,0.0188
2021-08-25,30,0.0196
2021-08-26,0.0833,0.0004
2021-08-26,0.25,0.0005
2021-08-26,0.5,0.0006
2021-08-26,1,0.0007
2021-08-26,2,0.0025
2021-08-26,3,0.0046
2021-08-26,5,0.0084
2021-08-26,7,0.0113
2021-08-26,10,0.0134
2021-08-26,20,0.0187
2021-08-26,30,0.0194
2021-08-27,0.0833,0.0004
2021-08-27,0.25,0.0005
2021-08-27,0.5,0.0005
2021-08-27,1,0.0007
2021-08-27,2,0.0022
2021-08-27,3,0.0041
2021-08-27,5,0.0079
2021-08-27,7,0.0109
2021-08-27,10,0.0131
2021-08-27,20,0.0184
2021-08-27,30,0.0191
2021-08-30,0.0833,0.0004
2021-08-30,0.25,0.0005
2021-08-30,0.5,0.0005
2021-08-30,1,0.0008
2021-08-30,2,0.002
2021-08-30,3,0.004
2021-08-30,5,0.0077
2021-08-30,7,0.0107
2021-08-30,10,0.0129
2021-08-30,20,0.0182
2021-08-30,30,0.019
2021-08-31,0.0833,0.0003
2021-08-31,0.25,0.0004
2021-08-31,0.5,0.0006
2021-08-31,1,0.0007
2021-08-31,2,0.002
2021-08-31,3,0.004
2021-08-31,5,0.0077
2021-08-31,7,0.0108
2021-08-31,10,0.013
2021-08-31,20,0.0185
2021-08-31,30,0.0192
2021-09-01,0.0833,0.0004
2021-09-01,0.25,0.0005
2021-09-01,0.5,0.0006
2021-09-01,1,0.0007
2021-09-01,2,0.002
2021-09-01,3,0.0042
2021-09-01,5,0.0078
2021-09-01,7,0.0108
2021-09-01,10,0.0131
2021-09-01,20,0.0184
2021-09-01,30,0.0192
2021-09-02,0.0833,0.0005
2021-09-02,0.25,0.0005
2021-09-02,0.5,0.0006
2021-09-02,1,0.0007
2021-09-02,2,0.002
2021-09-02,3,0.0042
2021-09-02,5,0.0078
2021-09-02,7,0.0107
2021-09-02,10,0.0129
2021-09-02,20,0.0183
2021-09-02,30,0.019
2021-09-03,0.0833,0.0004
2021-09-03,0.25,0.0005
2021-09-03,0.5,0.0005
2021-09-03,1,0.0008
2021-09-03,2,0.0021
2021-09-03,3,0.0042
2021-09-03,5,0.0078
2021-09-03,7,0.0109
2021-09-03,10,0.0133
2021-09-03,20,0.0187
2021-09-03,30,0.0194
2021-09-07,0.0833,0.0004
2021-09-07,0.25,0.0005
2021-09-07,0.5,0.0006
2021-09-07,1,0.0008
2021-09-07,2,0.0022
2021-09-07,3,0.0045
2021-09-07,5,0.0082
2021-09-07,7,0.0114
2021-09-07,10,0.0138
2021-09-07,20,0.0191
2021-09-07,30,0.0199
2021-09-08,0.0833,0.0005
2021-09-08,0.25,0.0005
2021-09-08,0.5,0.0006
2021-09-08,1,0.0008
2021-09-08,2,0.0022
2021-09-08,3,0.0043
2021-09-08,5,0.0081
2021-09-08,7,0.0111
2021-09-08,10,0.0135
2021-09-08,20,0.0188
2021-09-08,30,0.0195
2021-09-09,0.0833,0.0007
2021-09-09,0.25,0.0004
2021-09-09,0.5,0.0005
2021-09-09,1,0.0007
2021-09-09,2,0.0023
2021-09-09,3,0.0043
2021-09-09,5,0.0079
2021-09-09,7,0.0108
2021-09-09,10,0.013
2021-09-09,20,0.0183
2021-09-09,30,0.019
2021-09-10,0.0833,0.0006
2021-09-10,0.25,0.0005
2021-09-10,0.5,0.0006
2021-09-10,1,0.0008
2021-09-10,2,0.0023
2021-09-10,3,0.0045
2021-09-10,5,0.0082
2021-09-10,7,0.0112
2021-09-10,10,0.0135
2021-09-10,20,0.0186
2021-09-10,30,0.0194
2021-09-13,0.0833,0.0006
2021-09-13,0.25,0.0006
2021-09-13,0.5,0.0006
2021-09-13,1,0.0007
2021-09-13,2,0.0021
2021-09-13,3,0.0044
2021-09-13,5,0.0081
2021-09-13,7,0.0111
2021-09-13,10,0.0133
2021-09-13,20,0.0183
2021-09-13,30,0.0191
2021-09-14,0.0833,0.0005
2021-09-14,0.25,0.0004
2021-09-14,0.5,0.0005
2021-09-14,1,0.0007
2021-09-14,2,0.0021
2021-09-14,3,0.0043
2021-09-14,5,0.0079
2021-09-14,7,0.0107
2021-09-14,10,0.0128
2021-09-14,20,0.0178
2021-09-14,30,0.0185
2021-09-15,0.0833,0.0004
2021-09-15,0.25,0.0004
2021-09-15,0.5,0.0005
2021-09-15,1,0.0007
2021-09-15,2,0.0021
2021-09-15,3,0.0043
2021-09-15,5,0.0081
2021-09-15,7,0.011
2021-09-15,10,0.0131
2021-09-15,20,0.018
2021-09-15,30,0.0187
2021-09-16,0.0833,0.0006
2021-09-16,0.25,0.0004
2021-09-16,0.5,0.0005
2021-09-16,1,0.0007
2021-09-16,2,0.0023
2021-09-16,3,0.0046
2021-09-16,5,0.0084
2021-09-16,7,0.0113
2021-09-16,10,0.0134
2021-09-16,20,0.0183
2021-09-16,30,0.0188
2021-09-17,0.0833,0.0006
2021-09-17,0.25,0.0004
2021-09-17,0.5,0.0005
2021-09-17,1,0.0007
2021-09-17,2,0.0023
2021-09-17,3,0.0047
2021-09-17,5,0.0088
2021-09-17,7,0.0117
2021-09-17,10,0.0137
2021-09-17,20,0.0185
2021-09-17,30,0.0191
2021-09-20,0.0833,0.0006
2021-09-20,0.25,0.0004
2021-09-20,0.5,0.0005
2021-09-20,1,0.0007
2021-09-20,2,0.0023
2021-09-20,3,0.0045
2021-09-20,5,0.0083
2021-09-20,7,0.0112
2021-09-20,10,0.0131
2021-09-20,20,0.0179
2021-09-20,30,0.0185
2021-09-21,0.0833,0.0005
2021-09-21,0.25,0.0003
2021-09-21,0.5,0.0004
2021-09-21,1,0.0007
2021-09-21,2,0.0022
2021-09-21,3,0.0046
2021-09-21,5,0.0084
2021-09-21,7,0.0113
2021-09-21,10,0.0133
2021-09-21,20,0.0181
2021-09-21,30,0.0186
2021-09-22,0.0833,0.0004
2021-09-22,0.25,0.0003
2021-09-22,0.5,0.0005
2021-09-22,1,0.0008
2021-09-22,2,0.0025
2021-09-22,3,0.0048
2021-09-22,5,0.0086
2021-09-22,7,0.0113
2021-09-22,10,0.0132
2021-09-22,20,0.0178
2021-09-22,30,0.0184
2021-09-23,0.0833,0.0005
2021-09-23,0.25,0.0003
2021-09-23,0.5,0.0004
2021-09-23,1,0.0008
2021-09-23,2,0.0027
2021-09-23,3,0.0053
2021-09-23,5,0.0094
2021-09-23,7,0.0122
2021-09-23,10,0.0141
2021-09-23,20,0.0187
2021-09-23,30,0.0192
2021-09-24,0.0833,0.0006
2021-09-24,0.25,0.0003
2021-09-24,0.5,0.0005
2021-09-24,1,0.0008
2021-09-24,2,0.0029
2021-09-24,3,0.0055
2021-09-24,5,0.0097
2021-09-24,7,0.0127
2021-09-24,10,0.0147
2021-09-24,20,0.0194
2021-09-24,30,0.0199
2021-09-27,0.0833,0.0006
2021-09-27,0.25,0.0004
2021-09-27,0.5,0.0005
2021-09-27,1,0.0009
2021-09-27,2,0.0031
2021-09-27,3,0.0056
2021-09-27,5,0.0098
2021-09-27,7,0.013
2021-09-27,10,0.0148
2021-09-27,20,0.0195
2021-09-27,30,0.0199
2021-09-28,0.0833,0.0007
2021-09-28,0.25,0.0004
2021-09-28,0.5,0.0006
2021-09-28,1,0.0009
2021-09-28,2,0.0031
2021-09-28,3,0.0055
2021-09-28,5,0.0102
2021-09-28,7,0.0134
2021-09-28,10,0.0154
2021-09-28,20,0.0202
2021-09-28,30,0.0207
2021-09-29,0.0833,0.0005
2021-09-29,0.25,0.0004
2021-09-29,0.5,0.0005
2021-09-29,1,0.0009
2021-09-29,2,0.003
2021-09-29,3,0.0055
2021-09-29,5,0.0101
2021-09-29,7,0.0134
2021-09-29,10,0.0155
2021-09-29,20,0.0204
2021-09-29,30,0.0209
2021-09-30,0.0833,0.0007
2021-09-30,0.25,0.0004
2021-09-30,0.5,0.0005
2021-09-30,1,0.0009
2021-09-30,2,0.0028
2021-09-30,3,0.0053
2021-09-30,5,0.0098
2021-09-30,7,0.0132
2021-09-30,10,0.0152
2021-09-30,20,0.0202
2021-09-30,30,0.0208
2021-10-01,0.0833,0.0008
2021-10-01,0.25,0.0004
2021-10-01,0.5,0.0005
2021-10-01,1,0.0009
2021-10-01,2,0.0027
2021-10-01,3,0.0049
2021-10-01,5,0.0093
2021-10-01,7,0.0126
2021-10-01,10,0.0148
2021-10-01,20,0.0199
2021-10-01,30,0.0204
2021-10-04,0.0833,0.0009
2021-10-04,0.25,0.0004
2021-10-04,0.5,0.0006
2021-10-04,1,0.0009
2021-10-04,2,0.0027
2021-10-04,3,0.0052
2021-10-04,5,0.0095
2021-10-04,7,0.0127
2021-10-04,10,0.0149
2021-10-04,20,0.0199
2021-10-04,30,0.0205
2021-10-05,0.0833,0.001
2021-10-05,0.25,0.0004
2021-10-05,0.5,0.0006
2021-10-05,1,0.0009
2021-10-05,2,0.0028
2021-10-05,3,0.0054
2021-10-05,5,0.0098
2021-10-05,7,0.0132
2021-10-05,10,0.0154
2021-10-05,20,0.0204
2021-10-05,30,0.021
2021-10-06,0.0833,0.0006
2021-10-06,0.25,0.0004
2021-10-06,0.5,0.0006
2021-10-06,1,0.001
2021-10-06,2,0.003
2021-10-06,3,0.0055
2021-10-06,5,0.0099
2021-10-06,7,0.0132
2021-10-06,10,0.0153
2021-10-06,20,0.0202
2021-10-06,30,0.0208
2021-10-07,0.0833,0.0003
2021-10-07,0.25,0.0005
2021-10-07,0.5,0.0006
2021-10-07,1,0.001
2021-10-07,2,0.0032
2021-10-07,3,0.0057
2021-10-07,5,0.0102
2021-10-07,7,0.0136
2021-10-07,10,0.0158
2021-10-07,20,0.0208
2021-10-07,30,0.0213
2021-10-08,0.0833,0.0002
2021-10-08,0.25,0.0005
2021-10-08,0.5,0.0007
2021-10-08,1,0.0009
2021-10-08,2,0.0032
2021-10-08,3,0.0059
2021-10-08,5,0.0105
2021-10-08,7,0.0139
2021-10-08,10,0.0161
2021-10-08,20,0.0211
2021-10-08,30,0.0216
2021-10-12,0.0833,0.0003
2021-10-12,0.25,0.0006
2021-10-12,0.5,0.0006
2021-10-12,1,0.001
2021-10-12,2,0.0035
2021-10-12,3,0.0064
2021-10-12,5,0.0108
2021-10-12,7,0.0139
2021-10-12,10,0.0159
2021-10-12,20,0.0205
2021-10-12,30,0.021
2021-10-13,0.0833,0.0003
2021-10-13,0.25,0.0005
2021-10-13,0.5,0.0006
2021-10-13,1,0.0011
2021-10-13,2,0.0037
2021-10-13,3,0.0066
2021-10-13,5,0.0109
2021-10-13,7,0.0138
2021-10-13,10,0.0156
2021-10-13,20,0.02
2021-10-13,30,0.0205
2021-10-14,0.0833,0.0005
2021-10-14,0.25,0.0005
2021-10-14,0.5,0.0006
2021-10-14,1,0.001
2021-10-14,2,0.0036
2021-10-14,3,0.0062
2021-10-14,5,0.0105
2021-10-14,7,0.0134
2021-10-14,10,0.0152
2021-10-14,20,0.0197
2021-10-14,30,0.0202
2021-10-15,0.0833,0.0004
2021-10-15,0.25,0.0005
2021-10-15,0.5,0.0006
2021-10-15,1,0.0012
2021-10-15,2,0.0041
2021-10-15,3,0.007
2021-10-15,5,0.0113
2021-10-15,7,0.0142
2021-10-15,10,0.0159
2021-10-15,20,0.0202
2021-10-15,30,0.0205
2021-10-18,0.0833,0.0005
2021-10-18,0.25,0.0006
2021-10-18,0.5,0.0006
2021-10-18,1,0.0011
2021-10-18,2,0.0044
2021-10-18,3,0.0072
2021-10-18,5,0.0116
2021-10-18,7,0.0143
2021-10-18,10,0.0159
2021-10-18,20,0.0199
2021-10-18,30,0.0201
2021-10-19,0.0833,0.0006
2021-10-19,0.25,0.0005
2021-10-19,0.5,0.0006
2021-10-19,1,0.0011
2021-10-19,2,0.0041
2021-10-19,3,0.0071
2021-10-19,5,0.0117
2021-10-19,7,0.0147
2021-10-19,10,0.0165
2021-10-19,20,0.0207
2021-10-19,30,0.0209
2021-10-20,0.0833,0.0006
2021-10-20,0.25,0.0005
2021-10-20,0.5,0.0006
2021-10-20,1,0.001
2021-10-20,2,0.004
2021-10-20,3,0.007
2021-10-20,5,0.0116
2021-10-20,7,0.0146
2021-10-20,10,0.0165
2021-10-20,20,0.0209
2021-10-20,30,0.0212
2021-10-21,0.0833,0.0006
2021-10-21,0.25,0.0006
2021-10-21,0.5,0.0006
2021-10-21,1,0.0012
2021-10-21,2,0.0045
2021-10-21,3,0.0078
2021-10-21,5,0.0123
2021-10-21,7,0.0152
2021-10-21,10,0.0168
2021-10-21,20,0.021
2021-10-21,30,0.0213
2021-10-22,0.0833,0.0005
2021-10-22,0.25,0.0006
2021-10-22,0.5,0.0007
2021-10-22,1,0.0013
2021-10-22,2,0.0048
2021-10-22,3,0.0079
2021-10-22,5,0.0122
2021-10-22,7,0.0149
2021-10-22,10,0.0166
2021-10-22,20,0.0206
2021-10-22,30,0.0208
2021-10-25,0.0833,0.0007
2021-10-25,0.25,0.0006
2021-10-25,0.5,0.0006
2021-10-25,1,0.0014
2021-10-25,2,0.0047
2021-10-25,3,0.0076
2021-10-25,5,0.0119
2021-10-25,7,0.0147
2021-10-25,10,0.0164
2021-10-25,20,0.0207
2021-10-25,30,0.0209
2021-10-26,0.0833,0.0006
2021-10-26,0.25,0.0006
2021-10-26,0.5,0.0006
2021-10-26,1,0.0014
2021-10-26,2,0.0047
2021-10-26,3,0.0077
2021-10-26,5,0.012
2021-10-26,7,0.0146
2021-10-26,10,0.0163
2021-10-26,20,0.0203
2021-10-26,30,0.0205
2021-10-27,0.0833,0.0006
2021-10-27,0.25,0.0006
2021-10-27,0.5,0.0007
2021-10-27,1,0.0012
2021-10-27,2,0.005
2021-10-27,3,0.0077
2021-10-27,5,0.0116
2021-10-27,7,0.0141
2021-10-27,10,0.0154
2021-10-27,20,0.0193
2021-10-27,30,0.0195
2021-10-28,0.0833,0.0006
2021-10-28,0.25,0.0006
2021-10-28,0.5,0.0006
2021-10-28,1,0.0015
2021-10-28,2,0.005
2021-10-28,3,0.0077
2021-10-28,5,0.0118
2021-10-28,7,0.0144
2021-10-28,10,0.0157
2021-10-28,20,0.0198
2021-10-28,30,0.0196
2021-10-29,0.0833,0.0006
2021-10-29,0.25,0.0005
2021-10-29,0.5,0.0007
2021-10-29,1,0.0015
2021-10-29,2,0.0048
2021-10-29,3,0.0075
2021-10-29,5,0.0118
2021-10-29,7,0.0144
2021-10-29,10,0.0155
2021-10-29,20,0.0198
2021-10-29,30,0.0193
2021-11-01,0.0833,0.0005
2021-11-01,0.25,0.0005
2021-11-01,0.5,0.0006
2021-11-01,1,0.0015
2021-11-01,2,0.005
2021-11-01,3,0.0079
2021-11-01,5,0.012
2021-11-01,7,0.0146
2021-11-01,10,0.0158
2021-11-01,20,0.0201
2021-11-01,30,0.0198
2021-11-02,0.0833,0.0005
2021-11-02,0.25,0.0005
2021-11-02,0.5,0.0007
2021-11-02,1,0.0015
2021-11-02,2,0.0046
2021-11-02,3,0.0073
2021-11-02,5,0.0115
2021-11-02,7,0.0142
2021-11-02,10,0.0156
2021-11-02,20,0.0197
2021-11-02,30,0.0196
2021-11-03,0.0833,0.0005
2021-11-03,0.25,0.0005
2021-11-03,0.5,0.0007
2021-11-03,1,0.0017
2021-11-03,2,0.0047
2021-11-03,3,0.0077
2021-11-03,5,0.0119
2021-11-03,7,0.0146
2021-11-03,10,0.016
2021-11-03,20,0.0201
2021-11-03,30,0.02
2021-11-04,0.0833,0.0005
2021-11-04,0.25,0.0004
2021-11-04,0.5,0.0007
2021-11-04,1,0.0014
2021-11-04,2,0.0041
2021-11-04,3,0.0069
2021-11-04,5,0.011
2021-11-04,7,0.0137
2021-11-04,10,0.0153
2021-11-04,20,0.0196
2021-11-04,30,0.0196
2021-11-05,0.0833,0.0005
2021-11-05,0.25,0.0005
2021-11-05,0.5,0.0007
2021-11-05,1,0.0014
2021-11-05,2,0.0039
2021-11-05,3,0.0066
2021-11-05,5,0.0104
2021-11-05,7,0.013
2021-11-05,10,0.0145
2021-11-05,20,0.0188
2021-11-05,30,0.0187
2021-11-08,0.0833,0.0004
2021-11-08,0.25,0.0006
2021-11-08,0.5,0.0007
2021-11-08,1,0.0016
2021-11-08,2,0.0045
2021-11-08,3,0.0075
2021-11-08,5,0.0113
2021-11-08,7,0.0138
2021-11-08,10,0.0151
2021-11-08,20,0.0191
2021-11-08,30,0.0189
2021-11-09,0.0833,0.0004
2021-11-09,0.25,0.0004
2021-11-09,0.5,0.0006
2021-11-09,1,0.0014
2021-11-09,2,0.0041
2021-11-09,3,0.0071
2021-11-09,5,0.0108
2021-11-09,7,0.0132
2021-11-09,10,0.0146
2021-11-09,20,0.0186
2021-11-09,30,0.0183
2021-11-10,0.0833,0.0006
2021-11-10,0.25,0.0005
2021-11-10,0.5,0.0007
2021-11-10,1,0.0017
2021-11-10,2,0.0051
2021-11-10,3,0.0083
2021-11-10,5,0.0123
2021-11-10,7,0.0145
2021-11-10,10,0.0156
2021-11-10,20,0.0196
2021-11-10,30,0.0192
2021-11-12,0.0833,0.0005
2021-11-12,0.25,0.0005
2021-11-12,0.5,0.0007
2021-11-12,1,0.0017
2021-11-12,2,0.0053
2021-11-12,3,0.0085
2021-11-12,5,0.0124
2021-11-12,7,0.0147
2021-11-12,10,0.0158
2021-11-12,20,0.0199
2021-11-12,30,0.0195
2021-11-15,0.0833,0.0006
2021-11-15,0.25,0.0005
2021-11-15,0.5,0.0006
2021-11-15,1,0.0018
2021-11-15,2,0.0053
2021-11-15,3,0.0087
2021-11-15,5,0.0126
2021-11-15,7,0.0151
2021-11-15,10,0.0163
2021-11-15,20,0.0205
2021-11-15,30,0.0201
2021-11-16,0.0833,0.0006
2021-11-16,0.25,0.0005
2021-11-16,0.5,0.0007
2021-11-16,1,0.0017
2021-11-16,2,0.0054
2021-11-16,3,0.0087
2021-11-16,5,0.0127
2021-11-16,7,0.0152
2021-11-16,10,0.0163
2021-11-16,20,0.0206
2021-11-16,30,0.0202
2021-11-17,0.0833,0.0006
2021-11-17,0.25,0.0005
2021-11-17,0.5,0.0006
2021-11-17,1,0.0018
2021-11-17,2,0.0052
2021-11-17,3,0.0085
2021-11-17,5,0.0124
2021-11-17,7,0.0149
2021-11-17,10,0.016
2021-11-17,20,0.0204
2021-11-17,30,0.02
2021-11-18,0.0833,0.0012
2021-11-18,0.25,0.0005
2021-11-18,0.5,0.0006
2021-11-18,1,0.0018
2021-11-18,2,0.0052
2021-11-18,3,0.0084
2021-11-18,5,0.0122
2021-11-18,7,0.0147
2021-11-18,10,0.0159
2021-11-18,20,0.0201
2021-11-18,30,0.0197
2021-11-19,0.0833,0.0011
2021-11-19,0.25,0.0005
2021-11-19,0.5,0.0006
2021-11-19,1,0.0018
2021-11-19,2,0.0052
2021-11-19,3,0.0086
2021-11-19,5,0.0122
2021-11-19,7,0.0145
2021-11-19,10,0.0154
2021-11-19,20,0.0195
2021-11-19,30,0.0191
2021-11-22,0.0833,0.0007
2021-11-22,0.25,0.0005
2021-11-22,0.5,0.0007
2021-11-22,1,0.002
2021-11-22,2,0.0063
2021-11-22,3,0.0095
2021-11-22,5,0.0133
2021-11-22,7,0.0155
2021-11-22,10,0.0163
2021-11-22,20,0.0203
2021-11-22,30,0.0198
2021-11-23,0.0833,0.0006
2021-11-23,0.25,0.0006
2021-11-23,0.5,0.0007
2021-11-23,1,0.0021
2021-11-23,2,0.006
2021-11-23,3,0.0095
2021-11-23,5,0.0133
2021-11-23,7,0.0158
2021-11-23,10,0.0167
2021-11-23,20,0.0208
2021-11-23,30,0.0202
2021-11-24,0.0833,0.0014
2021-11-24,0.25,0.0006
2021-11-24,0.5,0.001
2021-11-24,1,0.0024
2021-11-24,2,0.0064
2021-11-24,3,0.0097
2021-11-24,5,0.0134
2021-11-24,7,0.0158
2021-11-24,10,0.0164
2021-11-24,20,0.0203
2021-11-24,30,0.0196
2021-11-26,0.0833,0.0011
2021-11-26,0.25,0.0006
2021-11-26,0.5,0.001
2021-11-26,1,0.002
2021-11-26,2,0.005
2021-11-26,3,0.0081
2021-11-26,5,0.0116
2021-11-26,7,0.014
2021-11-26,10,0.0148
2021-11-26,20,0.0189
2021-11-26,30,0.0183
2021-11-29,0.0833,0.0007
2021-11-29,0.25,0.0006
2021-11-29,0.5,0.001
2021-11-29,1,0.0021
2021-11-29,2,0.0051
2021-11-29,3,0.0083
2021-11-29,5,0.0118
2021-11-29,7,0.0142
2021-11-29,10,0.0152
2021-11-29,20,0.0193
2021-11-29,30,0.0187
2021-11-30,0.0833,0.0011
2021-11-30,0.25,0.0005
2021-11-30,0.5,0.001
2021-11-30,1,0.0024
2021-11-30,2,0.0052
2021-11-30,3,0.0081
2021-11-30,5,0.0114
2021-11-30,7,0.0136
2021-11-30,10,0.0143
2021-11-30,20,0.0185
2021-11-30,30,0.0178
2021-12-01,0.0833,0.0009
2021-12-01,0.25,0.0006
2021-12-01,0.5,0.001
2021-12-01,1,0.0025
2021-12-01,2,0.0056
2021-12-01,3,0.0085
2021-12-01,5,0.0115
2021-12-01,7,0.0135
2021-12-01,10,0.0143
2021-12-01,20,0.0184
2021-12-01,30,0.0177
2021-12-02,0.0833,0.0005
2021-12-02,0.25,0.0005
2021-12-02,0.5,0.0009
2021-12-02,1,0.0027
2021-12-02,2,0.0063
2021-12-02,3,0.009
2021-12-02,5,0.0121
2021-12-02,7,0.0138
2021-12-02,10,0.0144
2021-12-02,20,0.0187
2021-12-02,30,0.0176
2021-12-03,0.0833,0.0004
2021-12-03,0.25,0.0006
2021-12-03,0.5,0.0009
2021-12-03,1,0.0026
2021-12-03,2,0.006
2021-12-03,3,0.0086
2021-12-03,5,0.0113
2021-12-03,7,0.0129
2021-12-03,10,0.0135
2021-12-03,20,0.0177
2021-12-03,30,0.0169
2021-12-06,0.0833,0.0005
2021-12-06,0.25,0.0005
2021-12-06,0.5,0.0012
2021-12-06,1,0.0028
2021-12-06,2,0.0065
2021-12-06,3,0.0091
2021-12-06,5,0.0121
2021-12-06,7,0.0138
2021-12-06,10,0.0143
2021-12-06,20,0.0184
2021-12-06,30,0.0175
2021-12-07,0.0833,0.0005
2021-12-07,0.25,0.0006
2021-12-07,0.5,0.0015
2021-12-07,1,0.0031
2021-12-07,2,0.007
2021-12-07,3,0.0099
2021-12-07,5,0.0126
2021-12-07,7,0.0143
2021-12-07,10,0.0148
2021-12-07,20,0.0188
2021-12-07,30,0.018
2021-12-08,0.0833,0.0004
2021-12-08,0.25,0.0007
2021-12-08,0.5,0.0013
2021-12-08,1,0.0029
2021-12-08,2,0.0068
2021-12-08,3,0.0099
2021-12-08,5,0.0127
2021-12-08,7,0.0144
2021-12-08,10,0.0152
2021-12-08,20,0.0193
2021-12-08,30,0.0187
2021-12-09,0.0833,0.0003
2021-12-09,0.25,0.0006
2021-12-09,0.5,0.0012
2021-12-09,1,0.0028
2021-12-09,2,0.007
2021-12-09,3,0.0099
2021-12-09,5,0.0126
2021-12-09,7,0.0142
2021-12-09,10,0.0149
2021-12-09,20,0.0191
2021-12-09,30,0.0187
2021-12-10,0.0833,0.0003
2021-12-10,0.25,0.0006
2021-12-10,0.5,0.0013
2021-12-10,1,0.0027
2021-12-10,2,0.0067
2021-12-10,3,0.0098
2021-12-10,5,0.0125
2021-12-10,7,0.0142
2021-12-10,10,0.0148
2021-12-10,20,0.0191
2021-12-10,30,0.0188
2021-12-13,0.0833,0.0001
2021-12-13,0.25,0.0005
2021-12-13,0.5,0.0011
2021-12-13,1,0.0027
2021-12-13,2,0.0066
2021-12-13,3,0.0095
2021-12-13,5,0.0121
2021-12-13,7,0.0137
2021-12-13,10,0.0142
2021-12-13,20,0.0186
2021-12-13,30,0.0181
2021-12-14,0.0833,0.0002
2021-12-14,0.25,0.0005
2021-12-14,0.5,0.0013
2021-12-14,1,0.0026
2021-12-14,2,0.0067
2021-12-14,3,0.0098
2021-12-14,5,0.0123
2021-12-14,7,0.0139
2021-12-14,10,0.0144
2021-12-14,20,0.0187
2021-12-14,30,0.0182
2021-12-15,0.0833,0.0003
2021-12-15,0.25,0.0005
2021-12-15,0.5,0.0013
2021-12-15,1,0.0029
2021-12-15,2,0.0069
2021-12-15,3,0.01
2021-12-15,5,0.0126
2021-12-15,7,0.0142
2021-12-15,10,0.0147
2021-12-15,20,0.0191
2021-12-15,30,0.0186
2021-12-16,0.0833,0.0004
2021-12-16,0.25,0.0005
2021-12-16,0.5,0.0013
2021-12-16,1,0.0026
2021-12-16,2,0.0064
2021-12-16,3,0.0092
2021-12-16,5,0.0119
2021-12-16,7,0.0136
2021-12-16,10,0.0144
2021-12-16,20,0.0191
2021-12-16,30,0.0187
2021-12-17,0.0833,0.0003
2021-12-17,0.25,0.0005
2021-12-17,0.5,0.0013
2021-12-17,1,0.0027
2021-12-17,2,0.0066
2021-12-17,3,0.0093
2021-12-17,5,0.0118
2021-12-17,7,0.0134
2021-12-17,10,0.0141
2021-12-17,20,0.0187
2021-12-17,30,0.0182
2021-12-20,0.0833,0.0003
2021-12-20,0.25,0.0007
2021-12-20,0.5,0.0016
2021-12-20,1,0.0027
2021-12-20,2,0.0065
2021-12-20,3,0.0091
2021-12-20,5,0.0117
2021-12-20,7,0.0134
2021-12-20,10,0.0143
2021-12-20,20,0.019
2021-12-20,30,0.0185
2021-12-21,0.0833,0.0003
2021-12-21,0.25,0.0007
2021-12-21,0.5,0.0016
2021-12-21,1,0.0029
2021-12-21,2,0.007
2021-12-21,3,0.0096
2021-12-21,5,0.0124
2021-12-21,7,0.014
2021-12-21,10,0.0148
2021-12-21,20,0.0192
2021-12-21,30,0.0189
2021-12-22,0.0833,0.0003
2021-12-22,0.25,0.0008
2021-12-22,0.5,0.0016
2021-12-22,1,0.0028
2021-12-22,2,0.0068
2021-12-22,3,0.0096
2021-12-22,5,0.0123
2021-12-22,7,0.0139
2021-12-22,10,0.0146
2021-12-22,20,0.0189
2021-12-22,30,0.0186
2021-12-23,0.0833,0.0004
2021-12-23,0.25,0.0007
2021-12-23,0.5,0.0018
2021-12-23,1,0.0031
2021-12-23,2,0.0071
2021-12-23,3,0.0097
2021-12-23,5,0.0125
2021-12-23,7,0.0142
2021-12-23,10,0.015
2021-12-23,20,0.0194
2021-12-23,30,0.0191
2021-12-27,0.0833,0.0004
2021-12-27,0.25,0.0006
2021-12-27,0.5,0.0021
2021-12-27,1,0.0033
2021-12-27,2,0.0076
2021-12-27,3,0.0098
2021-12-27,5,0.0126
2021-12-27,7,0.0141
2021-12-27,10,0.0148
2021-12-27,20,0.0192
2021-12-27,30,0.0188
2021-12-28,0.0833,0.0003
2021-12-28,0.25,0.0006
2021-12-28,0.5,0.002
2021-12-28,1,0.0039
2021-12-28,2,0.0074
2021-12-28,3,0.0099
2021-12-28,5,0.0127
2021-12-28,7,0.0141
2021-12-28,10,0.0149
2021-12-28,20,0.0194
2021-12-28,30,0.019
2021-12-29,0.0833,0.0001
2021-12-29,0.25,0.0005
2021-12-29,0.5,0.0019
2021-12-29,1,0.0038
2021-12-29,2,0.0075
2021-12-29,3,0.0099
2021-12-29,5,0.0129
2021-12-29,7,0.0147
2021-12-29,10,0.0155
2021-12-29,20,0.02
2021-12-29,30,0.0196
2021-12-30,0.0833,0.0006
2021-12-30,0.25,0.0005
2021-12-30,0.5,0.0019
2021-12-30,1,0.0038
2021-12-30,2,0.0073
2021-12-30,3,0.0098
2021-12-30,5,0.0127
2021-12-30,7,0.0144
2021-12-30,10,0.0152
2021-12-30,20,0.0197
2021-12-30,30,0.0193
2021-12-31,0.0833,0.0006
2021-12-31,0.25,0.0006
2021-12-31,0.5,0.0019
2021-12-31,1,0.0039
2021-12-31,2,0.0073
2021-12-31,3,0.0097
2021-12-31,5,0.0126
2021-12-31,7,0.0144
2021-12-31,10,0.0152
2021-12-31,20,0.0194
2021-12-31,30,0.019
2022-01-03,0.0833,0.0005
2022-01-03,0.25,0.0008
2022-01-03,0.5,0.0022
2022-01-03,1,0.004
2022-01-03,2,0.0078
2022-01-03,3,0.0104
2022-01-03,5,0.0137
2022-01-03,7,0.0155
2022-01-03,10,0.0163
2022-01-03,20,0.0205
2022-01-03,30,0.0201
2022-01-04,0.0833,0.0006
2022-01-04,0.25,0.0008
2022-01-04,0.5,0.0022
2022-01-04,1,0.0038
2022-01-04,2,0.0077
2022-01-04,3,0.0102
2022-01-04,5,0.0137
2022-01-04,7,0.0157
2022-01-04,10,0.0166
2022-01-04,20,0.021
2022-01-04,30,0.0207
2022-01-05,0.0833,0.0005
2022-01-05,0.25,0.0009
2022-01-05,0.5,0.0022
2022-01-05,1,0.0041
2022-01-05,2,0.0083
2022-01-05,3,0.011
2022-01-05,5,0.0143
2022-01-05,7,0.0162
2022-01-05,10,0.0171
2022-01-05,20,0.0212
2022-01-05,30,0.0209
2022-01-06,0.0833,0.0004
2022-01-06,0.25,0.001
2022-01-06,0.5,0.0023
2022-01-06,1,0.0045
2022-01-06,2,0.0088
2022-01-06,3,0.0115
2022-01-06,5,0.0147
2022-01-06,7,0.0166
2022-01-06,10,0.0173
2022-01-06,20,0.0212
2022-01-06,30,0.0209
2022-01-07,0.0833,0.0005
2022-01-07,0.25,0.001
2022-01-07,0.5,0.0024
2022-01-07,1,0.0043
2022-01-07,2,0.0087
2022-01-07,3,0.0117
2022-01-07,5,0.015
2022-01-07,7,0.0169
2022-01-07,10,0.0176
2022-01-07,20,0.0215
2022-01-07,30,0.0211
2022-01-10,0.0833,0.0005
2022-01-10,0.25,0.0013
2022-01-10,0.5,0.0028
2022-01-10,1,0.0046
2022-01-10,2,0.0092
2022-01-10,3,0.0121
2022-01-10,5,0.0153
2022-01-10,7,0.0171
2022-01-10,10,0.0178
2022-01-10,20,0.0215
2022-01-10,30,0.0211
2022-01-11,0.0833,0.0004
2022-01-11,0.25,0.0011
2022-01-11,0.5,0.0028
2022-01-11,1,0.0046
2022-01-11,2,0.009
2022-01-11,3,0.0122
2022-01-11,5,0.0151
2022-01-11,7,0.0169
2022-01-11,10,0.0175
2022-01-11,20,0.0213
2022-01-11,30,0.0208
2022-01-12,0.0833,0.0004
2022-01-12,0.25,0.0012
2022-01-12,0.5,0.0027
2022-01-12,1,0.0048
2022-01-12,2,0.0092
2022-01-12,3,0.0121
2022-01-12,5,0.015
2022-01-12,7,0.0167
2022-01-12,10,0.0174
2022-01-12,20,0.0213
2022-01-12,30,0.0208
2022-01-13,0.0833,0.0005
2022-01-13,0.25,0.0012
2022-01-13,0.5,0.0028
2022-01-13,1,0.0047
2022-01-13,2,0.0091
2022-01-13,3,0.0118
2022-01-13,5,0.0147
2022-01-13,7,0.0164
2022-01-13,10,0.017
2022-01-13,20,0.021
2022-01-13,30,0.0205
2022-01-14,0.0833,0.0005
2022-01-14,0.25,0.0013
2022-01-14,0.5,0.003
2022-01-14,1,0.0051
2022-01-14,2,0.0099
2022-01-14,3,0.0126
2022-01-14,5,0.0155
2022-01-14,7,0.0172
2022-01-14,10,0.0178
2022-01-14,20,0.0218
2022-01-14,30,0.0212
2022-01-18,0.0833,0.0005
2022-01-18,0.25,0.0016
2022-01-18,0.5,0.0037
2022-01-18,1,0.0058
2022-01-18,2,0.0106
2022-01-18,3,0.0135
2022-01-18,5,0.0165
2022-01-18,7,0.0182
2022-01-18,10,0.0187
2022-01-18,20,0.0224
2022-01-18,30,0.0218
2022-01-19,0.0833,0.0005
2022-01-19,0.25,0.0017
2022-01-19,0.5,0.0036
2022-01-19,1,0.0057
2022-01-19,2,0.0104
2022-01-19,3,0.0133
2022-01-19,5,0.0162
2022-01-19,7,0.0178
2022-01-19,10,0.0183
2022-01-19,20,0.022
2022-01-19,30,0.0214
2022-01-20,0.0833,0.0005
2022-01-20,0.25,0.0017
2022-01-20,0.5,0.0036
2022-01-20,1,0.006
2022-01-20,2,0.0108
2022-01-20,3,0.0134
2022-01-20,5,0.0162
2022-01-20,7,0.0177
2022-01-20,10,0.0183
2022-01-20,20,0.0219
2022-01-20,30,0.0214
2022-01-21,0.0833,0.0005
2022-01-21,0.25,0.0017
2022-01-21,0.5,0.0035
2022-01-21,1,0.0058
2022-01-21,2,0.0101
2022-01-21,3,0.0128
2022-01-21,5,0.0154
2022-01-21,7,0.017
2022-01-21,10,0.0175
2022-01-21,20,0.0213
2022-01-21,30,0.0207
2022-01-24,0.0833,0.0005
2022-01-24,0.25,0.0019
2022-01-24,0.5,0.0039
2022-01-24,1,0.0058
2022-01-24,2,0.0099
2022-01-24,3,0.0125
2022-01-24,5,0.0153
2022-01-24,7,0.0169
2022-01-24,10,0.0175
2022-01-24,20,0.0215
2022-01-24,30,0.021
2022-01-25,0.0833,0.0005
2022-01-25,0.25,0.0019
2022-01-25,0.5,0.0039
2022-01-25,1,0.0065
2022-01-25,2,0.0102
2022-01-25,3,0.0128
2022-01-25,5,0.0156
2022-01-25,7,0.0173
2022-01-25,10,0.0178
2022-01-25,20,0.0218
2022-01-25,30,0.0212
2022-01-26,0.0833,0.0006
2022-01-26,0.25,0.0019
2022-01-26,0.5,0.004
2022-01-26,1,0.007
2022-01-26,2,0.0113
2022-01-26,3,0.0139
2022-01-26,5,0.0166
2022-01-26,7,0.0181
2022-01-26,10,0.0185
2022-01-26,20,0.0222
2022-01-26,30,0.0216
2022-01-27,0.0833,0.0004
2022-01-27,0.25,0.002
2022-01-27,0.5,0.0043
2022-01-27,1,0.0075
2022-01-27,2,0.0118
2022-01-27,3,0.0143
2022-01-27,5,0.0166
2022-01-27,7,0.0178
2022-01-27,10,0.0181
2022-01-27,20,0.0217
2022-01-27,30,0.0209
2022-01-28,0.0833,0.0004
2022-01-28,0.25,0.0019
2022-01-28,0.5,0.0043
2022-01-28,1,0.0075
2022-01-28,2,0.0115
2022-01-28,3,0.0138
2022-01-28,5,0.0161
2022-01-28,7,0.0174
2022-01-28,10,0.0178
2022-01-28,20,0.0214
2022-01-28,30,0.0207
2022-01-31,0.0833,0.0003
2022-01-31,0.25,0.0022
2022-01-31,0.5,0.0049
2022-01-31,1,0.0078
2022-01-31,2,0.0118
2022-01-31,3,0.0139
2022-01-31,5,0.0162
2022-01-31,7,0.0175
2022-01-31,10,0.0179
2022-01-31,20,0.0217
2022-01-31,30,0.0211
2022-02-01,0.0833,0.0004
2022-02-01,0.25,0.0019
2022-02-01,0.5,0.0048
2022-02-01,1,0.0078
2022-02-01,2,0.0118
2022-02-01,3,0.0139
2022-02-01,5,0.0163
2022-02-01,7,0.0176
2022-02-01,10,0.0181
2022-02-01,20,0.0219
2022-02-01,30,0.0212
2022-02-02,0.0833,0.0004
2022-02-02,0.25,0.0019
2022-02-02,0.5,0.0045
2022-02-02,1,0.0076
2022-02-02,2,0.0116
2022-02-02,3,0.0138
2022-02-02,5,0.016
2022-02-02,7,0.0174
2022-02-02,10,0.0178
2022-02-02,20,0.0217
2022-02-02,30,0.0211
2022-02-03,0.0833,0.0003
2022-02-03,0.25,0.002
2022-02-03,0.5,0.0048
2022-02-03,1,0.0078
2022-02-03,2,0.0119
2022-02-03,3,0.0142
2022-02-03,5,0.0166
2022-02-03,7,0.0178
2022-02-03,10,0.0182
2022-02-03,20,0.022
2022-02-03,30,0.0214
2022-02-04,0.0833,0.0005
2022-02-04,0.25,0.0023
2022-02-04,0.5,0.0056
2022-02-04,1,0.0089
2022-02-04,2,0.0131
2022-02-04,3,0.0155
2022-02-04,5,0.0178
2022-02-04,7,0.019
2022-02-04,10,0.0193
2022-02-04,20,0.0229
2022-02-04,30,0.0223
2022-02-07,0.0833,0.0003
2022-02-07,0.25,0.0027
2022-02-07,0.5,0.0058
2022-02-07,1,0.0088
2022-02-07,2,0.013
2022-02-07,3,0.0154
2022-02-07,5,0.0176
2022-02-07,7,0.0188
2022-02-07,10,0.0192
2022-02-07,20,0.0228
2022-02-07,30,0.0222
2022-02-08,0.0833,0.0003
2022-02-08,0.25,0.0025
2022-02-08,0.5,0.0059
2022-02-08,1,0.0091
2022-02-08,2,0.0135
2022-02-08,3,0.0159
2022-02-08,5,0.0181
2022-02-08,7,0.0193
2022-02-08,10,0.0196
2022-02-08,20,0.0231
2022-02-08,30,0.0225
2022-02-09,0.0833,0.0004
2022-02-09,0.25,0.0026
2022-02-09,0.5,0.0057
2022-02-09,1,0.0091
2022-02-09,2,0.0136
2022-02-09,3,0.0161
2022-02-09,5,0.0182
2022-02-09,7,0.0192
2022-02-09,10,0.0194
2022-02-09,20,0.0231
2022-02-09,30,0.0225
2022-02-10,0.0833,0.0005
2022-02-10,0.25,0.004
2022-02-10,0.5,0.0074
2022-02-10,1,0.0114
2022-02-10,2,0.0161
2022-02-10,3,0.0182
2022-02-10,5,0.0196
2022-02-10,7,0.0203
2022-02-10,10,0.0203
2022-02-10,20,0.0237
2022-02-10,30,0.023
2022-02-11,0.0833,0.0003
2022-02-11,0.25,0.0036
2022-02-11,0.5,0.0071
2022-02-11,1,0.0107
2022-02-11,2,0.015
2022-02-11,3,0.0171
2022-02-11,5,0.0184
2022-02-11,7,0.0192
2022-02-11,10,0.0192
2022-02-11,20,0.023
2022-02-11,30,0.0224
2022-02-14,0.0833,0.0003
2022-02-14,0.25,0.0043
2022-02-14,0.5,0.0076
2022-02-14,1,0.0113
2022-02-14,2,0.0158
2022-02-14,3,0.018
2022-02-14,5,0.019
2022-02-14,7,0.0198
2022-02-14,10,0.0198
2022-02-14,20,0.0235
2022-02-14,30,0.0229
2022-02-15,0.0833,0.0002
2022-02-15,0.25,0.004
2022-02-15,0.5,0.0072
2022-02-15,1,0.0111
2022-02-15,2,0.0158
2022-02-15,3,0.018
2022-02-15,5,0.0194
2022-02-15,7,0.0203
2022-02-15,10,0.0205
2022-02-15,20,0.0242
2022-02-15,30,0.0237
2022-02-16,0.0833,0.0003
2022-02-16,0.25,0.0038
2022-02-16,0.5,0.0067
2022-02-16,1,0.0109
2022-02-16,2,0.0152
2022-02-16,3,0.0175
2022-02-16,5,0.019
2022-02-16,7,0.02
2022-02-16,10,0.0203
2022-02-16,20,0.0239
2022-02-16,30,0.0234
2022-02-17,0.0833,0.0006
2022-02-17,0.25,0.0036
2022-02-17,0.5,0.0065
2022-02-17,1,0.0105
2022-02-17,2,0.0149
2022-02-17,3,0.017
2022-02-17,5,0.0185
2022-02-17,7,0.0194
2022-02-17,10,0.0197
2022-02-17,20,0.0235
2022-02-17,30,0.0231
2022-02-18,0.0833,0.0003
2022-02-18,0.25,0.0035
2022-02-18,0.5,0.0065
2022-02-18,1,0.0103
2022-02-18,2,0.0147
2022-02-18,3,0.0168
2022-02-18,5,0.0182
2022-02-18,7,0.019
2022-02-18,10,0.0192
2022-02-18,20,0.023
2022-02-18,30,0.0224
2022-02-22,0.0833,0.0003
2022-02-22,0.25,0.0037
2022-02-22,0.5,0.0073
2022-02-22,1,0.0117
2022-02-22,2,0.0156
2022-02-22,3,0.0174
2022-02-22,5,0.0185
2022-02-22,7,0.0193
2022-02-22,10,0.0194
2022-02-22,20,0.0231
2022-02-22,30,0.0224
2022-02-23,0.0833,0.0002
2022-02-23,0.25,0.0034
2022-02-23,0.5,0.0074
2022-02-23,1,0.0116
2022-02-23,2,0.0158
2022-02-23,3,0.0178
2022-02-23,5,0.0189
2022-02-23,7,0.0198
2022-02-23,10,0.0199
2022-02-23,20,0.0236
2022-02-23,30,0.0229
2022-02-24,0.0833,0.0005
2022-02-24,0.25,0.0032
2022-02-24,0.5,0.0065
2022-02-24,1,0.0108
2022-02-24,2,0.0154
2022-02-24,3,0.0173
2022-02-24,5,0.0184
2022-02-24,7,0.0194
2022-02-24,10,0.0196
2022-02-24,20,0.0236
2022-02-24,30,0.0228
2022-02-25,0.0833,0.0003
2022-02-25,0.25,0.0033
2022-02-25,0.5,0.0071
2022-02-25,1,0.0113
2022-02-25,2,0.0155
2022-02-25,3,0.0176
2022-02-25,5,0.0186
2022-02-25,7,0.0196
2022-02-25,10,0.0197
2022-02-25,20,0.0237
2022-02-25,30,0.0229
2022-02-28,0.0833,0.0006
2022-02-28,0.25,0.0035
2022-02-28,0.5,0.0069
2022-02-28,1,0.0101
2022-02-28,2,0.0144
2022-02-28,3,0.0162
2022-02-28,5,0.0171
2022-02-28,7,0.0181
2022-02-28,10,0.0183
2022-02-28,20,0.0225
2022-02-28,30,0.0217
2022-03-01,0.0833,0.0011
2022-03-01,0.25,0.0032
2022-03-01,0.5,0.006
2022-03-01,1,0.0091
2022-03-01,2,0.0131
2022-03-01,3,0.0147
2022-03-01,5,0.0156
2022-03-01,7,0.0167
2022-03-01,10,0.0172
2022-03-01,20,0.0219
2022-03-01,30,0.0211
2022-03-02,0.0833,0.0013
2022-03-02,0.25,0.0034
2022-03-02,0.5,0.0068
2022-03-02,1,0.0106
2022-03-02,2,0.015
2022-03-02,3,0.0167
2022-03-02,5,0.0174
2022-03-02,7,0.0183
2022-03-02,10,0.0186
2022-03-02,20,0.0232
2022-03-02,30,0.0224
2022-03-03,0.0833,0.0019
2022-03-03,0.25,0.0038
2022-03-03,0.5,0.0069
2022-03-03,1,0.0108
2022-03-03,2,0.0153
2022-03-03,3,0.0169
2022-03-03,5,0.0174
2022-03-03,7,0.0182
2022-03-03,10,0.0186
2022-03-03,20,0.0232
2022-03-03,30,0.0224
2022-03-04,0.0833,0.0015
2022-03-04,0.25,0.0034
2022-03-04,0.5,0.0069
2022-03-04,1,0.0105
2022-03-04,2,0.015
2022-03-04,3,0.0162
2022-03-04,5,0.0165
2022-03-04,7,0.017
2022-03-04,10,0.0174
2022-03-04,20,0.0223
2022-03-04,30,0.0216
2022-03-07,0.0833,0.0017
2022-03-07,0.25,0.0038
2022-03-07,0.5,0.0075
2022-03-07,1,0.0107
2022-03-07,2,0.0155
2022-03-07,3,0.0168
2022-03-07,5,0.0171
2022-03-07,7,0.0177
2022-03-07,10,0.0178
2022-03-07,20,0.0229
2022-03-07,30,0.0219
2022-03-08,0.0833,0.0016
2022-03-08,0.25,0.0036
2022-03-08,0.5,0.0072
2022-03-08,1,0.0112
2022-03-08,2,0.0163
2022-03-08,3,0.0178
2022-03-08,5,0.018
2022-03-08,7,0.0185
2022-03-08,10,0.0186
2022-03-08,20,0.0234
2022-03-08,30,0.0224
2022-03-09,0.0833,0.0018
2022-03-09,0.25,0.0038
2022-03-09,0.5,0.0075
2022-03-09,1,0.0115
2022-03-09,2,0.0168
2022-03-09,3,0.0183
2022-03-09,5,0.0187
2022-03-09,7,0.0192
2022-03-09,10,0.0194
2022-03-09,20,0.0238
2022-03-09,30,0.0229
2022-03-10,0.0833,0.0019
2022-03-10,0.25,0.0039
2022-03-10,0.5,0.0075
2022-03-10,1,0.0119
2022-03-10,2,0.0172
2022-03-10,3,0.0188
2022-03-10,5,0.0192
2022-03-10,7,0.0198
2022-03-10,10,0.0198
2022-03-10,20,0.0245
2022-03-10,30,0.0238
2022-03-11,0.0833,0.0017
2022-03-11,0.25,0.004
2022-03-11,0.5,0.0078
2022-03-11,1,0.0122
2022-03-11,2,0.0175
2022-03-11,3,0.0191
2022-03-11,5,0.0196
2022-03-11,7,0.0201
2022-03-11,10,0.02
2022-03-11,20,0.0245
2022-03-11,30,0.0236
2022-03-14,0.0833,0.0023
2022-03-14,0.25,0.0045
2022-03-14,0.5,0.0086
2022-03-14,1,0.0128
2022-03-14,2,0.0187
2022-03-14,3,0.0204
2022-03-14,5,0.021
2022-03-14,7,0.0216
2022-03-14,10,0.0214
2022-03-14,20,0.0256
2022-03-14,30,0.0247
2022-03-15,0.0833,0.0022
2022-03-15,0.25,0.0046
2022-03-15,0.5,0.0086
2022-03-15,1,0.0128
2022-03-15,2,0.0185
2022-03-15,3,0.0204
2022-03-15,5,0.021
2022-03-15,7,0.0216
2022-03-15,10,0.0215
2022-03-15,20,0.0257
2022-03-15,30,0.0249
2022-03-16,0.0833,0.0024
2022-03-16,0.25,0.0044
2022-03-16,0.5,0.0086
2022-03-16,1,0.0135
2022-03-16,2,0.0195
2022-03-16,3,0.0214
2022-03-16,5,0.0218
2022-03-16,7,0.0222
2022-03-16,10,0.0219
2022-03-16,20,0.0256
2022-03-16,30,0.0246
2022-03-17,0.0833,0.002
2022-03-17,0.25,0.004
2022-03-17,0.5,0.0081
2022-03-17,1,0.013
2022-03-17,2,0.0194
2022-03-17,3,0.0214
2022-03-17,5,0.0217
2022-03-17,7,0.0222
2022-03-17,10,0.022
2022-03-17,20,0.026
2022-03-17,30,0.025
2022-03-18,0.0833,0.0019
2022-03-18,0.25,0.0042
2022-03-18,0.5,0.0083
2022-03-18,1,0.0129
2022-03-18,2,0.0197
2022-03-18,3,0.0215
2022-03-18,5,0.0214
2022-03-18,7,0.0217
2022-03-18,10,0.0214
2022-03-18,20,0.0253
2022-03-18,30,0.0242
2022-03-21,0.0833,0.0022
2022-03-21,0.25,0.0054
2022-03-21,0.5,0.0095
2022-03-21,1,0.014
2022-03-21,2,0.0214
2022-03-21,3,0.0234
2022-03-21,5,0.0233
2022-03-21,7,0.0236
2022-03-21,10,0.0232
2022-03-21,20,0.0267
2022-03-21,30,0.0255
2022-03-22,0.0833,0.002
2022-03-22,0.25,0.0051
2022-03-22,0.5,0.0096
2022-03-22,1,0.0159
2022-03-22,2,0.0218
2022-03-22,3,0.0238
2022-03-22,5,0.0239
2022-03-22,7,0.0242
2022-03-22,10,0.0238
2022-03-22,20,0.0271
2022-03-22,30,0.026
2022-03-23,0.0833,0.0015
2022-03-23,0.25,0.005
2022-03-23,0.5,0.0093
2022-03-23,1,0.0152
2022-03-23,2,0.0213
2022-03-23,3,0.0232
2022-03-23,5,0.0234
2022-03-23,7,0.0237
2022-03-23,10,0.0232
2022-03-23,20,0.0265
2022-03-23,30,0.0252
2022-03-24,0.0833,0.0016
2022-03-24,0.25,0.0052
2022-03-24,0.5,0.0096
2022-03-24,1,0.0155
2022-03-24,2,0.0213
2022-03-24,3,0.0235
2022-03-24,5,0.0237
2022-03-24,7,0.0239
2022-03-24,10,0.0234
2022-03-24,20,0.0263
2022-03-24,30,0.0251
2022-03-25,0.0833,0.0017
2022-03-25,0.25,0.0055
2022-03-25,0.5,0.0101
2022-03-25,1,0.0167
2022-03-25,2,0.023
2022-03-25,3,0.0251
2022-03-25,5,0.0255
2022-03-25,7,0.0256
2022-03-25,10,0.0248
2022-03-25,20,0.0274
2022-03-25,30,0.026
2022-03-28,0.0833,0.0019
2022-03-28,0.25,0.0059
2022-03-28,0.5,0.0108
2022-03-28,1,0.0169
2022-03-28,2,0.0235
2022-03-28,3,0.0255
2022-03-28,5,0.0254
2022-03-28,7,0.0255
2022-03-28,10,0.0246
2022-03-28,20,0.0272
2022-03-28,30,0.0257
2022-03-29,0.0833,0.0018
2022-03-29,0.25,0.0055
2022-03-29,0.5,0.0106
2022-03-29,1,0.0167
2022-03-29,2,0.0235
2022-03-29,3,0.0254
2022-03-29,5,0.0249
2022-03-29,7,0.025
2022-03-29,10,0.0241
2022-03-29,20,0.0268
2022-03-29,30,0.0253
2022-03-30,0.0833,0.0016
2022-03-30,0.25,0.0055
2022-03-30,0.5,0.0104
2022-03-30,1,0.0164
2022-03-30,2,0.0231
2022-03-30,3,0.0249
2022-03-30,5,0.0244
2022-03-30,7,0.0243
2022-03-30,10,0.0235
2022-03-30,20,0.0263
2022-03-30,30,0.0248
2022-03-31,0.0833,0.0017
2022-03-31,0.25,0.0052
2022-03-31,0.5,0.0106
2022-03-31,1,0.0163
2022-03-31,2,0.0228
2022-03-31,3,0.0245
2022-03-31,5,0.0242
2022-03-31,7,0.024
2022-03-31,10,0.0232
2022-03-31,20,0.0259
2022-03-31,30,0.0244
2022-04-01,0.0833,0.0015
2022-04-01,0.25,0.0053
2022-04-01,0.5,0.0109
2022-04-01,1,0.0172
2022-04-01,2,0.0244
2022-04-01,3,0.0261
2022-04-01,5,0.0255
2022-04-01,7,0.025
2022-04-01,10,0.0239
2022-04-01,20,0.026
2022-04-01,30,0.0244
2022-04-04,0.0833,0.0018
2022-04-04,0.25,0.0066
2022-04-04,0.5,0.0114
2022-04-04,1,0.0172
2022-04-04,2,0.0243
2022-04-04,3,0.0261
2022-04-04,5,0.0256
2022-04-04,7,0.0252
2022-04-04,10,0.0242
2022-04-04,20,0.0264
2022-04-04,30,0.0248
2022-04-05,0.0833,0.0018
2022-04-05,0.25,0.0065
2022-04-05,0.5,0.0113
2022-04-05,1,0.0177
2022-04-05,2,0.0251
2022-04-05,3,0.0269
2022-04-05,5,0.0269
2022-04-05,7,0.0265
2022-04-05,10,0.0254
2022-04-05,20,0.0274
2022-04-05,30,0.0257
2022-04-06,0.0833,0.0021
2022-04-06,0.25,0.0067
2022-04-06,0.5,0.0115
2022-04-06,1,0.0179
2022-04-06,2,0.025
2022-04-06,3,0.0267
2022-04-06,5,0.027
2022-04-06,7,0.0269
2022-04-06,10,0.0261
2022-04-06,20,0.0281
2022-04-06,30,0.0263
2022-04-07,0.0833,0.0021
2022-04-07,0.25,0.0068
2022-04-07,0.5,0.0115
2022-04-07,1,0.0178
2022-04-07,2,0.0247
2022-04-07,3,0.0266
2022-04-07,5,0.027
2022-04-07,7,0.0273
2022-04-07,10,0.0266
2022-04-07,20,0.0287
2022-04-07,30,0.0269
2022-04-08,0.0833,0.002
2022-04-08,0.25,0.007
2022-04-08,0.5,0.0119
2022-04-08,1,0.0181
2022-04-08,2,0.0253
2022-04-08,3,0.0273
2022-04-08,5,0.0276
2022-04-08,7,0.0279
2022-04-08,10,0.0272
2022-04-08,20,0.0294
2022-04-08,30,0.0276
2022-04-11,0.0833,0.0022
2022-04-11,0.25,0.0077
2022-04-11,0.5,0.0123
2022-04-11,1,0.0185
2022-04-11,2,0.025
2022-04-11,3,0.0273
2022-04-11,5,0.0279
2022-04-11,7,0.0284
2022-04-11,10,0.0279
2022-04-11,20,0.0302
2022-04-11,30,0.0284
2022-04-12,0.0833,0.0021
2022-04-12,0.25,0.0074
2022-04-12,0.5,0.012
2022-04-12,1,0.0177
2022-04-12,2,0.0239
2022-04-12,3,0.0258
2022-04-12,5,0.0266
2022-04-12,7,0.0273
2022-04-12,10,0.0272
2022-04-12,20,0.0299
2022-04-12,30,0.0282
2022-04-13,0.0833,0.0026
2022-04-13,0.25,0.0075
2022-04-13,0.5,0.012
2022-04-13,1,0.0178
2022-04-13,2,0.0237
2022-04-13,3,0.0257
2022-04-13,5,0.0266
2022-04-13,7,0.0271
2022-04-13,10,0.027
2022-04-13,20,0.0297
2022-04-13,30,0.0281
2022-04-14,0.0833,0.0037
2022-04-14,0.25,0.0079
2022-04-14,0.5,0.0125
2022-04-14,1,0.0184
2022-04-14,2,0.0247
2022-04-14,3,0.0267
2022-04-14,5,0.0279
2022-04-14,7,0.0284
2022-04-14,10,0.0283
2022-04-14,20,0.0309
2022-04-14,30,0.0292
2022-04-18,0.0833,0.0038
2022-04-18,0.25,0.0081
2022-04-18,0.5,0.0127
2022-04-18,1,0.0184
2022-04-18,2,0.0246
2022-04-18,3,0.0268
2022-04-18,5,0.0279
2022-04-18,7,0.0285
2022-04-18,10,0.0285
2022-04-18,20,0.0312
2022-04-18,30,0.0295
2022-04-19,0.0833,0.0037
2022-04-19,0.25,0.0081
2022-04-19,0.5,0.0128
2022-04-19,1,0.0194
2022-04-19,2,0.0261
2022-04-19,3,0.0281
2022-04-19,5,0.0291
2022-04-19,7,0.0295
2022-04-19,10,0.0293
2022-04-19,20,0.0319
2022-04-19,30,0.0301
2022-04-20,0.0833,0.0035
2022-04-20,0.25,0.0082
2022-04-20,0.5,0.0129
2022-04-20,1,0.0193
2022-04-20,2,0.026
2022-04-20,3,0.0279
2022-04-20,5,0.0287
2022-04-20,7,0.0288
2022-04-20,10,0.0285
2022-04-20,20,0.0308
2022-04-20,30,0.029
2022-04-21,0.0833,0.005
2022-04-21,0.25,0.0083
2022-04-21,0.5,0.0132
2022-04-21,1,0.0201
2022-04-21,2,0.0268
2022-04-21,3,0.0287
2022-04-21,5,0.0296
2022-04-21,7,0.0296
2022-04-21,10,0.029
2022-04-21,20,0.0312
2022-04-21,30,0.0294
2022-04-22,0.0833,0.0046
2022-04-22,0.25,0.0083
2022-04-22,0.5,0.0134
2022-04-22,1,0.0206
2022-04-22,2,0.0272
2022-04-22,3,0.0288
2022-04-22,5,0.0294
2022-04-22,7,0.0295
2022-04-22,10,0.029
2022-04-22,20,0.0314
2022-04-22,30,0.0295
2022-04-25,0.0833,0.004
2022-04-25,0.25,0.0091
2022-04-25,0.5,0.0142
2022-04-25,1,0.0203
2022-04-25,2,0.0263
2022-04-25,3,0.0279
2022-04-25,5,0.0284
2022-04-25,7,0.0285
2022-04-25,10,0.0281
2022-04-25,20,0.0306
2022-04-25,30,0.0288
2022-04-26,0.0833,0.0038
2022-04-26,0.25,0.0083
2022-04-26,0.5,0.014
2022-04-26,1,0.0199
2022-04-26,2,0.0254
2022-04-26,3,0.0272
2022-04-26,5,0.0279
2022-04-26,7,0.028
2022-04-26,10,0.0277
2022-04-26,20,0.0303
2022-04-26,30,0.0286
2022-04-27,0.0833,0.0037
2022-04-27,0.25,0.0082
2022-04-27,0.5,0.0139
2022-04-27,1,0.0197
2022-04-27,2,0.0258
2022-04-27,3,0.0275
2022-04-27,5,0.0281
2022-04-27,7,0.0284
2022-04-27,10,0.0282
2022-04-27,20,0.0308
2022-04-27,30,0.0291
2022-04-28,0.0833,0.0037
2022-04-28,0.25,0.0082
2022-04-28,0.5,0.0138
2022-04-28,1,0.0204
2022-04-28,2,0.0263
2022-04-28,3,0.028
2022-04-28,5,0.0286
2022-04-28,7,0.0288
2022-04-28,10,0.0285
2022-04-28,20,0.031
2022-04-28,30,0.0292
2022-04-29,0.0833,0.0037
2022-04-29,0.25,0.0085
2022-04-29,0.5,0.0141
2022-04-29,1,0.021
2022-04-29,2,0.027
2022-04-29,3,0.0287
2022-04-29,5,0.0292
2022-04-29,7,0.0294
2022-04-29,10,0.0289
2022-04-29,20,0.0314
2022-04-29,30,0.0296
2022-05-02,0.0833,0.0041
2022-05-02,0.25,0.009
2022-05-02,0.5,0.0149
2022-05-02,1,0.021
2022-05-02,2,0.0273
2022-05-02,3,0.0293
2022-05-02,5,0.0301
2022-05-02,7,0.0304
2022-05-02,10,0.0299
2022-05-02,20,0.0326
2022-05-02,30,0.0307
2022-05-03,0.0833,0.0048
2022-05-03,0.25,0.0091
2022-05-03,0.5,0.0145
2022-05-03,1,0.0216
2022-05-03,2,0.0278
2022-05-03,3,0.0295
2022-05-03,5,0.0301
2022-05-03,7,0.0303
2022-05-03,10,0.0297
2022-05-03,20,0.0321
2022-05-03,30,0.0303
2022-05-04,0.0833,0.0049
2022-05-04,0.25,0.0089
2022-05-04,0.5,0.0144
2022-05-04,1,0.0207
2022-05-04,2,0.0266
2022-05-04,3,0.0285
2022-05-04,5,0.0293
2022-05-04,7,0.0297
2022-05-04,10,0.0293
2022-05-04,20,0.0321
2022-05-04,30,0.0301
2022-05-05,0.0833,0.0049
2022-05-05,0.25,0.0085
2022-05-05,0.5,0.0137
2022-05-05,1,0.0208
2022-05-05,2,0.0271
2022-05-05,3,0.0291
2022-05-05,5,0.0301
2022-05-05,7,0.0307
2022-05-05,10,0.0305
2022-05-05,20,0.0335
2022-05-05,30,0.0315
2022-05-06,0.0833,0.0048
2022-05-06,0.25,0.0085
2022-05-06,0.5,0.0141
2022-05-06,1,0.0208
2022-05-06,2,0.0272
2022-05-06,3,0.0294
2022-05-06,5,0.0306
2022-05-06,7,0.0313
2022-05-06,10,0.0312
2022-05-06,20,0.0343
2022-05-06,30,0.0323
2022-05-09,0.0833,0.0051
2022-05-09,0.25,0.0092
2022-05-09,0.5,0.0143
2022-05-09,1,0.0199
2022-05-09,2,0.0261
2022-05-09,3,0.0281
2022-05-09,5,0.0295
2022-05-09,7,0.0304
2022-05-09,10,0.0305
2022-05-09,20,0.0338
2022-05-09,30,0.0319
2022-05-10,0.0833,0.0057
2022-05-10,0.25,0.0089
2022-05-10,0.5,0.0144
2022-05-10,1,0.0201
2022-05-10,2,0.0262
2022-05-10,3,0.0281
2022-05-10,5,0.0291
2022-05-10,7,0.0299
2022-05-10,10,0.0299
2022-05-10,20,0.0331
2022-05-10,30,0.0312
2022-05-11,0.0833,0.0059
2022-05-11,0.25,0.0091
2022-05-11,0.5,0.0143
2022-05-11,1,0.0199
2022-05-11,2,0.0266
2022-05-11,3,0.0281
2022-05-11,5,0.0289
2022-05-11,7,0.0294
2022-05-11,10,0.0291
2022-05-11,20,0.0325
2022-05-11,30,0.0305
2022-05-12,0.0833,0.0061
2022-05-12,0.25,0.0096
2022-05-12,0.5,0.0144
2022-05-12,1,0.0196
2022-05-12,2,0.0256
2022-05-12,3,0.0273
2022-05-12,5,0.0281
2022-05-12,7,0.0286
2022-05-12,10,0.0284
2022-05-12,20,0.0322
2022-05-12,30,0.03
2022-05-13,0.0833,0.0067
2022-05-13,0.25,0.0103
2022-05-13,0.5,0.0147
2022-05-13,1,0.0204
2022-05-13,2,0.0261
2022-05-13,3,0.0279
2022-05-13,5,0.0289
2022-05-13,7,0.0295
2022-05-13,10,0.0293
2022-05-13,20,0.0332
2022-05-13,30,0.031
2022-05-16,0.0833,0.0064
2022-05-16,0.25,0.0107
2022-05-16,0.5,0.0154
2022-05-16,1,0.0207
2022-05-16,2,0.0258
2022-05-16,3,0.0275
2022-05-16,5,0.0283
2022-05-16,7,0.0289
2022-05-16,10,0.0288
2022-05-16,20,0.033
2022-05-16,30,0.0309
2022-05-17,0.0833,0.0061
2022-05-17,0.25,0.0106
2022-05-17,0.5,0.0157
2022-05-17,1,0.0216
2022-05-17,2,0.0271
2022-05-17,3,0.0289
2022-05-17,5,0.0296
2022-05-17,7,0.03
2022-05-17,10,0.0298
2022-05-17,20,0.0336
2022-05-17,30,0.0317
2022-05-18,0.0833,0.0056
2022-05-18,0.25,0.0103
2022-05-18,0.5,0.0156
2022-05-18,1,0.0216
2022-05-18,2,0.0268
2022-05-18,3,0.0284
2022-05-18,5,0.0289
2022-05-18,7,0.0291
2022-05-18,10,0.0289
2022-05-18,20,0.0324
2022-05-18,30,0.0307
2022-05-19,0.0833,0.0065
2022-05-19,0.25,0.0105
2022-05-19,0.5,0.0152
2022-05-19,1,0.0211
2022-05-19,2,0.0263
2022-05-19,3,0.0278
2022-05-19,5,0.0284
2022-05-19,7,0.0287
2022-05-19,10,0.0284
2022-05-19,20,0.0324
2022-05-19,30,0.0305
2022-05-20,0.0833,0.0063
2022-05-20,0.25,0.0103
2022-05-20,0.5,0.0151
2022-05-20,1,0.0207
2022-05-20,2,0.026
2022-05-20,3,0.0273
2022-05-20,5,0.028
2022-05-20,7,0.0282
2022-05-20,10,0.0278
2022-05-20,20,0.0317
2022-05-20,30,0.0299
2022-05-23,0.0833,0.0055
2022-05-23,0.25,0.0107
2022-05-23,0.5,0.0157
2022-05-23,1,0.0209
2022-05-23,2,0.0265
2022-05-23,3,0.028
2022-05-23,5,0.0288
2022-05-23,7,0.029
2022-05-23,10,0.0286
2022-05-23,20,0.0326
2022-05-23,30,0.0308
2022-05-24,0.0833,0.0055
2022-05-24,0.25,0.0106
2022-05-24,0.5,0.0153
2022-05-24,1,0.0202
2022-05-24,2,0.025
2022-05-24,3,0.0266
2022-05-24,5,0.0276
2022-05-24,7,0.028
2022-05-24,10,0.0276
2022-05-24,20,0.0316
2022-05-24,30,0.0298
2022-05-25,0.0833,0.0058
2022-05-25,0.25,0.0106
2022-05-25,0.5,0.0152
2022-05-25,1,0.0201
2022-05-25,2,0.0248
2022-05-25,3,0.0263
2022-05-25,5,0.0271
2022-05-25,7,0.0276
2022-05-25,10,0.0275
2022-05-25,20,0.0314
2022-05-25,30,0.0297
2022-05-26,0.0833,0.0071
2022-05-26,0.25,0.0107
2022-05-26,0.5,0.0152
2022-05-26,1,0.0199
2022-05-26,2,0.0246
2022-05-26,3,0.0263
2022-05-26,5,0.027
2022-05-26,7,0.0275
2022-05-26,10,0.0275
2022-05-26,20,0.0318
2022-05-26,30,0.0299
2022-05-27,0.0833,0.0069
2022-05-27,0.25,0.0108
2022-05-27,0.5,0.0154
2022-05-27,1,0.0201
2022-05-27,2,0.0247
2022-05-27,3,0.0264
2022-05-27,5,0.0271
2022-05-27,7,0.0276
2022-05-27,10,0.0274
2022-05-27,20,0.0316
2022-05-27,30,0.0297
2022-05-31,0.0833,0.0073
2022-05-31,0.25,0.0116
2022-05-31,0.5,0.0164
2022-05-31,1,0.0208
2022-05-31,2,0.0253
2022-05-31,3,0.0271
2022-05-31,5,0.0281
2022-05-31,7,0.0287
2022-05-31,10,0.0285
2022-05-31,20,0.0328
2022-05-31,30,0.0307
2022-06-01,0.0833,0.0077
2022-06-01,0.25,0.0115
2022-06-01,0.5,0.0163
2022-06-01,1,0.0216
2022-06-01,2,0.0266
2022-06-01,3,0.0284
2022-06-01,5,0.0294
2022-06-01,7,0.0298
2022-06-01,10,0.0294
2022-06-01,20,0.0331
2022-06-01,30,0.0309
2022-06-02,0.0833,0.0085
2022-06-02,0.25,0.0117
2022-06-02,0.5,0.0164
2022-06-02,1,0.0215
2022-06-02,2,0.0265
2022-06-02,3,0.0283
2022-06-02,5,0.0292
2022-06-02,7,0.0295
2022-06-02,10,0.0292
2022-06-02,20,0.033
2022-06-02,30,0.0309
2022-06-03,0.0833,0.0087
2022-06-03,0.25,0.0121
2022-06-03,0.5,0.0168
2022-06-03,1,0.0218
2022-06-03,2,0.0266
2022-06-03,3,0.0287
2022-06-03,5,0.0295
2022-06-03,7,0.0299
2022-06-03,10,0.0296
2022-06-03,20,0.0333
2022-06-03,30,0.0311
2022-06-06,0.0833,0.0088
2022-06-06,0.25,0.0126
2022-06-06,0.5,0.0174
2022-06-06,1,0.0223
2022-06-06,2,0.0273
2022-06-06,3,0.0294
2022-06-06,5,0.0303
2022-06-06,7,0.0307
2022-06-06,10,0.0304
2022-06-06,20,0.0341
2022-06-06,30,0.0319
2022-06-07,0.0833,0.0087
2022-06-07,0.25,0.0126
2022-06-07,0.5,0.0175
2022-06-07,1,0.0226
2022-06-07,2,0.0275
2022-06-07,3,0.0291
2022-06-07,5,0.0299
2022-06-07,7,0.0302
2022-06-07,10,0.0298
2022-06-07,20,0.0335
2022-06-07,30,0.0313
2022-06-08,0.0833,0.0089
2022-06-08,0.25,0.0128
2022-06-08,0.5,0.0177
2022-06-08,1,0.0229
2022-06-08,2,0.0278
2022-06-08,3,0.0294
2022-06-08,5,0.0303
2022-06-08,7,0.0306
2022-06-08,10,0.0303
2022-06-08,20,0.034
2022-06-08,30,0.0318
2022-06-09,0.0833,0.0105
2022-06-09,0.25,0.013
2022-06-09,0.5,0.0181
2022-06-09,1,0.0235
2022-06-09,2,0.0283
2022-06-09,3,0.0299
2022-06-09,5,0.0307
2022-06-09,7,0.0308
2022-06-09,10,0.0304
2022-06-09,20,0.034
2022-06-09,30,0.0318
2022-06-10,0.0833,0.011
2022-06-10,0.25,0.0139
2022-06-10,0.5,0.0198
2022-06-10,1,0.0258
2022-06-10,2,0.0306
2022-06-10,3,0.0321
2022-06-10,5,0.0325
2022-06-10,7,0.0324
2022-06-10,10,0.0315
2022-06-10,20,0.0345
2022-06-10,30,0.032
2022-06-13,0.0833,0.0113
2022-06-13,0.25,0.0173
2022-06-13,0.5,0.0225
2022-06-13,1,0.0289
2022-06-13,2,0.034
2022-06-13,3,0.0356
2022-06-13,5,0.0356
2022-06-13,7,0.0353
2022-06-13,10,0.0343
2022-06-13,20,0.0368
2022-06-13,30,0.0342
2022-06-14,0.0833,0.0119
2022-06-14,0.25,0.0183
2022-06-14,0.5,0.0243
2022-06-14,1,0.0315
2022-06-14,2,0.0345
2022-06-14,3,0.036
2022-06-14,5,0.0361
2022-06-14,7,0.036
2022-06-14,10,0.0349
2022-06-14,20,0.0372
2022-06-14,30,0.0345
2022-06-15,0.0833,0.0121
2022-06-15,0.25,0.0174
2022-06-15,0.5,0.0232
2022-06-15,1,0.0293
2022-06-15,2,0.032
2022-06-15,3,0.0335
2022-06-15,5,0.0338
2022-06-15,7,0.0339
2022-06-15,10,0.0333
2022-06-15,20,0.0364
2022-06-15,30,0.0339
2022-06-16,0.0833,0.0119
2022-06-16,0.25,0.0159
2022-06-16,0.5,0.0224
2022-06-16,1,0.0288
2022-06-16,2,0.0314
2022-06-16,3,0.0333
2022-06-16,5,0.0335
2022-06-16,7,0.0336
2022-06-16,10,0.0328
2022-06-16,20,0.0359
2022-06-16,30,0.0335
2022-06-17,0.0833,0.0115
2022-06-17,0.25,0.0163
2022-06-17,0.5,0.0225
2022-06-17,1,0.0286
2022-06-17,2,0.0317
2022-06-17,3,0.0335
2022-06-17,5,0.0334
2022-06-17,7,0.0334
2022-06-17,10,0.0325
2022-06-17,20,0.0355
2022-06-17,30,0.033
2022-06-21,0.0833,0.0108
2022-06-21,0.25,0.017
2022-06-21,0.5,0.0246
2022-06-21,1,0.0292
2022-06-21,2,0.0321
2022-06-21,3,0.0335
2022-06-21,5,0.0338
2022-06-21,7,0.0339
2022-06-21,10,0.0331
2022-06-21,20,0.0363
2022-06-21,30,0.0339
2022-06-22,0.0833,0.0098
2022-06-22,0.25,0.0161
2022-06-22,0.5,0.024
2022-06-22,1,0.0279
2022-06-22,2,0.0306
2022-06-22,3,0.032
2022-06-22,5,0.0322
2022-06-22,7,0.0324
2022-06-22,10,0.0316
2022-06-22,20,0.0349
2022-06-22,30,0.0325
2022-06-23,0.0833,0.0112
2022-06-23,0.25,0.0165
2022-06-23,0.5,0.0244
2022-06-23,1,0.0278
2022-06-23,2,0.0301
2022-06-23,3,0.0312
2022-06-23,5,0.0314
2022-06-23,7,0.0316
2022-06-23,10,0.0309
2022-06-23,20,0.0345
2022-06-23,30,0.0321
2022-06-24,0.0833,0.0119
2022-06-24,0.25,0.0173
2022-06-24,0.5,0.0251
2022-06-24,1,0.0283
2022-06-24,2,0.0304
2022-06-24,3,0.0313
2022-06-24,5,0.0318
2022-06-24,7,0.0319
2022-06-24,10,0.0313
2022-06-24,20,0.0351
2022-06-24,30,0.0326
2022-06-27,0.0833,0.0116
2022-06-27,0.25,0.0179
2022-06-27,0.5,0.0256
2022-06-27,1,0.0289
2022-06-27,2,0.0308
2022-06-27,3,0.0321
2022-06-27,5,0.0324
2022-06-27,7,0.0327
2022-06-27,10,0.032
2022-06-27,20,0.0356
2022-06-27,30,0.0331
2022-06-28,0.0833,0.0112
2022-06-28,0.25,0.0179
2022-06-28,0.5,0.0255
2022-06-28,1,0.0288
2022-06-28,2,0.031
2022-06-28,3,0.0321
2022-06-28,5,0.0325
2022-06-28,7,0.0327
2022-06-28,10,0.032
2022-06-28,20,0.0355
2022-06-28,30,0.033
2022-06-29,0.0833,0.0112
2022-06-29,0.25,0.0178
2022-06-29,0.5,0.0255
2022-06-29,1,0.0288
2022-06-29,2,0.0306
2022-06-29,3,0.0313
2022-06-29,5,0.0315
2022-06-29,7,0.0317
2022-06-29,10,0.031
2022-06-29,20,0.0346
2022-06-29,30,0.0322
2022-06-30,0.0833,0.0128
2022-06-30,0.25,0.0172
2022-06-30,0.5,0.0251
2022-06-30,1,0.028
2022-06-30,2,0.0292
2022-06-30,3,0.0299
2022-06-30,5,0.0301
2022-06-30,7,0.0304
2022-06-30,10,0.0298
2022-06-30,20,0.0338
2022-06-30,30,0.0314
2022-07-01,0.0833,0.0127
2022-07-01,0.25,0.0173
2022-07-01,0.5,0.0252
2022-07-01,1,0.0279
2022-07-01,2,0.0284
2022-07-01,3,0.0285
2022-07-01,5,0.0288
2022-07-01,7,0.0292
2022-07-01,10,0.0288
2022-07-01,20,0.0335
2022-07-01,30,0.0311
2022-07-05,0.0833,0.0133
2022-07-05,0.25,0.019
2022-07-05,0.5,0.0259
2022-07-05,1,0.0277
2022-07-05,2,0.0282
2022-07-05,3,0.0282
2022-07-05,5,0.0282
2022-07-05,7,0.0287
2022-07-05,10,0.0282
2022-07-05,20,0.0331
2022-07-05,30,0.0305
2022-07-06,0.0833,0.0136
2022-07-06,0.25,0.019
2022-07-06,0.5,0.0262
2022-07-06,1,0.0282
2022-07-06,2,0.0297
2022-07-06,3,0.0299
2022-07-06,5,0.0296
2022-07-06,7,0.0299
2022-07-06,10,0.0293
2022-07-06,20,0.0342
2022-07-06,30,0.0314
2022-07-07,0.0833,0.0155
2022-07-07,0.25,0.0195
2022-07-07,0.5,0.0264
2022-07-07,1,0.0287
2022-07-07,2,0.0303
2022-07-07,3,0.0305
2022-07-07,5,0.0305
2022-07-07,7,0.0307
2022-07-07,10,0.0301
2022-07-07,20,0.0345
2022-07-07,30,0.032
2022-07-08,0.0833,0.0157
2022-07-08,0.25,0.0198
2022-07-08,0.5,0.0268
2022-07-08,1,0.0296
2022-07-08,2,0.0312
2022-07-08,3,0.0314
2022-07-08,5,0.0313
2022-07-08,7,0.0316
2022-07-08,10,0.0309
2022-07-08,20,0.0353
2022-07-08,30,0.0327
2022-07-11,0.0833,0.0158
2022-07-11,0.25,0.0218
2022-07-11,0.5,0.0279
2022-07-11,1,0.0297
2022-07-11,2,0.0307
2022-07-11,3,0.0309
2022-07-11,5,0.0305
2022-07-11,7,0.0306
2022-07-11,10,0.0299
2022-07-11,20,0.0343
2022-07-11,30,0.0318
2022-07-12,0.0833,0.0163
2022-07-12,0.25,0.0222
2022-07-12,0.5,0.0278
2022-07-12,1,0.0307
2022-07-12,2,0.0303
2022-07-12,3,0.0307
2022-07-12,5,0.0301
2022-07-12,7,0.0301
2022-07-12,10,0.0296
2022-07-12,20,0.0337
2022-07-12,30,0.0313
2022-07-13,0.0833,0.0178
2022-07-13,0.25,0.0239
2022-07-13,0.5,0.0296
2022-07-13,1,0.0321
2022-07-13,2,0.0313
2022-07-13,3,0.0314
2022-07-13,5,0.0302
2022-07-13,7,0.03
2022-07-13,10,0.0291
2022-07-13,20,0.0335
2022-07-13,30,0.0308
2022-07-14,0.0833,0.0199
2022-07-14,0.25,0.024
2022-07-14,0.5,0.0293
2022-07-14,1,0.0316
2022-07-14,2,0.0315
2022-07-14,3,0.0316
2022-07-14,5,0.0306
2022-07-14,7,0.0305
2022-07-14,10,0.0296
2022-07-14,20,0.0336
2022-07-14,30,0.0311
2022-07-15,0.0833,0.0198
2022-07-15,0.25,0.0237
2022-07-15,0.5,0.0294
2022-07-15,1,0.0312
2022-07-15,2,0.0313
2022-07-15,3,0.0314
2022-07-15,5,0.0305
2022-07-15,7,0.0303
2022-07-15,10,0.0293
2022-07-15,20,0.0334
2022-07-15,30,0.031
2022-07-18,0.0833,0.0196
2022-07-18,0.25,0.025
2022-07-18,0.5,0.0302
2022-07-18,1,0.0313
2022-07-18,2,0.0315
2022-07-18,3,0.0315
2022-07-18,5,0.0306
2022-07-18,7,0.0305
2022-07-18,10,0.0296
2022-07-18,20,0.0339
2022-07-18,30,0.0314
2022-07-19,0.0833,0.0193
2022-07-19,0.25,0.0252
2022-07-19,0.5,0.0306
2022-07-19,1,0.0318
2022-07-19,2,0.0323
2022-07-19,3,0.0322
2022-07-19,5,0.0314
2022-07-19,7,0.0311
2022-07-19,10,0.0301
2022-07-19,20,0.0342
2022-07-19,30,0.0317
2022-07-20,0.0833,0.0192
2022-07-20,0.25,0.0251
2022-07-20,0.5,0.0304
2022-07-20,1,0.0318
2022-07-20,2,0.0325
2022-07-20,3,0.0325
2022-07-20,5,0.0318
2022-07-20,7,0.0315
2022-07-20,10,0.0304
2022-07-20,20,0.0343
2022-07-20,30,0.0317
2022-07-21,0.0833,0.0215
2022-07-21,0.25,0.0248
2022-07-21,0.5,0.03
2022-07-21,1,0.0311
2022-07-21,2,0.031
2022-07-21,3,0.0307
2022-07-21,5,0.03
2022-07-21,7,0.0299
2022-07-21,10,0.0291
2022-07-21,20,0.0333
2022-07-21,30,0.0308
2022-07-22,0.0833,0.0215
2022-07-22,0.25,0.0249
2022-07-22,0.5,0.0297
2022-07-22,1,0.0301
2022-07-22,2,0.0298
2022-07-22,3,0.0293
2022-07-22,5,0.0287
2022-07-22,7,0.0285
2022-07-22,10,0.0277
2022-07-22,20,0.0323
2022-07-22,30,0.03
2022-07-25,0.0833,0.0214
2022-07-25,0.25,0.0262
2022-07-25,0.5,0.0306
2022-07-25,1,0.0307
2022-07-25,2,0.03
2022-07-25,3,0.0298
2022-07-25,5,0.0289
2022-07-25,7,0.0289
2022-07-25,10,0.0281
2022-07-25,20,0.0328
2022-07-25,30,0.0304
2022-07-26,0.0833,0.0217
2022-07-26,0.25,0.0255
2022-07-26,0.5,0.0301
2022-07-26,1,0.0306
2022-07-26,2,0.0302
2022-07-26,3,0.0301
2022-07-26,5,0.0289
2022-07-26,7,0.0288
2022-07-26,10,0.0281
2022-07-26,20,0.0327
2022-07-26,30,0.0303
2022-07-27,0.0833,0.0214
2022-07-27,0.25,0.0244
2022-07-27,0.5,0.0293
2022-07-27,1,0.03
2022-07-27,2,0.0296
2022-07-27,3,0.0293
2022-07-27,5,0.0282
2022-07-27,7,0.0283
2022-07-27,10,0.0278
2022-07-27,20,0.0326
2022-07-27,30,0.0303
2022-07-28,0.0833,0.022
2022-07-28,0.25,0.0242
2022-07-28,0.5,0.029
2022-07-28,1,0.0293
2022-07-28,2,0.0285
2022-07-28,3,0.0281
2022-07-28,5,0.0269
2022-07-28,7,0.0269
2022-07-28,10,0.0268
2022-07-28,20,0.0323
2022-07-28,30,0.0302
2022-07-29,0.0833,0.0222
2022-07-29,0.25,0.0241
2022-07-29,0.5,0.0291
2022-07-29,1,0.0298
2022-07-29,2,0.0289
2022-07-29,3,0.0283
2022-07-29,5,0.027
2022-07-29,7,0.027
2022-07-29,10,0.0267
2022-07-29,20,0.032
2022-07-29,30,0.03
2022-08-01,0.0833,0.0222
2022-08-01,0.25,0.0256
2022-08-01,0.5,0.0296
2022-08-01,1,0.0298
2022-08-01,2,0.029
2022-08-01,3,0.0282
2022-08-01,5,0.0266
2022-08-01,7,0.0264
2022-08-01,10,0.026
2022-08-01,20,0.0312
2022-08-01,30,0.0292
2022-08-02,0.0833,0.0222
2022-08-02,0.25,0.0256
2022-08-02,0.5,0.03
2022-08-02,1,0.0309
2022-08-02,2,0.0306
2022-08-02,3,0.0302
2022-08-02,5,0.0285
2022-08-02,7,0.0282
2022-08-02,10,0.0275
2022-08-02,20,0.0322
2022-08-02,30,0.03
2022-08-03,0.0833,0.022
2022-08-03,0.25,0.0252
2022-08-03,0.5,0.03
2022-08-03,1,0.0314
2022-08-03,2,0.031
2022-08-03,3,0.0304
2022-08-03,5,0.0286
2022-08-03,7,0.0281
2022-08-03,10,0.0273
2022-08-03,20,0.0317
2022-08-03,30,0.0296
2022-08-04,0.0833,0.0219
2022-08-04,0.25,0.025
2022-08-04,0.5,0.0298
2022-08-04,1,0.0311
2022-08-04,2,0.0303
2022-08-04,3,0.0295
2022-08-04,5,0.0276
2022-08-04,7,0.0273
2022-08-04,10,0.0268
2022-08-04,20,0.0315
2022-08-04,30,0.0297
2022-08-05,0.0833,0.0221
2022-08-05,0.25,0.0258
2022-08-05,0.5,0.031
2022-08-05,1,0.0329
2022-08-05,2,0.0324
2022-08-05,3,0.0318
2022-08-05,5,0.0297
2022-08-05,7,0.0291
2022-08-05,10,0.0283
2022-08-05,20,0.0327
2022-08-05,30,0.0306
2022-08-08,0.0833,0.0223
2022-08-08,0.25,0.0265
2022-08-08,0.5,0.0315
2022-08-08,1,0.033
2022-08-08,2,0.0321
2022-08-08,3,0.0314
2022-08-08,5,0.0291
2022-08-08,7,0.0285
2022-08-08,10,0.0277
2022-08-08,20,0.0322
2022-08-08,30,0.03
2022-08-09,0.0833,0.0223
2022-08-09,0.25,0.0267
2022-08-09,0.5,0.0316
2022-08-09,1,0.0333
2022-08-09,2,0.0328
2022-08-09,3,0.032
2022-08-09,5,0.0297
2022-08-09,7,0.0289
2022-08-09,10,0.028
2022-08-09,20,0.0324
2022-08-09,30,0.0301
2022-08-10,0.0833,0.0224
2022-08-10,0.25,0.0265
2022-08-10,0.5,0.0313
2022-08-10,1,0.0326
2022-08-10,2,0.0323
2022-08-10,3,0.0313
2022-08-10,5,0.0293
2022-08-10,7,0.0286
2022-08-10,10,0.0278
2022-08-10,20,0.0327
2022-08-10,30,0.0304
2022-08-11,0.0833,0.0224
2022-08-11,0.25,0.0262
2022-08-11,0.5,0.0308
2022-08-11,1,0.0325
2022-08-11,2,0.0323
2022-08-11,3,0.0316
2022-08-11,5,0.0298
2022-08-11,7,0.0294
2022-08-11,10,0.0287
2022-08-11,20,0.0338
2022-08-11,30,0.0315
2022-08-12,0.0833,0.0223
2022-08-12,0.25,0.0263
2022-08-12,0.5,0.0313
2022-08-12,1,0.0326
2022-08-12,2,0.0325
2022-08-12,3,0.0318
2022-08-12,5,0.0297
2022-08-12,7,0.0292
2022-08-12,10,0.0284
2022-08-12,20,0.0334
2022-08-12,30,0.0312
2022-08-15,0.0833,0.0227
2022-08-15,0.25,0.0272
2022-08-15,0.5,0.0313
2022-08-15,1,0.0323
2022-08-15,2,0.032
2022-08-15,3,0.0314
2022-08-15,5,0.0291
2022-08-15,7,0.0286
2022-08-15,10,0.0279
2022-08-15,20,0.0331
2022-08-15,30,0.031
2022-08-16,0.0833,0.0226
2022-08-16,0.25,0.027
2022-08-16,0.5,0.0312
2022-08-16,1,0.0326
2022-08-16,2,0.0325
2022-08-16,3,0.0319
2022-08-16,5,0.0295
2022-08-16,7,0.029
2022-08-16,10,0.0282
2022-08-16,20,0.0331
2022-08-16,30,0.0311
2022-08-17,0.0833,0.0222
2022-08-17,0.25,0.0268
2022-08-17,0.5,0.0315
2022-08-17,1,0.0327
2022-08-17,2,0.0328
2022-08-17,3,0.0327
2022-08-17,5,0.0304
2022-08-17,7,0.0299
2022-08-17,10,0.0289
2022-08-17,20,0.0337
2022-08-17,30,0.0315
2022-08-18,0.0833,0.0223
2022-08-18,0.25,0.0271
2022-08-18,0.5,0.0312
2022-08-18,1,0.0324
2022-08-18,2,0.0322
2022-08-18,3,0.0323
2022-08-18,5,0.0302
2022-08-18,7,0.0297
2022-08-18,10,0.0288
2022-08-18,20,0.0335
2022-08-18,30,0.0314
2022-08-19,0.0833,0.0223
2022-08-19,0.25,0.0274
2022-08-19,0.5,0.0316
2022-08-19,1,0.0326
2022-08-19,2,0.0325
2022-08-19,3,0.0328
2022-08-19,5,0.0311
2022-08-19,7,0.0306
2022-08-19,10,0.0298
2022-08-19,20,0.0344
2022-08-19,30,0.0322
2022-08-22,0.0833,0.0227
2022-08-22,0.25,0.0282
2022-08-22,0.5,0.0323
2022-08-22,1,0.0332
2022-08-22,2,0.0332
2022-08-22,3,0.0336
2022-08-22,5,0.0317
2022-08-22,7,0.0312
2022-08-22,10,0.0303
2022-08-22,20,0.0348
2022-08-22,30,0.0324
2022-08-23,0.0833,0.0228
2022-08-23,0.25,0.028
2022-08-23,0.5,0.0321
2022-08-23,1,0.0329
2022-08-23,2,0.0329
2022-08-23,3,0.0335
2022-08-23,5,0.0318
2022-08-23,7,0.0314
2022-08-23,10,0.0305
2022-08-23,20,0.0349
2022-08-23,30,0.0326
2022-08-24,0.0833,0.0229
2022-08-24,0.25,0.0282
2022-08-24,0.5,0.0328
2022-08-24,1,0.0335
2022-08-24,2,0.0336
2022-08-24,3,0.034
2022-08-24,5,0.032
2022-08-24,7,0.032
2022-08-24,10,0.0311
2022-08-24,20,0.0355
2022-08-24,30,0.0332
2022-08-25,0.0833,0.0242
2022-08-25,0.25,0.0288
2022-08-25,0.5,0.0325
2022-08-25,1,0.0333
2022-08-25,2,0.0335
2022-08-25,3,0.0337
2022-08-25,5,0.0315
2022-08-25,7,0.0311
2022-08-25,10,0.0303
2022-08-25,20,0.0347
2022-08-25,30,0.0325
2022-08-26,0.0833,0.0239
2022-08-26,0.25,0.0289
2022-08-26,0.5,0.0326
2022-08-26,1,0.0336
2022-08-26,2,0.0337
2022-08-26,3,0.034
2022-08-26,5,0.032
2022-08-26,7,0.0314
2022-08-26,10,0.0304
2022-08-26,20,0.0344
2022-08-26,30,0.0321
2022-08-29,0.0833,0.0245
2022-08-29,0.25,0.0297
2022-08-29,0.5,0.0332
2022-08-29,1,0.0343
2022-08-29,2,0.0342
2022-08-29,3,0.0345
2022-08-29,5,0.0327
2022-08-29,7,0.0321
2022-08-29,10,0.0312
2022-08-29,20,0.035
2022-08-29,30,0.0325
2022-08-30,0.0833,0.0243
2022-08-30,0.25,0.0297
2022-08-30,0.5,0.0331
2022-08-30,1,0.0348
2022-08-30,2,0.0346
2022-08-30,3,0.0347
2022-08-30,5,0.0327
2022-08-30,7,0.0322
2022-08-30,10,0.0311
2022-08-30,20,0.0349
2022-08-30,30,0.0323
2022-08-31,0.0833,0.024
2022-08-31,0.25,0.0296
2022-08-31,0.5,0.0332
2022-08-31,1,0.035
2022-08-31,2,0.0345
2022-08-31,3,0.0346
2022-08-31,5,0.033
2022-08-31,7,0.0325
2022-08-31,10,0.0315
2022-08-31,20,0.0353
2022-08-31,30,0.0327
2022-09-01,0.0833,0.0253
2022-09-01,0.25,0.0297
2022-09-01,0.5,0.0334
2022-09-01,1,0.0351
2022-09-01,2,0.0351
2022-09-01,3,0.0354
2022-09-01,5,0.0339
2022-09-01,7,0.0336
2022-09-01,10,0.0326
2022-09-01,20,0.0364
2022-09-01,30,0.0337
2022-09-02,0.0833,0.0249
2022-09-02,0.25,0.0294
2022-09-02,0.5,0.0333
2022-09-02,1,0.0347
2022-09-02,2,0.034
2022-09-02,3,0.0344
2022-09-02,5,0.033
2022-09-02,7,0.0329
2022-09-02,10,0.032
2022-09-02,20,0.0361
2022-09-02,30,0.0335
2022-09-06,0.0833,0.0244
2022-09-06,0.25,0.0304
2022-09-06,0.5,0.034
2022-09-06,1,0.0361
2022-09-06,2,0.035
2022-09-06,3,0.0355
2022-09-06,5,0.0343
2022-09-06,7,0.0341
2022-09-06,10,0.0333
2022-09-06,20,0.0374
2022-09-06,30,0.0349
2022-09-07,0.0833,0.023
2022-09-07,0.25,0.0307
2022-09-07,0.5,0.0342
2022-09-07,1,0.036
2022-09-07,2,0.0345
2022-09-07,3,0.035
2022-09-07,5,0.0337
2022-09-07,7,0.0335
2022-09-07,10,0.0327
2022-09-07,20,0.0367
2022-09-07,30,0.0342
2022-09-08,0.0833,0.0257
2022-09-08,0.25,0.0306
2022-09-08,0.5,0.0344
2022-09-08,1,0.036
2022-09-08,2,0.0348
2022-09-08,3,0.0354
2022-09-08,5,0.0339
2022-09-08,7,0.0337
2022-09-08,10,0.0329
2022-09-08,20,0.0369
2022-09-08,30,0.0345
2022-09-09,0.0833,0.0257
2022-09-09,0.25,0.0308
2022-09-09,0.5,0.0352
2022-09-09,1,0.0367
2022-09-09,2,0.0356
2022-09-09,3,0.0361
2022-09-09,5,0.0345
2022-09-09,7,0.0342
2022-09-09,10,0.0333
2022-09-09,20,0.0371
2022-09-09,30,0.0347
2022-09-12,0.0833,0.0262
2022-09-12,0.25,0.0317
2022-09-12,0.5,0.0356
2022-09-12,1,0.037
2022-09-12,2,0.0358
2022-09-12,3,0.036
2022-09-12,5,0.0347
2022-09-12,7,0.0345
2022-09-12,10,0.0337
2022-09-12,20,0.0376
2022-09-12,30,0.0353
2022-09-13,0.0833,0.0255
2022-09-13,0.25,0.0328
2022-09-13,0.5,0.0375
2022-09-13,1,0.0392
2022-09-13,2,0.0375
2022-09-13,3,0.0375
2022-09-13,5,0.0358
2022-09-13,7,0.0353
2022-09-13,10,0.0342
2022-09-13,20,0.0375
2022-09-13,30,0.0351
2022-09-14,0.0833,0.0254
2022-09-14,0.25,0.0324
2022-09-14,0.5,0.0376
2022-09-14,1,0.0395
2022-09-14,2,0.0378
2022-09-14,3,0.0379
2022-09-14,5,0.036
2022-09-14,7,0.0352
2022-09-14,10,0.0341
2022-09-14,20,0.0373
2022-09-14,30,0.0347
2022-09-15,0.0833,0.0276
2022-09-15,0.25,0.0322
2022-09-15,0.5,0.0378
2022-09-15,1,0.04
2022-09-15,2,0.0387
2022-09-15,3,0.0385
2022-09-15,5,0.0366
2022-09-15,7,0.0359
2022-09-15,10,0.0345
2022-09-15,20,0.0375
2022-09-15,30,0.0348
2022-09-16,0.0833,0.0268
2022-09-16,0.25,0.032
2022-09-16,0.5,0.0377
2022-09-16,1,0.0396
2022-09-16,2,0.0385
2022-09-16,3,0.0381
2022-09-16,5,0.0362
2022-09-16,7,0.0356
2022-09-16,10,0.0345
2022-09-16,20,0.0379
2022-09-16,30,0.0352
2022-09-19,0.0833,0.0262
2022-09-19,0.25,0.0337
2022-09-19,0.5,0.0387
2022-09-19,1,0.0405
2022-09-19,2,0.0395
2022-09-19,3,0.039
2022-09-19,5,0.0369
2022-09-19,7,0.0362
2022-09-19,10,0.0349
2022-09-19,20,0.0377
2022-09-19,30,0.0352
2022-09-20,0.0833,0.0257
2022-09-20,0.25,0.0335
2022-09-20,0.5,0.0386
2022-09-20,1,0.0403
2022-09-20,2,0.0396
2022-09-20,3,0.0394
2022-09-20,5,0.0375
2022-09-20,7,0.0369
2022-09-20,10,0.0357
2022-09-20,20,0.0383
2022-09-20,30,0.0359
2022-09-21,0.0833,0.0259
2022-09-21,0.25,0.0331
2022-09-21,0.5,0.0386
2022-09-21,1,0.0408
2022-09-21,2,0.0402
2022-09-21,3,0.0398
2022-09-21,5,0.0374
2022-09-21,7,0.0365
2022-09-21,10,0.0351
2022-09-21,20,0.0373
2022-09-21,30,0.035
2022-09-22,0.0833,0.0273
2022-09-22,0.25,0.0329
2022-09-22,0.5,0.0387
2022-09-22,1,0.0408
2022-09-22,2,0.0411
2022-09-22,3,0.0412
2022-09-22,5,0.0391
2022-09-22,7,0.0384
2022-09-22,10,0.037
2022-09-22,20,0.039
2022-09-22,30,0.0365
2022-09-23,0.0833,0.0267
2022-09-23,0.25,0.0324
2022-09-23,0.5,0.0385
2022-09-23,1,0.0415
2022-09-23,2,0.042
2022-09-23,3,0.0421
2022-09-23,5,0.0396
2022-09-23,7,0.0385
2022-09-23,10,0.0369
2022-09-23,20,0.0387
2022-09-23,30,0.0361
2022-09-26,0.0833,0.0273
2022-09-26,0.25,0.0339
2022-09-26,0.5,0.0395
2022-09-26,1,0.0417
2022-09-26,2,0.0427
2022-09-26,3,0.0437
2022-09-26,5,0.0415
2022-09-26,7,0.0406
2022-09-26,10,0.0388
2022-09-26,20,0.0401
2022-09-26,30,0.0372
2022-09-27,0.0833,0.0271
2022-09-27,0.25,0.0335
2022-09-27,0.5,0.0391
2022-09-27,1,0.0416
2022-09-27,2,0.043
2022-09-27,3,0.0439
2022-09-27,5,0.0421
2022-09-27,7,0.0414
2022-09-27,10,0.0397
2022-09-27,20,0.0415
2022-09-27,30,0.0387
2022-09-28,0.0833,0.0263
2022-09-28,0.25,0.034
2022-09-28,0.5,0.0387
2022-09-28,1,0.0399
2022-09-28,2,0.0407
2022-09-28,3,0.0412
2022-09-28,5,0.0392
2022-09-28,7,0.0383
2022-09-28,10,0.0372
2022-09-28,20,0.0398
2022-09-28,30,0.037
2022-09-29,0.0833,0.0278
2022-09-29,0.25,0.0336
2022-09-29,0.5,0.0387
2022-09-29,1,0.0398
2022-09-29,2,0.0416
2022-09-29,3,0.0419
2022-09-29,5,0.0398
2022-09-29,7,0.0389
2022-09-29,10,0.0376
2022-09-29,20,0.04
2022-09-29,30,0.0371
2022-09-30,0.0833,0.0279
2022-09-30,0.25,0.0333
2022-09-30,0.5,0.0392
2022-09-30,1,0.0405
2022-09-30,2,0.0422
2022-09-30,3,0.0425
2022-09-30,5,0.0406
2022-09-30,7,0.0397
2022-09-30,10,0.0383
2022-09-30,20,0.0408
2022-09-30,30,0.0379
2022-10-03,0.0833,0.0287
2022-10-03,0.25,0.0346
2022-10-03,0.5,0.0397
2022-10-03,1,0.0401
2022-10-03,2,0.0412
2022-10-03,3,0.0412
2022-10-03,5,0.039
2022-10-03,7,0.0379
2022-10-03,10,0.0367
2022-10-03,20,0.04
2022-10-03,30,0.0373
2022-10-04,0.0833,0.0291
2022-10-04,0.25,0.0345
2022-10-04,0.5,0.0398
2022-10-04,1,0.0415
2022-10-04,2,0.041
2022-10-04,3,0.0408
2022-10-04,5,0.0384
2022-10-04,7,0.0373
2022-10-04,10,0.0362
2022-10-04,20,0.0395
2022-10-04,30,0.037
2022-10-05,0.0833,0.0289
2022-10-05,0.25,0.0346
2022-10-05,0.5,0.04
2022-10-05,1,0.0414
2022-10-05,2,0.0415
2022-10-05,3,0.0417
2022-10-05,5,0.0396
2022-10-05,7,0.0387
2022-10-05,10,0.0376
2022-10-05,20,0.0405
2022-10-05,30,0.0378
2022-10-06,0.0833,0.0305
2022-10-06,0.25,0.0346
2022-10-06,0.5,0.0404
2022-10-06,1,0.0419
2022-10-06,2,0.0423
2022-10-06,3,0.0424
2022-10-06,5,0.0405
2022-10-06,7,0.0395
2022-10-06,10,0.0383
2022-10-06,20,0.0408
2022-10-06,30,0.0381
2022-10-07,0.0833,0.0303
2022-10-07,0.25,0.0345
2022-10-07,0.5,0.0409
2022-10-07,1,0.0424
2022-10-07,2,0.043
2022-10-07,3,0.0433
2022-10-07,5,0.0414
2022-10-07,7,0.0403
2022-10-07,10,0.0389
2022-10-07,20,0.0413
2022-10-07,30,0.0386
2022-10-11,0.0833,0.0307
2022-10-11,0.25,0.0367
2022-10-11,0.5,0.0417
2022-10-11,1,0.0428
2022-10-11,2,0.043
2022-10-11,3,0.0431
2022-10-11,5,0.0414
2022-10-11,7,0.0406
2022-10-11,10,0.0393
2022-10-11,20,0.0419
2022-10-11,30,0.0392
2022-10-12,0.0833,0.0307
2022-10-12,0.25,0.037
2022-10-12,0.5,0.0416
2022-10-12,1,0.0428
2022-10-12,2,0.0428
2022-10-12,3,0.0429
2022-10-12,5,0.0412
2022-10-12,7,0.0403
2022-10-12,10,0.0391
2022-10-12,20,0.0418
2022-10-12,30,0.039
2022-10-13,0.0833,0.0335
2022-10-13,0.25,0.0379
2022-10-13,0.5,0.043
2022-10-13,1,0.0446
2022-10-13,2,0.0447
2022-10-13,3,0.0444
2022-10-13,5,0.0421
2022-10-13,7,0.0411
2022-10-13,10,0.0397
2022-10-13,20,0.0425
2022-10-13,30,0.0397
2022-10-14,0.0833,0.033
2022-10-14,0.25,0.0381
2022-10-14,0.5,0.0431
2022-10-14,1,0.045
2022-10-14,2,0.0448
2022-10-14,3,0.0447
2022-10-14,5,0.0425
2022-10-14,7,0.0415
2022-10-14,10,0.04
2022-10-14,20,0.0426
2022-10-14,30,0.0399
2022-10-17,0.0833,0.033
2022-10-17,0.25,0.0397
2022-10-17,0.5,0.0438
2022-10-17,1,0.045
2022-10-17,2,0.0445
2022-10-17,3,0.0445
2022-10-17,5,0.0424
2022-10-17,7,0.0415
2022-10-17,10,0.0402
2022-10-17,20,0.0429
2022-10-17,30,0.0404
2022-10-18,0.0833,0.0325
2022-10-18,0.25,0.0404
2022-10-18,0.5,0.0439
2022-10-18,1,0.045
2022-10-18,2,0.0443
2022-10-18,3,0.0443
2022-10-18,5,0.0421
2022-10-18,7,0.0412
2022-10-18,10,0.0401
2022-10-18,20,0.0427
2022-10-18,30,0.0404
2022-10-19,0.0833,0.0331
2022-10-19,0.25,0.0407
2022-10-19,0.5,0.0445
2022-10-19,1,0.046
2022-10-19,2,0.0455
2022-10-19,3,0.0456
2022-10-19,5,0.0435
2022-10-19,7,0.0426
2022-10-19,10,0.0414
2022-10-19,20,0.0438
2022-10-19,30,0.0415
2022-10-20,0.0833,0.0358
2022-10-20,0.25,0.0409
2022-10-20,0.5,0.0448
2022-10-20,1,0.0466
2022-10-20,2,0.0462
2022-10-20,3,0.0466
2022-10-20,5,0.0445
2022-10-20,7,0.0436
2022-10-20,10,0.0424
2022-10-20,20,0.0447
2022-10-20,30,0.0424
2022-10-21,0.0833,0.0355
2022-10-21,0.25,0.0409
2022-10-21,0.5,0.0443
2022-10-21,1,0.0458
2022-10-21,2,0.0449
2022-10-21,3,0.0452
2022-10-21,5,0.0434
2022-10-21,7,0.0428
2022-10-21,10,0.0421
2022-10-21,20,0.0454
2022-10-21,30,0.0433
2022-10-24,0.0833,0.0357
2022-10-24,0.25,0.0416
2022-10-24,0.5,0.0452
2022-10-24,1,0.0461
2022-10-24,2,0.045
2022-10-24,3,0.0452
2022-10-24,5,0.0436
2022-10-24,7,0.0431
2022-10-24,10,0.0425
2022-10-24,20,0.0459
2022-10-24,30,0.044
2022-10-25,0.0833,0.0356
2022-10-25,0.25,0.0414
2022-10-25,0.5,0.045
2022-10-25,1,0.046
2022-10-25,2,0.0442
2022-10-25,3,0.0445
2022-10-25,5,0.0425
2022-10-25,7,0.0417
2022-10-25,10,0.041
2022-10-25,20,0.0445
2022-10-25,30,0.0426
2022-10-26,0.0833,0.0354
2022-10-26,0.25,0.0411
2022-10-26,0.5,0.0447
2022-10-26,1,0.0454
2022-10-26,2,0.0439
2022-10-26,3,0.0441
2022-10-26,5,0.042
2022-10-26,7,0.0412
2022-10-26,10,0.0404
2022-10-26,20,0.0438
2022-10-26,30,0.0419
2022-10-27,0.0833,0.0376
2022-10-27,0.25,0.0413
2022-10-27,0.5,0.0444
2022-10-27,1,0.045
2022-10-27,2,0.043
2022-10-27,3,0.0429
2022-10-27,5,0.0409
2022-10-27,7,0.0401
2022-10-27,10,0.0396
2022-10-27,20,0.0432
2022-10-27,30,0.0412
2022-10-28,0.0833,0.0375
2022-10-28,0.25,0.0418
2022-10-28,0.5,0.0451
2022-10-28,1,0.0455
2022-10-28,2,0.0441
2022-10-28,3,0.0438
2022-10-28,5,0.0419
2022-10-28,7,0.041
2022-10-28,10,0.0402
2022-10-28,20,0.0438
2022-10-28,30,0.0415
2022-10-31,0.0833,0.0373
2022-10-31,0.25,0.0422
2022-10-31,0.5,0.0457
2022-10-31,1,0.0466
2022-10-31,2,0.0451
2022-10-31,3,0.0445
2022-10-31,5,0.0427
2022-10-31,7,0.0418
2022-10-31,10,0.041
2022-10-31,20,0.0444
2022-10-31,30,0.0422
2022-11-01,0.0833,0.0372
2022-11-01,0.25,0.0423
2022-11-01,0.5,0.0458
2022-11-01,1,0.0475
2022-11-01,2,0.0454
2022-11-01,3,0.0448
2022-11-01,5,0.0427
2022-11-01,7,0.0418
2022-11-01,10,0.0407
2022-11-01,20,0.0437
2022-11-01,30,0.0414
2022-11-02,0.0833,0.037
2022-11-02,0.25,0.0422
2022-11-02,0.5,0.0457
2022-11-02,1,0.0476
2022-11-02,2,0.0461
2022-11-02,3,0.0454
2022-11-02,5,0.043
2022-11-02,7,0.042
2022-11-02,10,0.041
2022-11-02,20,0.0441
2022-11-02,30,0.0415
2022-11-03,0.0833,0.0375
2022-11-03,0.25,0.0425
2022-11-03,0.5,0.0457
2022-11-03,1,0.0478
2022-11-03,2,0.0471
2022-11-03,3,0.0463
2022-11-03,5,0.0436
2022-11-03,7,0.0426
2022-11-03,10,0.0414
2022-11-03,20,0.0442
2022-11-03,30,0.0418
2022-11-04,0.0833,0.0373
2022-11-04,0.25,0.0421
2022-11-04,0.5,0.0455
2022-11-04,1,0.0476
2022-11-04,2,0.0466
2022-11-04,3,0.0458
2022-11-04,5,0.0433
2022-11-04,7,0.0426
2022-11-04,10,0.0417
2022-11-04,20,0.0449
2022-11-04,30,0.0427
2022-11-07,0.0833,0.0378
2022-11-07,0.25,0.0429
2022-11-07,0.5,0.0462
2022-11-07,1,0.048
2022-11-07,2,0.0472
2022-11-07,3,0.0463
2022-11-07,5,0.0439
2022-11-07,7,0.0431
2022-11-07,10,0.0422
2022-11-07,20,0.0455
2022-11-07,30,0.0434
2022-11-08,0.0833,0.0366
2022-11-08,0.25,0.0428
2022-11-08,0.5,0.046
2022-11-08,1,0.0477
2022-11-08,2,0.0467
2022-11-08,3,0.0455
2022-11-08,5,0.0431
2022-11-08,7,0.0422
2022-11-08,10,0.0414
2022-11-08,20,0.0447
2022-11-08,30,0.0428
2022-11-09,0.0833,0.0365
2022-11-09,0.25,0.0429
2022-11-09,0.5,0.0459
2022-11-09,1,0.0475
2022-11-09,2,0.0461
2022-11-09,3,0.0449
2022-11-09,5,0.0427
2022-11-09,7,0.042
2022-11-09,10,0.0412
2022-11-09,20,0.045
2022-11-09,30,0.0431
2022-11-10,0.0833,0.0371
2022-11-10,0.25,0.0428
2022-11-10,0.5,0.0452
2022-11-10,1,0.0459
2022-11-10,2,0.0434
2022-11-10,3,0.0417
2022-11-10,5,0.0395
2022-11-10,7,0.0389
2022-11-10,10,0.0382
2022-11-10,20,0.0424
2022-11-10,30,0.0403
2022-11-14,0.0833,0.0372
2022-11-14,0.25,0.0434
2022-11-14,0.5,0.0455
2022-11-14,1,0.0463
2022-11-14,2,0.044
2022-11-14,3,0.0424
2022-11-14,5,0.04
2022-11-14,7,0.0395
2022-11-14,10,0.0388
2022-11-14,20,0.0428
2022-11-14,30,0.0407
2022-11-15,0.0833,0.0377
2022-11-15,0.25,0.0431
2022-11-15,0.5,0.0454
2022-11-15,1,0.046
2022-11-15,2,0.0437
2022-11-15,3,0.0417
2022-11-15,5,0.0393
2022-11-15,7,0.0388
2022-11-15,10,0.038
2022-11-15,20,0.042
2022-11-15,30,0.0398
2022-11-16,0.0833,0.0381
2022-11-16,0.25,0.0432
2022-11-16,0.5,0.0454
2022-11-16,1,0.0462
2022-11-16,2,0.0435
2022-11-16,3,0.0413
2022-11-16,5,0.0383
2022-11-16,7,0.0377
2022-11-16,10,0.0367
2022-11-16,20,0.0403
2022-11-16,30,0.0385
2022-11-17,0.0833,0.0393
2022-11-17,0.25,0.0432
2022-11-17,0.5,0.0457
2022-11-17,1,0.0468
2022-11-17,2,0.0443
2022-11-17,3,0.0422
2022-11-17,5,0.0393
2022-11-17,7,0.0387
2022-11-17,10,0.0377
2022-11-17,20,0.041
2022-11-17,30,0.0389
2022-11-18,0.0833,0.0393
2022-11-18,0.25,0.0434
2022-11-18,0.5,0.0461
2022-11-18,1,0.0474
2022-11-18,2,0.0451
2022-11-18,3,0.0428
2022-11-18,5,0.0399
2022-11-18,7,0.0392
2022-11-18,10,0.0382
2022-11-18,20,0.0413
2022-11-18,30,0.0392
2022-11-21,0.0833,0.0397
2022-11-21,0.25,0.0441
2022-11-21,0.5,0.0465
2022-11-21,1,0.0475
2022-11-21,2,0.0448
2022-11-21,3,0.0432
2022-11-21,5,0.0397
2022-11-21,7,0.0394
2022-11-21,10,0.0383
2022-11-21,20,0.0414
2022-11-21,30,0.0391
2022-11-22,0.0833,0.0397
2022-11-22,0.25,0.044
2022-11-22,0.5,0.0468
2022-11-22,1,0.0479
2022-11-22,2,0.0447
2022-11-22,3,0.0427
2022-11-22,5,0.0393
2022-11-22,7,0.0386
2022-11-22,10,0.0376
2022-11-22,20,0.0405
2022-11-22,30,0.0383
2022-11-23,0.0833,0.0412
2022-11-23,0.25,0.044
2022-11-23,0.5,0.0467
2022-11-23,1,0.0475
2022-11-23,2,0.0446
2022-11-23,3,0.0423
2022-11-23,5,0.0388
2022-11-23,7,0.0381
2022-11-23,10,0.0371
2022-11-23,20,0.0397
2022-11-23,30,0.0374
2022-11-25,0.0833,0.0416
2022-11-25,0.25,0.0441
2022-11-25,0.5,0.0467
2022-11-25,1,0.0476
2022-11-25,2,0.0442
2022-11-25,3,0.042
2022-11-25,5,0.0385
2022-11-25,7,0.0378
2022-11-25,10,0.0368
2022-11-25,20,0.0397
2022-11-25,30,0.0374
2022-11-28,0.0833,0.0411
2022-11-28,0.25,0.0441
2022-11-28,0.5,0.0472
2022-11-28,1,0.0476
2022-11-28,2,0.0446
2022-11-28,3,0.0422
2022-11-28,5,0.0388
2022-11-28,7,0.038
2022-11-28,10,0.0369
2022-11-28,20,0.0397
2022-11-28,30,0.0374
2022-11-29,0.0833,0.0408
2022-11-29,0.25,0.0438
2022-11-29,0.5,0.0472
2022-11-29,1,0.0478
2022-11-29,2,0.0448
2022-11-29,3,0.0424
2022-11-29,5,0.0392
2022-11-29,7,0.0385
2022-11-29,10,0.0375
2022-11-29,20,0.0402
2022-11-29,30,0.0381
2022-11-30,0.0833,0.0407
2022-11-30,0.25,0.0437
2022-11-30,0.5,0.047
2022-11-30,1,0.0474
2022-11-30,2,0.0438
2022-11-30,3,0.0413
2022-11-30,5,0.0382
2022-11-30,7,0.0376
2022-11-30,10,0.0368
2022-11-30,20,0.04
2022-11-30,30,0.038
2022-12-01,0.0833,0.0404
2022-12-01,0.25,0.0433
2022-12-01,0.5,0.0465
2022-12-01,1,0.0466
2022-12-01,2,0.0425
2022-12-01,3,0.0398
2022-12-01,5,0.0368
2022-12-01,7,0.0362
2022-12-01,10,0.0353
2022-12-01,20,0.0385
2022-12-01,30,0.0364
2022-12-02,0.0833,0.0391
2022-12-02,0.25,0.0434
2022-12-02,0.5,0.0465
2022-12-02,1,0.0469
2022-12-02,2,0.0428
2022-12-02,3,0.0399
2022-12-02,5,0.0367
2022-12-02,7,0.0361
2022-12-02,10,0.0351
2022-12-02,20,0.0379
2022-12-02,30,0.0356
2022-12-05,0.0833,0.0393
2022-12-05,0.25,0.0436
2022-12-05,0.5,0.0473
2022-12-05,1,0.0477
2022-12-05,2,0.0441
2022-12-05,3,0.0413
2022-12-05,5,0.038
2022-12-05,7,0.0372
2022-12-05,10,0.036
2022-12-05,20,0.0384
2022-12-05,30,0.0362
2022-12-06,0.0833,0.0387
2022-12-06,0.25,0.0437
2022-12-06,0.5,0.0474
2022-12-06,1,0.0473
2022-12-06,2,0.0434
2022-12-06,3,0.0407
2022-12-06,5,0.0373
2022-12-06,7,0.0364
2022-12-06,10,0.0351
2022-12-06,20,0.0377
2022-12-06,30,0.0352
2022-12-07,0.0833,0.0379
2022-12-07,0.25,0.0429
2022-12-07,0.5,0.0472
2022-12-07,1,0.0467
2022-12-07,2,0.0426
2022-12-07,3,0.0397
2022-12-07,5,0.0362
2022-12-07,7,0.0354
2022-12-07,10,0.0342
2022-12-07,20,0.0366
2022-12-07,30,0.0342
2022-12-08,0.0833,0.0375
2022-12-08,0.25,0.0428
2022-12-08,0.5,0.0471
2022-12-08,1,0.0471
2022-12-08,2,0.0431
2022-12-08,3,0.0404
2022-12-08,5,0.0371
2022-12-08,7,0.0363
2022-12-08,10,0.0348
2022-12-08,20,0.0371
2022-12-08,30,0.0344
2022-12-09,0.0833,0.0381
2022-12-09,0.25,0.0431
2022-12-09,0.5,0.0472
2022-12-09,1,0.0472
2022-12-09,2,0.0433
2022-12-09,3,0.0407
2022-12-09,5,0.0375
2022-12-09,7,0.0369
2022-12-09,10,0.0357
2022-12-09,20,0.0382
2022-12-09,30,0.0356
2022-12-12,0.0833,0.0386
2022-12-12,0.25,0.0438
2022-12-12,0.5,0.0478
2022-12-12,1,0.0475
2022-12-12,2,0.0439
2022-12-12,3,0.041
2022-12-12,5,0.038
2022-12-12,7,0.0373
2022-12-12,10,0.0361
2022-12-12,20,0.0384
2022-12-12,30,0.0357
2022-12-13,0.0833,0.0389
2022-12-13,0.25,0.0435
2022-12-13,0.5,0.047
2022-12-13,1,0.0464
2022-12-13,2,0.0422
2022-12-13,3,0.0396
2022-12-13,5,0.0366
2022-12-13,7,0.036
2022-12-13,10,0.0351
2022-12-13,20,0.0374
2022-12-13,30,0.0353
2022-12-14,0.0833,0.0391
2022-12-14,0.25,0.0433
2022-12-14,0.5,0.0468
2022-12-14,1,0.0464
2022-12-14,2,0.0423
2022-12-14,3,0.0394
2022-12-14,5,0.0364
2022-12-14,7,0.0359
2022-12-14,10,0.0349
2022-12-14,20,0.0374
2022-12-14,30,0.0352
2022-12-15,0.0833,0.0395
2022-12-15,0.25,0.0434
2022-12-15,0.5,0.047
2022-12-15,1,0.0465
2022-12-15,2,0.0423
2022-12-15,3,0.0396
2022-12-15,5,0.0362
2022-12-15,7,0.0356
2022-12-15,10,0.0344
2022-12-15,20,0.0369
2022-12-15,30,0.0348
2022-12-16,0.0833,0.0394
2022-12-16,0.25,0.0431
2022-12-16,0.5,0.0468
2022-12-16,1,0.0461
2022-12-16,2,0.0417
2022-12-16,3,0.0391
2022-12-16,5,0.0361
2022-12-16,7,0.0358
2022-12-16,10,0.0348
2022-12-16,20,0.0373
2022-12-16,30,0.0353
2022-12-19,0.0833,0.0395
2022-12-19,0.25,0.0437
2022-12-19,0.5,0.0471
2022-12-19,1,0.0464
2022-12-19,2,0.0425
2022-12-19,3,0.0399
2022-12-19,5,0.037
2022-12-19,7,0.0367
2022-12-19,10,0.0357
2022-12-19,20,0.0382
2022-12-19,30,0.0362
2022-12-20,0.0833,0.0389
2022-12-20,0.25,0.0435
2022-12-20,0.5,0.047
2022-12-20,1,0.0464
2022-12-20,2,0.0425
2022-12-20,3,0.0403
2022-12-20,5,0.0379
2022-12-20,7,0.0378
2022-12-20,10,0.0369
2022-12-20,20,0.0394
2022-12-20,30,0.0374
2022-12-21,0.0833,0.039
2022-12-21,0.25,0.0433
2022-12-21,0.5,0.0467
2022-12-21,1,0.046
2022-12-21,2,0.0421
2022-12-21,3,0.04
2022-12-21,5,0.0378
2022-12-21,7,0.0377
2022-12-21,10,0.0368
2022-12-21,20,0.0393
2022-12-21,30,0.0374
2022-12-22,0.0833,0.038
2022-12-22,0.25,0.0435
2022-12-22,0.5,0.0466
2022-12-22,1,0.0464
2022-12-22,2,0.0424
2022-12-22,3,0.0402
2022-12-22,5,0.0379
2022-12-22,7,0.0377
2022-12-22,10,0.0367
2022-12-22,20,0.0391
2022-12-22,30,0.0373
2022-12-23,0.0833,0.038
2022-12-23,0.25,0.0434
2022-12-23,0.5,0.0467
2022-12-23,1,0.0466
2022-12-23,2,0.0431
2022-12-23,3,0.0409
2022-12-23,5,0.0386
2022-12-23,7,0.0383
2022-12-23,10,0.0375
2022-12-23,20,0.0399
2022-12-23,30,0.0382
2022-12-27,0.0833,0.0387
2022-12-27,0.25,0.0446
2022-12-27,0.5,0.0476
2022-12-27,1,0.0475
2022-12-27,2,0.0432
2022-12-27,3,0.0417
2022-12-27,5,0.0394
2022-12-27,7,0.0393
2022-12-27,10,0.0384
2022-12-27,20,0.041
2022-12-27,30,0.0393
2022-12-28,0.0833,0.0386
2022-12-28,0.25,0.0446
2022-12-28,0.5,0.0475
2022-12-28,1,0.0471
2022-12-28,2,0.0431
2022-12-28,3,0.0418
2022-12-28,5,0.0397
2022-12-28,7,0.0397
2022-12-28,10,0.0388
2022-12-28,20,0.0413
2022-12-28,30,0.0398
2022-12-29,0.0833,0.0404
2022-12-29,0.25,0.0445
2022-12-29,0.5,0.0473
2022-12-29,1,0.0471
2022-12-29,2,0.0434
2022-12-29,3,0.0416
2022-12-29,5,0.0394
2022-12-29,7,0.0391
2022-12-29,10,0.0383
2022-12-29,20,0.0409
2022-12-29,30,0.0392
2022-12-30,0.0833,0.0412
2022-12-30,0.25,0.0442
2022-12-30,0.5,0.0476
2022-12-30,1,0.0473
2022-12-30,2,0.0441
2022-12-30,3,0.0422
2022-12-30,5,0.0399
2022-12-30,7,0.0396
2022-12-30,10,0.0388
2022-12-30,20,0.0414
2022-12-30,30,0.0397
2023-01-03,0.0833,0.0417
2023-01-03,0.25,0.0453
2023-01-03,0.5,0.0477
2023-01-03,1,0.0472
2023-01-03,2,0.044
2023-01-03,3,0.0418
2023-01-03,5,0.0394
2023-01-03,7,0.0389
2023-01-03,10,0.0379
2023-01-03,20,0.0406
2023-01-03,30,0.0388
2023-01-04,0.0833,0.042
2023-01-04,0.25,0.0455
2023-01-04,0.5,0.0477
2023-01-04,1,0.0471
2023-01-04,2,0.0436
2023-01-04,3,0.0411
2023-01-04,5,0.0385
2023-01-04,7,0.0379
2023-01-04,10,0.0369
2023-01-04,20,0.0397
2023-01-04,30,0.0381
2023-01-05,0.0833,0.043
2023-01-05,0.25,0.0466
2023-01-05,0.5,0.0481
2023-01-05,1,0.0478
2023-01-05,2,0.0445
2023-01-05,3,0.0418
2023-01-05,5,0.039
2023-01-05,7,0.0382
2023-01-05,10,0.0371
2023-01-05,20,0.0396
2023-01-05,30,0.0378
2023-01-06,0.0833,0.0432
2023-01-06,0.25,0.0467
2023-01-06,0.5,0.0479
2023-01-06,1,0.0471
2023-01-06,2,0.0424
2023-01-06,3,0.0396
2023-01-06,5,0.0369
2023-01-06,7,0.0363
2023-01-06,10,0.0355
2023-01-06,20,0.0384
2023-01-06,30,0.0367
2023-01-09,0.0833,0.0437
2023-01-09,0.25,0.047
2023-01-09,0.5,0.0483
2023-01-09,1,0.0469
2023-01-09,2,0.0419
2023-01-09,3,0.0393
2023-01-09,5,0.0366
2023-01-09,7,0.036
2023-01-09,10,0.0353
2023-01-09,20,0.0383
2023-01-09,30,0.0366
2023-01-10,0.0833,0.0441
2023-01-10,0.25,0.0473
2023-01-10,0.5,0.0485
2023-01-10,1,0.0474
2023-01-10,2,0.0424
2023-01-10,3,0.0394
2023-01-10,5,0.0372
2023-01-10,7,0.0367
2023-01-10,10,0.0361
2023-01-10,20,0.0391
2023-01-10,30,0.0374
2023-01-11,0.0833,0.0442
2023-01-11,0.25,0.0472
2023-01-11,0.5,0.0484
2023-01-11,1,0.0473
2023-01-11,2,0.042
2023-01-11,3,0.039
2023-01-11,5,0.0366
2023-01-11,7,0.0361
2023-01-11,10,0.0354
2023-01-11,20,0.0384
2023-01-11,30,0.0367
2023-01-12,0.0833,0.0457
2023-01-12,0.25,0.0466
2023-01-12,0.5,0.0476
2023-01-12,1,0.0466
2023-01-12,2,0.0412
2023-01-12,3,0.0379
2023-01-12,5,0.0353
2023-01-12,7,0.0348
2023-01-12,10,0.0343
2023-01-12,20,0.0373
2023-01-12,30,0.0356
2023-01-13,0.0833,0.0458
2023-01-13,0.25,0.0467
2023-01-13,0.5,0.0477
2023-01-13,1,0.0469
2023-01-13,2,0.0422
2023-01-13,3,0.0388
2023-01-13,5,0.036
2023-01-13,7,0.0355
2023-01-13,10,0.0349
2023-01-13,20,0.0379
2023-01-13,30,0.0361
2023-01-17,0.0833,0.046
2023-01-17,0.25,0.0471
2023-01-17,0.5,0.0482
2023-01-17,1,0.0467
2023-01-17,2,0.0418
2023-01-17,3,0.0386
2023-01-17,5,0.036
2023-01-17,7,0.0357
2023-01-17,10,0.0353
2023-01-17,20,0.0381
2023-01-17,30,0.0364
2023-01-18,0.0833,0.0459
2023-01-18,0.25,0.0469
2023-01-18,0.5,0.0479
2023-01-18,1,0.0463
2023-01-18,2,0.0406
2023-01-18,3,0.0372
2023-01-18,5,0.0343
2023-01-18,7,0.034
2023-01-18,10,0.0337
2023-01-18,20,0.0365
2023-01-18,30,0.0354
2023-01-19,0.0833,0.0469
2023-01-19,0.25,0.0471
2023-01-19,0.5,0.0479
2023-01-19,1,0.0465
2023-01-19,2,0.0409
2023-01-19,3,0.0376
2023-01-19,5,0.0348
2023-01-19,7,0.0343
2023-01-19,10,0.0339
2023-01-19,20,0.0369
2023-01-19,30,0.0357
2023-01-20,0.0833,0.0469
2023-01-20,0.25,0.0472
2023-01-20,0.5,0.048
2023-01-20,1,0.0468
2023-01-20,2,0.0414
2023-01-20,3,0.0383
2023-01-20,5,0.0356
2023-01-20,7,0.0351
2023-01-20,10,0.0348
2023-01-20,20,0.0377
2023-01-20,30,0.0366
2023-01-23,0.0833,0.0469
2023-01-23,0.25,0.0473
2023-01-23,0.5,0.0482
2023-01-23,1,0.047
2023-01-23,2,0.0421
2023-01-23,3,0.0388
2023-01-23,5,0.0361
2023-01-23,7,0.0356
2023-01-23,10,0.0352
2023-01-23,20,0.038
2023-01-23,30,0.0369
2023-01-24,0.0833,0.047
2023-01-24,0.25,0.0472
2023-01-24,0.5,0.0484
2023-01-24,1,0.047
2023-01-24,2,0.0412
2023-01-24,3,0.0386
2023-01-24,5,0.0358
2023-01-24,7,0.0352
2023-01-24,10,0.0346
2023-01-24,20,0.0373
2023-01-24,30,0.0362
2023-01-25,0.0833,0.0467
2023-01-25,0.25,0.0472
2023-01-25,0.5,0.0479
2023-01-25,1,0.0467
2023-01-25,2,0.0411
2023-01-25,3,0.0384
2023-01-25,5,0.0354
2023-01-25,7,0.0351
2023-01-25,10,0.0346
2023-01-25,20,0.0374
2023-01-25,30,0.0362
2023-01-26,0.0833,0.0461
2023-01-26,0.25,0.0471
2023-01-26,0.5,0.0479
2023-01-26,1,0.0468
2023-01-26,2,0.0417
2023-01-26,3,0.0388
2023-01-26,5,0.0358
2023-01-26,7,0.0354
2023-01-26,10,0.0349
2023-01-26,20,0.0375
2023-01-26,30,0.0362
2023-01-27,0.0833,0.0461
2023-01-27,0.25,0.0473
2023-01-27,0.5,0.0481
2023-01-27,1,0.0468
2023-01-27,2,0.0419
2023-01-27,3,0.039
2023-01-27,5,0.0362
2023-01-27,7,0.0358
2023-01-27,10,0.0352
2023-01-27,20,0.0377
2023-01-27,30,0.0364
2023-01-30,0.0833,0.046
2023-01-30,0.25,0.0472
2023-01-30,0.5,0.0482
2023-01-30,1,0.0471
2023-01-30,2,0.0425
2023-01-30,3,0.0396
2023-01-30,5,0.0368
2023-01-30,7,0.0362
2023-01-30,10,0.0355
2023-01-30,20,0.0379
2023-01-30,30,0.0366
2023-01-31,0.0833,0.0458
2023-01-31,0.25,0.047
2023-01-31,0.5,0.048
2023-01-31,1,0.0468
2023-01-31,2,0.0421
2023-01-31,3,0.039
2023-01-31,5,0.0363
2023-01-31,7,0.0359
2023-01-31,10,0.0352
2023-01-31,20,0.0378
2023-01-31,30,0.0365
2023-02-01,0.0833,0.0459
2023-02-01,0.25,0.0466
2023-02-01,0.5,0.0479
2023-02-01,1,0.0466
2023-02-01,2,0.0409
2023-02-01,3,0.0375
2023-02-01,5,0.0348
2023-02-01,7,0.0343
2023-02-01,10,0.0339
2023-02-01,20,0.0367
2023-02-01,30,0.0355
2023-02-02,0.0833,0.0462
2023-02-02,0.25,0.0466
2023-02-02,0.5,0.0476
2023-02-02,1,0.0464
2023-02-02,2,0.0409
2023-02-02,3,0.0375
2023-02-02,5,0.0349
2023-02-02,7,0.0344
2023-02-02,10,0.034
2023-02-02,20,0.0367
2023-02-02,30,0.0355
2023-02-03,0.0833,0.0461
2023-02-03,0.25,0.047
2023-02-03,0.5,0.0482
2023-02-03,1,0.0479
2023-02-03,2,0.043
2023-02-03,3,0.0396
2023-02-03,5,0.0367
2023-02-03,7,0.0361
2023-02-03,10,0.0353
2023-02-03,20,0.0377
2023-02-03,30,0.0363
2023-02-06,0.0833,0.0461
2023-02-06,0.25,0.0471
2023-02-06,0.5,0.0489
2023-02-06,1,0.0485
2023-02-06,2,0.0444
2023-02-06,3,0.041
2023-02-06,5,0.0381
2023-02-06,7,0.0373
2023-02-06,10,0.0363
2023-02-06,20,0.0382
2023-02-06,30,0.0367
2023-02-07,0.0833,0.0462
2023-02-07,0.25,0.0471
2023-02-07,0.5,0.0489
2023-02-07,1,0.0488
2023-02-07,2,0.0447
2023-02-07,3,0.0411
2023-02-07,5,0.0385
2023-02-07,7,0.0378
2023-02-07,10,0.0367
2023-02-07,20,0.0387
2023-02-07,30,0.0372
2023-02-08,0.0833,0.0464
2023-02-08,0.25,0.0472
2023-02-08,0.5,0.0488
2023-02-08,1,0.0487
2023-02-08,2,0.0445
2023-02-08,3,0.0408
2023-02-08,5,0.0382
2023-02-08,7,0.0375
2023-02-08,10,0.0363
2023-02-08,20,0.0386
2023-02-08,30,0.037
2023-02-09,0.0833,0.0466
2023-02-09,0.25,0.0477
2023-02-09,0.5,0.049
2023-02-09,1,0.0488
2023-02-09,2,0.0448
2023-02-09,3,0.0415
2023-02-09,5,0.0387
2023-02-09,7,0.0379
2023-02-09,10,0.0367
2023-02-09,20,0.039
2023-02-09,30,0.0375
2023-02-10,0.0833,0.0466
2023-02-10,0.25,0.0479
2023-02-10,0.5,0.0489
2023-02-10,1,0.0489
2023-02-10,2,0.045
2023-02-10,3,0.0419
2023-02-10,5,0.0393
2023-02-10,7,0.0386
2023-02-10,10,0.0374
2023-02-10,20,0.0396
2023-02-10,30,0.0383
2023-02-13,0.0833,0.0466
2023-02-13,0.25,0.0481
2023-02-13,0.5,0.0499
2023-02-13,1,0.0491
2023-02-13,2,0.0452
2023-02-13,3,0.0422
2023-02-13,5,0.0393
2023-02-13,7,0.0384
2023-02-13,10,0.0372
2023-02-13,20,0.0392
2023-02-13,30,0.0379
2023-02-14,0.0833,0.0463
2023-02-14,0.25,0.048
2023-02-14,0.5,0.0498
2023-02-14,1,0.0499
2023-02-14,2,0.046
2023-02-14,3,0.0432
2023-02-14,5,0.04
2023-02-14,7,0.039
2023-02-14,10,0.0377
2023-02-14,20,0.0394
2023-02-14,30,0.0381
2023-02-15,0.0833,0.0464
2023-02-15,0.25,0.0479
2023-02-15,0.5,0.0497
2023-02-15,1,0.0496
2023-02-15,2,0.0462
2023-02-15,3,0.0435
2023-02-15,5,0.0404
2023-02-15,7,0.0394
2023-02-15,10,0.0381
2023-02-15,20,0.0397
2023-02-15,30,0.0385
2023-02-16,0.0833,0.0466
2023-02-16,0.25,0.0484
2023-02-16,0.5,0.0498
2023-02-16,1,0.0499
2023-02-16,2,0.0462
2023-02-16,3,0.0435
2023-02-16,5,0.0406
2023-02-16,7,0.0398
2023-02-16,10,0.0386
2023-02-16,20,0.0405
2023-02-16,30,0.0392
2023-02-17,0.0833,0.0464
2023-02-17,0.25,0.0484
2023-02-17,0.5,0.0499
2023-02-17,1,0.05
2023-02-17,2,0.046
2023-02-17,3,0.0433
2023-02-17,5,0.0403
2023-02-17,7,0.0395
2023-02-17,10,0.0382
2023-02-17,20,0.0401
2023-02-17,30,0.0388
2023-02-21,0.0833,0.0463
2023-02-21,0.25,0.0486
2023-02-21,0.5,0.0507
2023-02-21,1,0.0507
2023-02-21,2,0.0467
2023-02-21,3,0.0444
2023-02-21,5,0.0416
2023-02-21,7,0.0408
2023-02-21,10,0.0395
2023-02-21,20,0.0412
2023-02-21,30,0.0398
2023-02-22,0.0833,0.0462
2023-02-22,0.25,0.0484
2023-02-22,0.5,0.0508
2023-02-22,1,0.0507
2023-02-22,2,0.0466
2023-02-22,3,0.0443
2023-02-22,5,0.0413
2023-02-22,7,0.0407
2023-02-22,10,0.0393
2023-02-22,20,0.0409
2023-02-22,30,0.0394
2023-02-23,0.0833,0.0466
2023-02-23,0.25,0.0484
2023-02-23,0.5,0.0505
2023-02-23,1,0.0503
2023-02-23,2,0.0466
2023-02-23,3,0.044
2023-02-23,5,0.0409
2023-02-23,7,0.0402
2023-02-23,10,0.0388
2023-02-23,20,0.0404
2023-02-23,30,0.0388
2023-02-24,0.0833,0.0468
2023-02-24,0.25,0.0486
2023-02-24,0.5,0.0506
2023-02-24,1,0.0505
2023-02-24,2,0.0478
2023-02-24,3,0.0452
2023-02-24,5,0.0419
2023-02-24,7,0.041
2023-02-24,10,0.0395
2023-02-24,20,0.0411
2023-02-24,30,0.0393
2023-02-27,0.0833,0.0467
2023-02-27,0.25,0.0489
2023-02-27,0.5,0.0518
2023-02-27,1,0.0503
2023-02-27,2,0.0478
2023-02-27,3,0.0449
2023-02-27,5,0.0417
2023-02-27,7,0.0408
2023-02-27,10,0.0392
2023-02-27,20,0.0411
2023-02-27,30,0.0393
2023-02-28,0.0833,0.0465
2023-02-28,0.25,0.0488
2023-02-28,0.5,0.0517
2023-02-28,1,0.0502
2023-02-28,2,0.0481
2023-02-28,3,0.0451
2023-02-28,5,0.0418
2023-02-28,7,0.0407
2023-02-28,10,0.0392
2023-02-28,20,0.041
2023-02-28,30,0.0393
2023-03-01,0.0833,0.0467
2023-03-01,0.25,0.049
2023-03-01,0.5,0.052
2023-03-01,1,0.0506
2023-03-01,2,0.0489
2023-03-01,3,0.0461
2023-03-01,5,0.0427
2023-03-01,7,0.0417
2023-03-01,10,0.0401
2023-03-01,20,0.0417
2023-03-01,30,0.0397
2023-03-02,0.0833,0.0475
2023-03-02,0.25,0.0491
2023-03-02,0.5,0.0518
2023-03-02,1,0.0504
2023-03-02,2,0.0489
2023-03-02,3,0.0463
2023-03-02,5,0.0432
2023-03-02,7,0.0424
2023-03-02,10,0.0408
2023-03-02,20,0.0424
2023-03-02,30,0.0403
2023-03-03,0.0833,0.0475
2023-03-03,0.25,0.0491
2023-03-03,0.5,0.0518
2023-03-03,1,0.0503
2023-03-03,2,0.0486
2023-03-03,3,0.046
2023-03-03,5,0.0426
2023-03-03,7,0.0415
2023-03-03,10,0.0397
2023-03-03,20,0.0412
2023-03-03,30,0.039
2023-03-06,0.0833,0.0475
2023-03-06,0.25,0.0493
2023-03-06,0.5,0.0522
2023-03-06,1,0.0505
2023-03-06,2,0.0489
2023-03-06,3,0.0461
2023-03-06,5,0.0427
2023-03-06,7,0.0416
2023-03-06,10,0.0398
2023-03-06,20,0.0414
2023-03-06,30,0.0392
2023-03-07,0.0833,0.048
2023-03-07,0.25,0.0504
2023-03-07,0.5,0.0532
2023-03-07,1,0.0522
2023-03-07,2,0.05
2023-03-07,3,0.0466
2023-03-07,5,0.0431
2023-03-07,7,0.0417
2023-03-07,10,0.0397
2023-03-07,20,0.0411
2023-03-07,30,0.0388
2023-03-08,0.0833,0.0477
2023-03-08,0.25,0.0506
2023-03-08,0.5,0.0534
2023-03-08,1,0.0525
2023-03-08,2,0.0505
2023-03-08,3,0.0471
2023-03-08,5,0.0434
2023-03-08,7,0.0419
2023-03-08,10,0.0398
2023-03-08,20,0.0411
2023-03-08,30,0.0388
2023-03-09,0.0833,0.0483
2023-03-09,0.25,0.0505
2023-03-09,0.5,0.0532
2023-03-09,1,0.0518
2023-03-09,2,0.049
2023-03-09,3,0.0456
2023-03-09,5,0.0422
2023-03-09,7,0.041
2023-03-09,10,0.0393
2023-03-09,20,0.0409
2023-03-09,30,0.0388
2023-03-10,0.0833,0.0481
2023-03-10,0.25,0.0501
2023-03-10,0.5,0.0517
2023-03-10,1,0.049
2023-03-10,2,0.046
2023-03-10,3,0.0431
2023-03-10,5,0.0396
2023-03-10,7,0.0386
2023-03-10,10,0.037
2023-03-10,20,0.039
2023-03-10,30,0.037
2023-03-13,0.0833,0.0462
2023-03-13,0.25,0.0487
2023-03-13,0.5,0.0481
2023-03-13,1,0.043
2023-03-13,2,0.0403
2023-03-13,3,0.0388
2023-03-13,5,0.0368
2023-03-13,7,0.0365
2023-03-13,10,0.0355
2023-03-13,20,0.0385
2023-03-13,30,0.037
2023-03-14,0.0833,0.0447
2023-03-14,0.25,0.0488
2023-03-14,0.5,0.0493
2023-03-14,1,0.0445
2023-03-14,2,0.042
2023-03-14,3,0.0405
2023-03-14,5,0.0378
2023-03-14,7,0.0374
2023-03-14,10,0.0364
2023-03-14,20,0.0391
2023-03-14,30,0.0377
2023-03-15,0.0833,0.0423
2023-03-15,0.25,0.0475
2023-03-15,0.5,0.0473
2023-03-15,1,0.0419
2023-03-15,2,0.0393
2023-03-15,3,0.0383
2023-03-15,5,0.0359
2023-03-15,7,0.0357
2023-03-15,10,0.0351
2023-03-15,20,0.0382
2023-03-15,30,0.037
2023-03-16,0.0833,0.0422
2023-03-16,0.25,0.0474
2023-03-16,0.5,0.0494
2023-03-16,1,0.0449
2023-03-16,2,0.0414
2023-03-16,3,0.0399
2023-03-16,5,0.0372
2023-03-16,7,0.0367
2023-03-16,10,0.0356
2023-03-16,20,0.0387
2023-03-16,30,0.0371
2023-03-17,0.0833,0.0431
2023-03-17,0.25,0.0452
2023-03-17,0.5,0.0471
2023-03-17,1,0.0426
2023-03-17,2,0.0381
2023-03-17,3,0.0368
2023-03-17,5,0.0344
2023-03-17,7,0.0345
2023-03-17,10,0.0339
2023-03-17,20,0.0376
2023-03-17,30,0.036
2023-03-20,0.0833,0.0434
2023-03-20,0.25,0.0481
2023-03-20,0.5,0.048
2023-03-20,1,0.0434
2023-03-20,2,0.0392
2023-03-20,3,0.0377
2023-03-20,5,0.0356
2023-03-20,7,0.0355
2023-03-20,10,0.0347
2023-03-20,20,0.0383
2023-03-20,30,0.0365
2023-03-21,0.0833,0.0407
2023-03-21,0.25,0.0478
2023-03-21,0.5,0.0496
2023-03-21,1,0.0468
2023-03-21,2,0.0417
2023-03-21,3,0.0398
2023-03-21,5,0.0373
2023-03-21,7,0.0368
2023-03-21,10,0.0359
2023-03-21,20,0.039
2023-03-21,30,0.0373
2023-03-22,0.0833,0.0416
2023-03-22,0.25,0.0479
2023-03-22,0.5,0.0495
2023-03-22,1,0.0456
2023-03-22,2,0.0396
2023-03-22,3,0.0376
2023-03-22,5,0.0354
2023-03-22,7,0.0353
2023-03-22,10,0.0348
2023-03-22,20,0.0383
2023-03-22,30,0.0368
2023-03-23,0.0833,0.0426
2023-03-23,0.25,0.0473
2023-03-23,0.5,0.048
2023-03-23,1,0.0438
2023-03-23,2,0.0376
2023-03-23,3,0.0357
2023-03-23,5,0.0339
2023-03-23,7,0.0339
2023-03-23,10,0.0338
2023-03-23,20,0.0378
2023-03-23,30,0.0366
2023-03-24,0.0833,0.0428
2023-03-24,0.25,0.0474
2023-03-24,0.5,0.0476
2023-03-24,1,0.0432
2023-03-24,2,0.0376
2023-03-24,3,0.0358
2023-03-24,5,0.0341
2023-03-24,7,0.034
2023-03-24,10,0.0338
2023-03-24,20,0.0377
2023-03-24,30,0.0364
2023-03-27,0.0833,0.0422
2023-03-27,0.25,0.0491
2023-03-27,0.5,0.0486
2023-03-27,1,0.0451
2023-03-27,2,0.0394
2023-03-27,3,0.0379
2023-03-27,5,0.0359
2023-03-27,7,0.0357
2023-03-27,10,0.0353
2023-03-27,20,0.039
2023-03-27,30,0.0377
2023-03-28,0.0833,0.0424
2023-03-28,0.25,0.048
2023-03-28,0.5,0.049
2023-03-28,1,0.0455
2023-03-28,2,0.0402
2023-03-28,3,0.0384
2023-03-28,5,0.0363
2023-03-28,7,0.036
2023-03-28,10,0.0355
2023-03-28,20,0.039
2023-03-28,30,0.0377
2023-03-29,0.0833,0.0434
2023-03-29,0.25,0.048
2023-03-29,0.5,0.0492
2023-03-29,1,0.0459
2023-03-29,2,0.0408
2023-03-29,3,0.0387
2023-03-29,5,0.0367
2023-03-29,7,0.0362
2023-03-29,10,0.0357
2023-03-29,20,0.0391
2023-03-29,30,0.0378
2023-03-30,0.0833,0.0474
2023-03-30,0.25,0.0497
2023-03-30,0.5,0.0492
2023-03-30,1,0.0463
2023-03-30,2,0.041
2023-03-30,3,0.0387
2023-03-30,5,0.0366
2023-03-30,7,0.0361
2023-03-30,10,0.0355
2023-03-30,20,0.0388
2023-03-30,30,0.0374
2023-03-31,0.0833,0.0474
2023-03-31,0.25,0.0485
2023-03-31,0.5,0.0494
2023-03-31,1,0.0464
2023-03-31,2,0.0406
2023-03-31,3,0.0381
2023-03-31,5,0.036
2023-03-31,7,0.0355
2023-03-31,10,0.0348
2023-03-31,20,0.0381
2023-03-31,30,0.0367
2023-04-03,0.0833,0.047
2023-04-03,0.25,0.049
2023-04-03,0.5,0.0488
2023-04-03,1,0.046
2023-04-03,2,0.0397
2023-04-03,3,0.0373
2023-04-03,5,0.0352
2023-04-03,7,0.0348
2023-04-03,10,0.0343
2023-04-03,20,0.0378
2023-04-03,30,0.0364
2023-04-04,0.0833,0.0466
2023-04-04,0.25,0.0488
2023-04-04,0.5,0.048
2023-04-04,1,0.045
2023-04-04,2,0.0384
2023-04-04,3,0.036
2023-04-04,5,0.0339
2023-04-04,7,0.0338
2023-04-04,10,0.0335
2023-04-04,20,0.0372
2023-04-04,30,0.036
2023-04-05,0.0833,0.0462
2023-04-05,0.25,0.0486
2023-04-05,0.5,0.0482
2023-04-05,1,0.0443
2023-04-05,2,0.0379
2023-04-05,3,0.0355
2023-04-05,5,0.0336
2023-04-05,7,0.0334
2023-04-05,10,0.033
2023-04-05,20,0.0367
2023-04-05,30,0.0356
2023-04-06,0.0833,0.0457
2023-04-06,0.25,0.0491
2023-04-06,0.5,0.0493
2023-04-06,1,0.0451
2023-04-06,2,0.0382
2023-04-06,3,0.0359
2023-04-06,5,0.0337
2023-04-06,7,0.0334
2023-04-06,10,0.033
2023-04-06,20,0.0366
2023-04-06,30,0.0354
2023-04-07,0.0833,0.0456
2023-04-07,0.25,0.0495
2023-04-07,0.5,0.0495
2023-04-07,1,0.0461
2023-04-07,2,0.0397
2023-04-07,3,0.0372
2023-04-07,5,0.0349
2023-04-07,7,0.0345
2023-04-07,10,0.0339
2023-04-07,20,0.0373
2023-04-07,30,0.0361
2023-04-10,0.0833,0.0453
2023-04-10,0.25,0.0508
2023-04-10,0.5,0.0498
2023-04-10,1,0.0465
2023-04-10,2,0.04
2023-04-10,3,0.0375
2023-04-10,5,0.0352
2023-04-10,7,0.0347
2023-04-10,10,0.0341
2023-04-10,20,0.0374
2023-04-10,30,0.0362
2023-04-11,0.0833,0.0427
2023-04-11,0.25,0.0504
2023-04-11,0.5,0.0499
2023-04-11,1,0.0467
2023-04-11,2,0.0403
2023-04-11,3,0.0376
2023-04-11,5,0.0354
2023-04-11,7,0.0348
2023-04-11,10,0.0343
2023-04-11,20,0.0375
2023-04-11,30,0.0362
2023-04-12,0.0833,0.0427
2023-04-12,0.25,0.0502
2023-04-12,0.5,0.0498
2023-04-12,1,0.0464
2023-04-12,2,0.0395
2023-04-12,3,0.0368
2023-04-12,5,0.0346
2023-04-12,7,0.0343
2023-04-12,10,0.0341
2023-04-12,20,0.0375
2023-04-12,30,0.0364
2023-04-13,0.0833,0.0408
2023-04-13,0.25,0.051
2023-04-13,0.5,0.0495
2023-04-13,1,0.0466
2023-04-13,2,0.0396
2023-04-13,3,0.037
2023-04-13,5,0.0351
2023-04-13,7,0.0348
2023-04-13,10,0.0345
2023-04-13,20,0.038
2023-04-13,30,0.0369
2023-04-14,0.0833,0.0429
2023-04-14,0.25,0.0514
2023-04-14,0.5,0.0503
2023-04-14,1,0.0477
2023-04-14,2,0.0408
2023-04-14,3,0.0383
2023-04-14,5,0.036
2023-04-14,7,0.0356
2023-04-14,10,0.0352
2023-04-14,20,0.0385
2023-04-14,30,0.0374
2023-04-17,0.0833,0.0409
2023-04-17,0.25,0.0521
2023-04-17,0.5,0.0507
2023-04-17,1,0.048
2023-04-17,2,0.0418
2023-04-17,3,0.0392
2023-04-17,5,0.0369
2023-04-17,7,0.0364
2023-04-17,10,0.036
2023-04-17,20,0.0392
2023-04-17,30,0.0381
2023-04-18,0.0833,0.0389
2023-04-18,0.25,0.052
2023-04-18,0.5,0.0509
2023-04-18,1,0.0481
2023-04-18,2,0.0419
2023-04-18,3,0.0392
2023-04-18,5,0.0369
2023-04-18,7,0.0363
2023-04-18,10,0.0358
2023-04-18,20,0.0391
2023-04-18,30,0.0379
2023-04-19,0.0833,0.0395
2023-04-19,0.25,0.0516
2023-04-19,0.5,0.051
2023-04-19,1,0.0484
2023-04-19,2,0.0424
2023-04-19,3,0.0397
2023-04-19,5,0.0371
2023-04-19,7,0.0366
2023-04-19,10,0.036
2023-04-19,20,0.039
2023-04-19,30,0.0379
2023-04-20,0.0833,0.034
2023-04-20,0.25,0.0512
2023-04-20,0.5,0.0506
2023-04-20,1,0.0477
2023-04-20,2,0.0414
2023-04-20,3,0.0387
2023-04-20,5,0.0363
2023-04-20,7,0.0359
2023-04-20,10,0.0354
2023-04-20,20,0.0387
2023-04-20,30,0.0375
2023-04-21,0.0833,0.0336
2023-04-21,0.25,0.0514
2023-04-21,0.5,0.0507
2023-04-21,1,0.0478
2023-04-21,2,0.0417
2023-04-21,3,0.0389
2023-04-21,5,0.0366
2023-04-21,7,0.0362
2023-04-21,10,0.0357
2023-04-21,20,0.039
2023-04-21,30,0.0378
2023-04-24,0.0833,0.0354
2023-04-24,0.25,0.052
2023-04-24,0.5,0.0506
2023-04-24,1,0.0476
2023-04-24,2,0.0412
2023-04-24,3,0.0384
2023-04-24,5,0.036
2023-04-24,7,0.0356
2023-04-24,10,0.0352
2023-04-24,20,0.0385
2023-04-24,30,0.0373
2023-04-25,0.0833,0.0411
2023-04-25,0.25,0.0512
2023-04-25,0.5,0.0498
2023-04-25,1,0.046
2023-04-25,2,0.0386
2023-04-25,3,0.0362
2023-04-25,5,0.0343
2023-04-25,7,0.0342
2023-04-25,10,0.034
2023-04-25,20,0.0377
2023-04-25,30,0.0365
2023-04-26,0.0833,0.0391
2023-04-26,0.25,0.0516
2023-04-26,0.5,0.05
2023-04-26,1,0.0464
2023-04-26,2,0.039
2023-04-26,3,0.0365
2023-04-26,5,0.0346
2023-04-26,7,0.0345
2023-04-26,10,0.0343
2023-04-26,20,0.0381
2023-04-26,30,0.037
2023-04-27,0.0833,0.0427
2023-04-27,0.25,0.0518
2023-04-27,0.5,0.0505
2023-04-27,1,0.0478
2023-04-27,2,0.0407
2023-04-27,3,0.0382
2023-04-27,5,0.036
2023-04-27,7,0.0357
2023-04-27,10,0.0353
2023-04-27,20,0.0388
2023-04-27,30,0.0376
2023-04-28,0.0833,0.0435
2023-04-28,0.25,0.051
2023-04-28,0.5,0.0506
2023-04-28,1,0.048
2023-04-28,2,0.0404
2023-04-28,3,0.0375
2023-04-28,5,0.0351
2023-04-28,7,0.0349
2023-04-28,10,0.0344
2023-04-28,20,0.038
2023-04-28,30,0.0367
2023-05-01,0.0833,0.0449
2023-05-01,0.25,0.0527
2023-05-01,0.5,0.0514
2023-05-01,1,0.0486
2023-05-01,2,0.0414
2023-05-01,3,0.0385
2023-05-01,5,0.0364
2023-05-01,7,0.0362
2023-05-01,10,0.0359
2023-05-01,20,0.0395
2023-05-01,30,0.0384
2023-05-02,0.0833,0.0456
2023-05-02,0.25,0.0524
2023-05-02,0.5,0.0506
2023-05-02,1,0.0474
2023-05-02,2,0.0397
2023-05-02,3,0.0367
2023-05-02,5,0.0346
2023-05-02,7,0.0344
2023-05-02,10,0.0344
2023-05-02,20,0.0382
2023-05-02,30,0.0372
2023-05-03,0.0833,0.047
2023-05-03,0.25,0.0526
2023-05-03,0.5,0.0508
2023-05-03,1,0.047
2023-05-03,2,0.0389
2023-05-03,3,0.0358
2023-05-03,5,0.0337
2023-05-03,7,0.0337
2023-05-03,10,0.0338
2023-05-03,20,0.0379
2023-05-03,30,0.037
2023-05-04,0.0833,0.0576
2023-05-04,0.25,0.0526
2023-05-04,0.5,0.0504
2023-05-04,1,0.0459
2023-05-04,2,0.0375
2023-05-04,3,0.0347
2023-05-04,5,0.0329
2023-05-04,7,0.0332
2023-05-04,10,0.0337
2023-05-04,20,0.038
2023-05-04,30,0.0373
2023-05-05,0.0833,0.0559
2023-05-05,0.25,0.0526
2023-05-05,0.5,0.0513
2023-05-05,1,0.0473
2023-05-05,2,0.0392
2023-05-05,3,0.0363
2023-05-05,5,0.0341
2023-05-05,7,0.0341
2023-05-05,10,0.0344
2023-05-05,20,0.0385
2023-05-05,30,0.0376
2023-05-08,0.0833,0.0551
2023-05-08,0.25,0.0531
2023-05-08,0.5,0.0514
2023-05-08,1,0.0479
2023-05-08,2,0.04
2023-05-08,3,0.037
2023-05-08,5,0.0349
2023-05-08,7,0.035
2023-05-08,10,0.0352
2023-05-08,20,0.0392
2023-05-08,30,0.0384
2023-05-09,0.0833,0.0556
2023-05-09,0.25,0.0529
2023-05-09,0.5,0.0518
2023-05-09,1,0.0481
2023-05-09,2,0.0401
2023-05-09,3,0.0367
2023-05-09,5,0.0351
2023-05-09,7,0.0351
2023-05-09,10,0.0353
2023-05-09,20,0.0394
2023-05-09,30,0.0385
2023-05-10,0.0833,0.055
2023-05-10,0.25,0.0524
2023-05-10,0.5,0.0513
2023-05-10,1,0.047
2023-05-10,2,0.039
2023-05-10,3,0.0355
2023-05-10,5,0.0337
2023-05-10,7,0.034
2023-05-10,10,0.0343
2023-05-10,20,0.0388
2023-05-10,30,0.038
2023-05-11,0.0833,0.0581
2023-05-11,0.25,0.052
2023-05-11,0.5,0.0514
2023-05-11,1,0.047
2023-05-11,2,0.0389
2023-05-11,3,0.0356
2023-05-11,5,0.0336
2023-05-11,7,0.0337
2023-05-11,10,0.0339
2023-05-11,20,0.0382
2023-05-11,30,0.0373
2023-05-12,0.0833,0.0579
2023-05-12,0.25,0.0525
2023-05-12,0.5,0.0516
2023-05-12,1,0.0475
2023-05-12,2,0.0398
2023-05-12,3,0.0365
2023-05-12,5,0.0345
2023-05-12,7,0.0345
2023-05-12,10,0.0346
2023-05-12,20,0.0387
2023-05-12,30,0.0378
2023-05-15,0.0833,0.0564
2023-05-15,0.25,0.0521
2023-05-15,0.5,0.0524
2023-05-15,1,0.0473
2023-05-15,2,0.0399
2023-05-15,3,0.0367
2023-05-15,5,0.0346
2023-05-15,7,0.0348
2023-05-15,10,0.035
2023-05-15,20,0.0392
2023-05-15,30,0.0384
2023-05-16,0.0833,0.0558
2023-05-16,0.25,0.0523
2023-05-16,0.5,0.0526
2023-05-16,1,0.0488
2023-05-16,2,0.0406
2023-05-16,3,0.0374
2023-05-16,5,0.0352
2023-05-16,7,0.0353
2023-05-16,10,0.0354
2023-05-16,20,0.0396
2023-05-16,30,0.0387
2023-05-17,0.0833,0.055
2023-05-17,0.25,0.0526
2023-05-17,0.5,0.053
2023-05-17,1,0.0492
2023-05-17,2,0.0412
2023-05-17,3,0.038
2023-05-17,5,0.0358
2023-05-17,7,0.0358
2023-05-17,10,0.0357
2023-05-17,20,0.0396
2023-05-17,30,0.0388
2023-05-18,0.0833,0.0559
2023-05-18,0.25,0.0531
2023-05-18,0.5,0.0538
2023-05-18,1,0.0502
2023-05-18,2,0.0424
2023-05-18,3,0.0394
2023-05-18,5,0.0369
2023-05-18,7,0.0367
2023-05-18,10,0.0365
2023-05-18,20,0.0402
2023-05-18,30,0.0391
2023-05-19,0.0833,0.0562
2023-05-19,0.25,0.0529
2023-05-19,0.5,0.0536
2023-05-19,1,0.0502
2023-05-19,2,0.0428
2023-05-19,3,0.0398
2023-05-19,5,0.0376
2023-05-19,7,0.0374
2023-05-19,10,0.037
2023-05-19,20,0.0407
2023-05-19,30,0.0395
2023-05-22,0.0833,0.0569
2023-05-22,0.25,0.054
2023-05-22,0.5,0.0543
2023-05-22,1,0.0507
2023-05-22,2,0.0429
2023-05-22,3,0.0398
2023-05-22,5,0.0377
2023-05-22,7,0.0374
2023-05-22,10,0.0372
2023-05-22,20,0.0409
2023-05-22,30,0.0397
2023-05-23,0.0833,0.0567
2023-05-23,0.25,0.0534
2023-05-23,0.5,0.0539
2023-05-23,1,0.0506
2023-05-23,2,0.0426
2023-05-23,3,0.0399
2023-05-23,5,0.0376
2023-05-23,7,0.0373
2023-05-23,10,0.037
2023-05-23,20,0.0408
2023-05-23,30,0.0396
2023-05-24,0.0833,0.0573
2023-05-24,0.25,0.0537
2023-05-24,0.5,0.0542
2023-05-24,1,0.0512
2023-05-24,2,0.0431
2023-05-24,3,0.0404
2023-05-24,5,0.0375
2023-05-24,7,0.0376
2023-05-24,10,0.0373
2023-05-24,20,0.041
2023-05-24,30,0.0397
2023-05-25,0.0833,0.0595
2023-05-25,0.25,0.0538
2023-05-25,0.5,0.0546
2023-05-25,1,0.0524
2023-05-25,2,0.045
2023-05-25,3,0.0421
2023-05-25,5,0.039
2023-05-25,7,0.0386
2023-05-25,10,0.0383
2023-05-25,20,0.0416
2023-05-25,30,0.0401
2023-05-26,0.0833,0.0602
2023-05-26,0.25,0.0534
2023-05-26,0.5,0.0544
2023-05-26,1,0.0525
2023-05-26,2,0.0454
2023-05-26,3,0.0423
2023-05-26,5,0.0392
2023-05-26,7,0.0386
2023-05-26,10,0.038
2023-05-26,20,0.0413
2023-05-26,30,0.0396
2023-05-30,0.0833,0.0531
2023-05-30,0.25,0.0555
2023-05-30,0.5,0.0552
2023-05-30,1,0.0522
2023-05-30,2,0.0446
2023-05-30,3,0.041
2023-05-30,5,0.0381
2023-05-30,7,0.0375
2023-05-30,10,0.0369
2023-05-30,20,0.0406
2023-05-30,30,0.039
2023-05-31,0.0833,0.0528
2023-05-31,0.25,0.0552
2023-05-31,0.5,0.0546
2023-05-31,1,0.0518
2023-05-31,2,0.044
2023-05-31,3,0.0404
2023-05-31,5,0.0374
2023-05-31,7,0.0369
2023-05-31,10,0.0364
2023-05-31,20,0.0401
2023-05-31,30,0.0385
2023-06-01,0.0833,0.053
2023-06-01,0.25,0.055
2023-06-01,0.5,0.0544
2023-06-01,1,0.0511
2023-06-01,2,0.0433
2023-06-01,3,0.0398
2023-06-01,5,0.037
2023-06-01,7,0.0366
2023-06-01,10,0.0361
2023-06-01,20,0.0398
2023-06-01,30,0.0384
2023-06-02,0.0833,0.0528
2023-06-02,0.25,0.055
2023-06-02,0.5,0.055
2023-06-02,1,0.0522
2023-06-02,2,0.045
2023-06-02,3,0.0413
2023-06-02,5,0.0384
2023-06-02,7,0.0378
2023-06-02,10,0.0369
2023-06-02,20,0.0403
2023-06-02,30,0.0388
2023-06-05,0.0833,0.0525
2023-06-05,0.25,0.0546
2023-06-05,0.5,0.0546
2023-06-05,1,0.0517
2023-06-05,2,0.0446
2023-06-05,3,0.041
2023-06-05,5,0.0382
2023-06-05,7,0.0377
2023-06-05,10,0.0369
2023-06-05,20,0.0403
2023-06-05,30,0.0389
2023-06-06,0.0833,0.0515
2023-06-06,0.25,0.0544
2023-06-06,0.5,0.0544
2023-06-06,1,0.052
2023-06-06,2,0.0451
2023-06-06,3,0.0415
2023-06-06,5,0.0385
2023-06-06,7,0.0378
2023-06-06,10,0.037
2023-06-06,20,0.0402
2023-06-06,30,0.0387
2023-06-07,0.0833,0.0507
2023-06-07,0.25,0.0542
2023-06-07,0.5,0.0543
2023-06-07,1,0.0516
2023-06-07,2,0.0456
2023-06-07,3,0.0421
2023-06-07,5,0.0393
2023-06-07,7,0.0388
2023-06-07,10,0.0379
2023-06-07,20,0.0412
2023-06-07,30,0.0395
2023-06-08,0.0833,0.0525
2023-06-08,0.25,0.0538
2023-06-08,0.5,0.0539
2023-06-08,1,0.0512
2023-06-08,2,0.0452
2023-06-08,3,0.0417
2023-06-08,5,0.0387
2023-06-08,7,0.038
2023-06-08,10,0.0373
2023-06-08,20,0.0405
2023-06-08,30,0.0389
2023-06-09,0.0833,0.0525
2023-06-09,0.25,0.0537
2023-06-09,0.5,0.0539
2023-06-09,1,0.0517
2023-06-09,2,0.0459
2023-06-09,3,0.0423
2023-06-09,5,0.0392
2023-06-09,7,0.0384
2023-06-09,10,0.0375
2023-06-09,20,0.0405
2023-06-09,30,0.0389
2023-06-12,0.0833,0.0524
2023-06-12,0.25,0.054
2023-06-12,0.5,0.0538
2023-06-12,1,0.0518
2023-06-12,2,0.0455
2023-06-12,3,0.0416
2023-06-12,5,0.0389
2023-06-12,7,0.0382
2023-06-12,10,0.0373
2023-06-12,20,0.0404
2023-06-12,30,0.0387
2023-06-13,0.0833,0.0519
2023-06-13,0.25,0.0536
2023-06-13,0.5,0.0536
2023-06-13,1,0.0526
2023-06-13,2,0.0467
2023-06-13,3,0.043
2023-06-13,5,0.0401
2023-06-13,7,0.0394
2023-06-13,10,0.0384
2023-06-13,20,0.0412
2023-06-13,30,0.0394
2023-06-14,0.0833,0.0518
2023-06-14,0.25,0.0536
2023-06-14,0.5,0.0536
2023-06-14,1,0.0527
2023-06-14,2,0.0474
2023-06-14,3,0.0437
2023-06-14,5,0.0406
2023-06-14,7,0.0395
2023-06-14,10,0.0383
2023-06-14,20,0.0409
2023-06-14,30,0.039
2023-06-15,0.0833,0.0518
2023-06-15,0.25,0.0533
2023-06-15,0.5,0.0533
2023-06-15,1,0.0521
2023-06-15,2,0.0462
2023-06-15,3,0.0423
2023-06-15,5,0.0391
2023-06-15,7,0.0382
2023-06-15,10,0.0372
2023-06-15,20,0.0402
2023-06-15,30,0.0385
2023-06-16,0.0833,0.0518
2023-06-16,0.25,0.0534
2023-06-16,0.5,0.0535
2023-06-16,1,0.0524
2023-06-16,2,0.047
2023-06-16,3,0.0432
2023-06-16,5,0.0399
2023-06-16,7,0.0388
2023-06-16,10,0.0377
2023-06-16,20,0.0405
2023-06-16,30,0.0386
2023-06-20,0.0833,0.0517
2023-06-20,0.25,0.0539
2023-06-20,0.5,0.0541
2023-06-20,1,0.0524
2023-06-20,2,0.0468
2023-06-20,3,0.0429
2023-06-20,5,0.0396
2023-06-20,7,0.0385
2023-06-20,10,0.0374
2023-06-20,20,0.0401
2023-06-20,30,0.0383
2023-06-21,0.0833,0.0516
2023-06-21,0.25,0.054
2023-06-21,0.5,0.0541
2023-06-21,1,0.0525
2023-06-21,2,0.0468
2023-06-21,3,0.0429
2023-06-21,5,0.0395
2023-06-21,7,0.0384
2023-06-21,10,0.0372
2023-06-21,20,0.0399
2023-06-21,30,0.0381
2023-06-22,0.0833,0.0518
2023-06-22,0.25,0.054
2023-06-22,0.5,0.0541
2023-06-22,1,0.0529
2023-06-22,2,0.0477
2023-06-22,3,0.0437
2023-06-22,5,0.0403
2023-06-22,7,0.0392
2023-06-22,10,0.038
2023-06-22,20,0.0406
2023-06-22,30,0.0388
2023-06-23,0.0833,0.0517
2023-06-23,0.25,0.0541
2023-06-23,0.5,0.0541
2023-06-23,1,0.0525
2023-06-23,2,0.0471
2023-06-23,3,0.0432
2023-06-23,5,0.0399
2023-06-23,7,0.0388
2023-06-23,10,0.0374
2023-06-23,20,0.0401
2023-06-23,30,0.0382
2023-06-26,0.0833,0.0517
2023-06-26,0.25,0.055
2023-06-26,0.5,0.0545
2023-06-26,1,0.0527
2023-06-26,2,0.0465
2023-06-26,3,0.043
2023-06-26,5,0.0396
2023-06-26,7,0.0385
2023-06-26,10,0.0372
2023-06-26,20,0.0401
2023-06-26,30,0.0383
2023-06-27,0.0833,0.0517
2023-06-27,0.25,0.0544
2023-06-27,0.5,0.0546
2023-06-27,1,0.0533
2023-06-27,2,0.0474
2023-06-27,3,0.0438
2023-06-27,5,0.0402
2023-06-27,7,0.039
2023-06-27,10,0.0377
2023-06-27,20,0.0403
2023-06-27,30,0.0384
2023-06-28,0.0833,0.0517
2023-06-28,0.25,0.0544
2023-06-28,0.5,0.0547
2023-06-28,1,0.0532
2023-06-28,2,0.0471
2023-06-28,3,0.0432
2023-06-28,5,0.0397
2023-06-28,7,0.0383
2023-06-28,10,0.0371
2023-06-28,20,0.04
2023-06-28,30,0.0381
2023-06-29,0.0833,0.0525
2023-06-29,0.25,0.0546
2023-06-29,0.5,0.055
2023-06-29,1,0.0541
2023-06-29,2,0.0487
2023-06-29,3,0.0449
2023-06-29,5,0.0414
2023-06-29,7,0.0399
2023-06-29,10,0.0385
2023-06-29,20,0.0411
2023-06-29,30,0.0392
2023-06-30,0.0833,0.0524
2023-06-30,0.25,0.0543
2023-06-30,0.5,0.0547
2023-06-30,1,0.054
2023-06-30,2,0.0487
2023-06-30,3,0.0449
2023-06-30,5,0.0413
2023-06-30,7,0.0397
2023-06-30,10,0.0381
2023-06-30,20,0.0406
2023-06-30,30,0.0385
2023-07-03,0.0833,0.0527
2023-07-03,0.25,0.0544
2023-07-03,0.5,0.0553
2023-07-03,1,0.0543
2023-07-03,2,0.0494
2023-07-03,3,0.0456
2023-07-03,5,0.0419
2023-07-03,7,0.0403
2023-07-03,10,0.0386
2023-07-03,20,0.0408
2023-07-03,30,0.0387
2023-07-05,0.0833,0.0528
2023-07-05,0.25,0.0544
2023-07-05,0.5,0.0552
2023-07-05,1,0.054
2023-07-05,2,0.0494
2023-07-05,3,0.0459
2023-07-05,5,0.0425
2023-07-05,7,0.0411
2023-07-05,10,0.0395
2023-07-05,20,0.0417
2023-07-05,30,0.0395
2023-07-06,0.0833,0.0532
2023-07-06,0.25,0.0546
2023-07-06,0.5,0.0554
2023-07-06,1,0.0544
2023-07-06,2,0.0499
2023-07-06,3,0.0468
2023-07-06,5,0.0437
2023-07-06,7,0.0422
2023-07-06,10,0.0405
2023-07-06,20,0.0423
2023-07-06,30,0.0401
2023-07-07,0.0833,0.0532
2023-07-07,0.25,0.0546
2023-07-07,0.5,0.0553
2023-07-07,1,0.0541
2023-07-07,2,0.0494
2023-07-07,3,0.0464
2023-07-07,5,0.0435
2023-07-07,7,0.0423
2023-07-07,10,0.0406
2023-07-07,20,0.0427
2023-07-07,30,0.0405
2023-07-10,0.0833,0.0534
2023-07-10,0.25,0.0548
2023-07-10,0.5,0.0554
2023-07-10,1,0.0538
2023-07-10,2,0.0485
2023-07-10,3,0.0454
2023-07-10,5,0.0425
2023-07-10,7,0.0414
2023-07-10,10,0.0401
2023-07-10,20,0.0424
2023-07-10,30,0.0405
2023-07-11,0.0833,0.0535
2023-07-11,0.25,0.0549
2023-07-11,0.5,0.0555
2023-07-11,1,0.0544
2023-07-11,2,0.0488
2023-07-11,3,0.0452
2023-07-11,5,0.0424
2023-07-11,7,0.0413
2023-07-11,10,0.0399
2023-07-11,20,0.0422
2023-07-11,30,0.0403
2023-07-12,0.0833,0.0536
2023-07-12,0.25,0.0547
2023-07-12,0.5,0.0553
2023-07-12,1,0.0535
2023-07-12,2,0.0472
2023-07-12,3,0.0436
2023-07-12,5,0.0407
2023-07-12,7,0.0397
2023-07-12,10,0.0386
2023-07-12,20,0.0414
2023-07-12,30,0.0396
2023-07-13,0.0833,0.0537
2023-07-13,0.25,0.0547
2023-07-13,0.5,0.0549
2023-07-13,1,0.0527
2023-07-13,2,0.0459
2023-07-13,3,0.0421
2023-07-13,5,0.0393
2023-07-13,7,0.0385
2023-07-13,10,0.0376
2023-07-13,20,0.0407
2023-07-13,30,0.039
2023-07-14,0.0833,0.0537
2023-07-14,0.25,0.0549
2023-07-14,0.5,0.0552
2023-07-14,1,0.0534
2023-07-14,2,0.0474
2023-07-14,3,0.0435
2023-07-14,5,0.0404
2023-07-14,7,0.0394
2023-07-14,10,0.0383
2023-07-14,20,0.0411
2023-07-14,30,0.0393
2023-07-17,0.0833,0.0537
2023-07-17,0.25,0.0549
2023-07-17,0.5,0.0552
2023-07-17,1,0.0533
2023-07-17,2,0.0474
2023-07-17,3,0.0434
2023-07-17,5,0.0402
2023-07-17,7,0.0391
2023-07-17,10,0.0381
2023-07-17,20,0.041
2023-07-17,30,0.0394
2023-07-18,0.0833,0.0537
2023-07-18,0.25,0.0549
2023-07-18,0.5,0.0551
2023-07-18,1,0.0532
2023-07-18,2,0.0474
2023-07-18,3,0.0435
2023-07-18,5,0.04
2023-07-18,7,0.039
2023-07-18,10,0.038
2023-07-18,20,0.0408
2023-07-18,30,0.0391
2023-07-19,0.0833,0.0537
2023-07-19,0.25,0.0549
2023-07-19,0.5,0.0551
2023-07-19,1,0.0532
2023-07-19,2,0.0474
2023-07-19,3,0.0434
2023-07-19,5,0.0398
2023-07-19,7,0.0387
2023-07-19,10,0.0375
2023-07-19,20,0.0401
2023-07-19,30,0.0384
2023-07-20,0.0833,0.0544
2023-07-20,0.25,0.0549
2023-07-20,0.5,0.0552
2023-07-20,1,0.0535
2023-07-20,2,0.048
2023-07-20,3,0.0443
2023-07-20,5,0.0408
2023-07-20,7,0.0398
2023-07-20,10,0.0385
2023-07-20,20,0.041
2023-07-20,30,0.0391
2023-07-21,0.0833,0.0543
2023-07-21,0.25,0.055
2023-07-21,0.5,0.0553
2023-07-21,1,0.0535
2023-07-21,2,0.0482
2023-07-21,3,0.0444
2023-07-21,5,0.0409
2023-07-21,7,0.0397
2023-07-21,10,0.0384
2023-07-21,20,0.041
2023-07-21,30,0.0391
2023-07-24,0.0833,0.0544
2023-07-24,0.25,0.0551
2023-07-24,0.5,0.0555
2023-07-24,1,0.0538
2023-07-24,2,0.0481
2023-07-24,3,0.0448
2023-07-24,5,0.0413
2023-07-24,7,0.04
2023-07-24,10,0.0386
2023-07-24,20,0.0411
2023-07-24,30,0.0392
2023-07-25,0.0833,0.0546
2023-07-25,0.25,0.0551
2023-07-25,0.5,0.0557
2023-07-25,1,0.0538
2023-07-25,2,0.0485
2023-07-25,3,0.0453
2023-07-25,5,0.0415
2023-07-25,7,0.0405
2023-07-25,10,0.0391
2023-07-25,20,0.0414
2023-07-25,30,0.0395
2023-07-26,0.0833,0.0546
2023-07-26,0.25,0.0551
2023-07-26,0.5,0.0555
2023-07-26,1,0.0537
2023-07-26,2,0.0482
2023-07-26,3,0.0447
2023-07-26,5,0.0409
2023-07-26,7,0.0399
2023-07-26,10,0.0386
2023-07-26,20,0.0412
2023-07-26,30,0.0394
2023-07-27,0.0833,0.0547
2023-07-27,0.25,0.0551
2023-07-27,0.5,0.0556
2023-07-27,1,0.054
2023-07-27,2,0.0491
2023-07-27,3,0.0458
2023-07-27,5,0.0424
2023-07-27,7,0.0413
2023-07-27,10,0.0401
2023-07-27,20,0.0426
2023-07-27,30,0.0406
2023-07-28,0.0833,0.0547
2023-07-28,0.25,0.0552
2023-07-28,0.5,0.0554
2023-07-28,1,0.0537
2023-07-28,2,0.0487
2023-07-28,3,0.0452
2023-07-28,5,0.0418
2023-07-28,7,0.0408
2023-07-28,10,0.0396
2023-07-28,20,0.0422
2023-07-28,30,0.0403
2023-07-31,0.0833,0.0548
2023-07-31,0.25,0.0555
2023-07-31,0.5,0.0553
2023-07-31,1,0.0537
2023-07-31,2,0.0488
2023-07-31,3,0.0451
2023-07-31,5,0.0418
2023-07-31,7,0.0408
2023-07-31,10,0.0397
2023-07-31,20,0.0422
2023-07-31,30,0.0402
2023-08-01,0.0833,0.0549
2023-08-01,0.25,0.0554
2023-08-01,0.5,0.0554
2023-08-01,1,0.0538
2023-08-01,2,0.0492
2023-08-01,3,0.0457
2023-08-01,5,0.0424
2023-08-01,7,0.0415
2023-08-01,10,0.0405
2023-08-01,20,0.043
2023-08-01,30,0.0411
2023-08-02,0.0833,0.0548
2023-08-02,0.25,0.0553
2023-08-02,0.5,0.0552
2023-08-02,1,0.0536
2023-08-02,2,0.0488
2023-08-02,3,0.0454
2023-08-02,5,0.0424
2023-08-02,7,0.0417
2023-08-02,10,0.0408
2023-08-02,20,0.0435
2023-08-02,30,0.0417
2023-08-03,0.0833,0.0554
2023-08-03,0.25,0.0554
2023-08-03,0.5,0.0552
2023-08-03,1,0.0537
2023-08-03,2,0.049
2023-08-03,3,0.0458
2023-08-03,5,0.043
2023-08-03,7,0.0426
2023-08-03,10,0.042
2023-08-03,20,0.0449
2023-08-03,30,0.0432
2023-08-04,0.0833,0.0554
2023-08-04,0.25,0.0554
2023-08-04,0.5,0.055
2023-08-04,1,0.0533
2023-08-04,2,0.0478
2023-08-04,3,0.0445
2023-08-04,5,0.0415
2023-08-04,7,0.041
2023-08-04,10,0.0405
2023-08-04,20,0.0436
2023-08-04,30,0.0421
2023-08-07,0.0833,0.0554
2023-08-07,0.25,0.0556
2023-08-07,0.5,0.0553
2023-08-07,1,0.053
2023-08-07,2,0.0476
2023-08-07,3,0.0444
2023-08-07,5,0.0416
2023-08-07,7,0.0413
2023-08-07,10,0.0409
2023-08-07,20,0.0442
2023-08-07,30,0.0427
2023-08-08,0.0833,0.0554
2023-08-08,0.25,0.0557
2023-08-08,0.5,0.0553
2023-08-08,1,0.0535
2023-08-08,2,0.0474
2023-08-08,3,0.0436
2023-08-08,5,0.041
2023-08-08,7,0.0406
2023-08-08,10,0.0402
2023-08-08,20,0.0435
2023-08-08,30,0.042
2023-08-09,0.0833,0.0551
2023-08-09,0.25,0.0555
2023-08-09,0.5,0.0554
2023-08-09,1,0.0535
2023-08-09,2,0.0479
2023-08-09,3,0.0441
2023-08-09,5,0.0412
2023-08-09,7,0.0407
2023-08-09,10,0.04
2023-08-09,20,0.0433
2023-08-09,30,0.0418
2023-08-10,0.0833,0.0555
2023-08-10,0.25,0.0554
2023-08-10,0.5,0.0552
2023-08-10,1,0.0533
2023-08-10,2,0.0482
2023-08-10,3,0.0447
2023-08-10,5,0.0421
2023-08-10,7,0.0417
2023-08-10,10,0.0409
2023-08-10,20,0.0441
2023-08-10,30,0.0424
2023-08-11,0.0833,0.0554
2023-08-11,0.25,0.0554
2023-08-11,0.5,0.0552
2023-08-11,1,0.0536
2023-08-11,2,0.0489
2023-08-11,3,0.0456
2023-08-11,5,0.0431
2023-08-11,7,0.0426
2023-08-11,10,0.0416
2023-08-11,20,0.0445
2023-08-11,30,0.0427
2023-08-14,0.0833,0.0555
2023-08-14,0.25,0.0556
2023-08-14,0.5,0.0556
2023-08-14,1,0.0537
2023-08-14,2,0.0496
2023-08-14,3,0.0464
2023-08-14,5,0.0436
2023-08-14,7,0.0429
2023-08-14,10,0.0419
2023-08-14,20,0.0446
2023-08-14,30,0.0429
2023-08-15,0.0833,0.0553
2023-08-15,0.25,0.0556
2023-08-15,0.5,0.0555
2023-08-15,1,0.0536
2023-08-15,2,0.0492
2023-08-15,3,0.0464
2023-08-15,5,0.0436
2023-08-15,7,0.0431
2023-08-15,10,0.0421
2023-08-15,20,0.0449
2023-08-15,30,0.0432
2023-08-16,0.0833,0.0552
2023-08-16,0.25,0.0556
2023-08-16,0.5,0.0554
2023-08-16,1,0.0537
2023-08-16,2,0.0497
2023-08-16,3,0.0468
2023-08-16,5,0.0442
2023-08-16,7,0.0437
2023-08-16,10,0.0428
2023-08-16,20,0.0455
2023-08-16,30,0.0438
2023-08-17,0.0833,0.0555
2023-08-17,0.25,0.0556
2023-08-17,0.5,0.0553
2023-08-17,1,0.0536
2023-08-17,2,0.0494
2023-08-17,3,0.0467
2023-08-17,5,0.0442
2023-08-17,7,0.0438
2023-08-17,10,0.043
2023-08-17,20,0.0458
2023-08-17,30,0.0441
2023-08-18,0.0833,0.0553
2023-08-18,0.25,0.0555
2023-08-18,0.5,0.0552
2023-08-18,1,0.0535
2023-08-18,2,0.0492
2023-08-18,3,0.0463
2023-08-18,5,0.0438
2023-08-18,7,0.0434
2023-08-18,10,0.0426
2023-08-18,20,0.0455
2023-08-18,30,0.0438
2023-08-21,0.0833,0.0555
2023-08-21,0.25,0.0557
2023-08-21,0.5,0.0558
2023-08-21,1,0.0537
2023-08-21,2,0.0497
2023-08-21,3,0.047
2023-08-21,5,0.0446
2023-08-21,7,0.0442
2023-08-21,10,0.0434
2023-08-21,20,0.0464
2023-08-21,30,0.0445
2023-08-22,0.0833,0.0554
2023-08-22,0.25,0.0557
2023-08-22,0.5,0.0557
2023-08-22,1,0.0539
2023-08-22,2,0.0502
2023-08-22,3,0.0475
2023-08-22,5,0.0449
2023-08-22,7,0.0444
2023-08-22,10,0.0434
2023-08-22,20,0.0461
2023-08-22,30,0.0442
2023-08-23,0.0833,0.0554
2023-08-23,0.25,0.0557
2023-08-23,0.5,0.0555
2023-08-23,1,0.0535
2023-08-23,2,0.0495
2023-08-23,3,0.0464
2023-08-23,5,0.0436
2023-08-23,7,0.043
2023-08-23,10,0.0419
2023-08-23,20,0.0446
2023-08-23,30,0.0427
2023-08-24,0.0833,0.0555
2023-08-24,0.25,0.0558
2023-08-24,0.5,0.0559
2023-08-24,1,0.0539
2023-08-24,2,0.0498
2023-08-24,3,0.0469
2023-08-24,5,0.0439
2023-08-24,7,0.0434
2023-08-24,10,0.0423
2023-08-24,20,0.0449
2023-08-24,30,0.043
2023-08-25,0.0833,0.0556
2023-08-25,0.25,0.0561
2023-08-25,0.5,0.0561
2023-08-25,1,0.0544
2023-08-25,2,0.0503
2023-08-25,3,0.0472
2023-08-25,5,0.0444
2023-08-25,7,0.0437
2023-08-25,10,0.0425
2023-08-25,20,0.045
2023-08-25,30,0.043
2023-08-28,0.0833,0.0556
2023-08-28,0.25,0.0558
2023-08-28,0.5,0.0556
2023-08-28,1,0.0544
2023-08-28,2,0.0498
2023-08-28,3,0.0469
2023-08-28,5,0.0438
2023-08-28,7,0.0432
2023-08-28,10,0.042
2023-08-28,20,0.0448
2023-08-28,30,0.0429
2023-08-29,0.0833,0.0554
2023-08-29,0.25,0.0556
2023-08-29,0.5,0.0552
2023-08-29,1,0.0537
2023-08-29,2,0.0487
2023-08-29,3,0.0456
2023-08-29,5,0.0426
2023-08-29,7,0.0421
2023-08-29,10,0.0412
2023-08-29,20,0.0442
2023-08-29,30,0.0423
2023-08-30,0.0833,0.0555
2023-08-30,0.25,0.0556
2023-08-30,0.5,0.0551
2023-08-30,1,0.0539
2023-08-30,2,0.049
2023-08-30,3,0.0457
2023-08-30,5,0.0427
2023-08-30,7,0.0422
2023-08-30,10,0.0412
2023-08-30,20,0.0442
2023-08-30,30,0.0423
2023-08-31,0.0833,0.0552
2023-08-31,0.25,0.0556
2023-08-31,0.5,0.0548
2023-08-31,1,0.0537
2023-08-31,2,0.0485
2023-08-31,3,0.0454
2023-08-31,5,0.0423
2023-08-31,7,0.0419
2023-08-31,10,0.0409
2023-08-31,20,0.0439
2023-08-31,30,0.042
2023-09-01,0.0833,0.0551
2023-09-01,0.25,0.0553
2023-09-01,0.5,0.0547
2023-09-01,1,0.0536
2023-09-01,2,0.0487
2023-09-01,3,0.0457
2023-09-01,5,0.0429
2023-09-01,7,0.0427
2023-09-01,10,0.0418
2023-09-01,20,0.0448
2023-09-01,30,0.0429
2023-09-05,0.0833,0.0551
2023-09-05,0.25,0.0555
2023-09-05,0.5,0.0551
2023-09-05,1,0.0542
2023-09-05,2,0.0494
2023-09-05,3,0.0465
2023-09-05,5,0.0437
2023-09-05,7,0.0435
2023-09-05,10,0.0427
2023-09-05,20,0.0456
2023-09-05,30,0.0438
2023-09-06,0.0833,0.0552
2023-09-06,0.25,0.0555
2023-09-06,0.5,0.0552
2023-09-06,1,0.0544
2023-09-06,2,0.0501
2023-09-06,3,0.0473
2023-09-06,5,0.0444
2023-09-06,7,0.0439
2023-09-06,10,0.043
2023-09-06,20,0.0456
2023-09-06,30,0.0437
2023-09-07,0.0833,0.0552
2023-09-07,0.25,0.0553
2023-09-07,0.5,0.055
2023-09-07,1,0.054
2023-09-07,2,0.0494
2023-09-07,3,0.0466
2023-09-07,5,0.0438
2023-09-07,7,0.0435
2023-09-07,10,0.0427
2023-09-07,20,0.0455
2023-09-07,30,0.0436
2023-09-08,0.0833,0.0552
2023-09-08,0.25,0.0555
2023-09-08,0.5,0.0549
2023-09-08,1,0.0542
2023-09-08,2,0.0498
2023-09-08,3,0.0468
2023-09-08,5,0.0439
2023-09-08,7,0.0435
2023-09-08,10,0.0426
2023-09-08,20,0.0452
2023-09-08,30,0.0433
2023-09-11,0.0833,0.0552
2023-09-11,0.25,0.0555
2023-09-11,0.5,0.0551
2023-09-11,1,0.054
2023-09-11,2,0.0497
2023-09-11,3,0.0464
2023-09-11,5,0.044
2023-09-11,7,0.0437
2023-09-11,10,0.0429
2023-09-11,20,0.0456
2023-09-11,30,0.0437
2023-09-12,0.0833,0.0552
2023-09-12,0.25,0.0556
2023-09-12,0.5,0.0553
2023-09-12,1,0.0542
2023-09-12,2,0.0498
2023-09-12,3,0.0466
2023-09-12,5,0.0441
2023-09-12,7,0.0436
2023-09-12,10,0.0427
2023-09-12,20,0.0454
2023-09-12,30,0.0435
2023-09-13,0.0833,0.0553
2023-09-13,0.25,0.0555
2023-09-13,0.5,0.0551
2023-09-13,1,0.0542
2023-09-13,2,0.0496
2023-09-13,3,0.0464
2023-09-13,5,0.0439
2023-09-13,7,0.0434
2023-09-13,10,0.0425
2023-09-13,20,0.0452
2023-09-13,30,0.0434
2023-09-14,0.0833,0.0552
2023-09-14,0.25,0.0555
2023-09-14,0.5,0.055
2023-09-14,1,0.0542
2023-09-14,2,0.05
2023-09-14,3,0.0468
2023-09-14,5,0.0442
2023-09-14,7,0.0438
2023-09-14,10,0.0429
2023-09-14,20,0.0457
2023-09-14,30,0.0439
2023-09-15,0.0833,0.0551
2023-09-15,0.25,0.0556
2023-09-15,0.5,0.0549
2023-09-15,1,0.0543
2023-09-15,2,0.0502
2023-09-15,3,0.0472
2023-09-15,5,0.0445
2023-09-15,7,0.0441
2023-09-15,10,0.0433
2023-09-15,20,0.0459
2023-09-15,30,0.0442
2023-09-18,0.0833,0.0553
2023-09-18,0.25,0.0555
2023-09-18,0.5,0.0551
2023-09-18,1,0.0544
2023-09-18,2,0.0505
2023-09-18,3,0.0474
2023-09-18,5,0.0446
2023-09-18,7,0.0441
2023-09-18,10,0.0432
2023-09-18,20,0.0457
2023-09-18,30,0.044
2023-09-19,0.0833,0.0553
2023-09-19,0.25,0.0554
2023-09-19,0.5,0.0551
2023-09-19,1,0.0545
2023-09-19,2,0.0508
2023-09-19,3,0.0479
2023-09-19,5,0.0451
2023-09-19,7,0.0447
2023-09-19,10,0.0437
2023-09-19,20,0.046
2023-09-19,30,0.0443
2023-09-20,0.0833,0.0553
2023-09-20,0.25,0.0556
2023-09-20,0.5,0.0551
2023-09-20,1,0.0547
2023-09-20,2,0.0512
2023-09-20,3,0.0482
2023-09-20,5,0.0452
2023-09-20,7,0.0446
2023-09-20,10,0.0435
2023-09-20,20,0.0457
2023-09-20,30,0.044
2023-09-21,0.0833,0.0552
2023-09-21,0.25,0.0557
2023-09-21,0.5,0.0552
2023-09-21,1,0.0546
2023-09-21,2,0.0512
2023-09-21,3,0.0485
2023-09-21,5,0.0461
2023-09-21,7,0.0457
2023-09-21,10,0.0449
2023-09-21,20,0.0474
2023-09-21,30,0.0456
2023-09-22,0.0833,0.0552
2023-09-22,0.25,0.0556
2023-09-22,0.5,0.0552
2023-09-22,1,0.0546
2023-09-22,2,0.051
2023-09-22,3,0.048
2023-09-22,5,0.0457
2023-09-22,7,0.0453
2023-09-22,10,0.0444
2023-09-22,20,0.047
2023-09-22,30,0.0453
2023-09-25,0.0833,0.0554
2023-09-25,0.25,0.0558
2023-09-25,0.5,0.0552
2023-09-25,1,0.0545
2023-09-25,2,0.0509
2023-09-25,3,0.0483
2023-09-25,5,0.0462
2023-09-25,7,0.0461
2023-09-25,10,0.0455
2023-09-25,20,0.0484
2023-09-25,30,0.0467
2023-09-26,0.0833,0.0554
2023-09-26,0.25,0.0558
2023-09-26,0.5,0.0553
2023-09-26,1,0.0545
2023-09-26,2,0.0504
2023-09-26,3,0.0484
2023-09-26,5,0.0462
2023-09-26,7,0.0462
2023-09-26,10,0.0456
2023-09-26,20,0.0486
2023-09-26,30,0.047
2023-09-27,0.0833,0.0554
2023-09-27,0.25,0.0558
2023-09-27,0.5,0.0553
2023-09-27,1,0.0549
2023-09-27,2,0.051
2023-09-27,3,0.0489
2023-09-27,5,0.0467
2023-09-27,7,0.0469
2023-09-27,10,0.0461
2023-09-27,20,0.0491
2023-09-27,30,0.0473
2023-09-28,0.0833,0.0556
2023-09-28,0.25,0.0556
2023-09-28,0.5,0.0553
2023-09-28,1,0.0546
2023-09-28,2,0.0504
2023-09-28,3,0.0483
2023-09-28,5,0.0462
2023-09-28,7,0.0463
2023-09-28,10,0.0459
2023-09-28,20,0.049
2023-09-28,30,0.0471
2023-09-29,0.0833,0.0555
2023-09-29,0.25,0.0555
2023-09-29,0.5,0.0553
2023-09-29,1,0.0546
2023-09-29,2,0.0503
2023-09-29,3,0.048
2023-09-29,5,0.046
2023-09-29,7,0.0461
2023-09-29,10,0.0459
2023-09-29,20,0.0492
2023-09-29,30,0.0473
2023-10-02,0.0833,0.0556
2023-10-02,0.25,0.0562
2023-10-02,0.5,0.0558
2023-10-02,1,0.0549
2023-10-02,2,0.0512
2023-10-02,3,0.0488
2023-10-02,5,0.0472
2023-10-02,7,0.0473
2023-10-02,10,0.0469
2023-10-02,20,0.05
2023-10-02,30,0.0481
2023-10-03,0.0833,0.0555
2023-10-03,0.25,0.0562
2023-10-03,0.5,0.0558
2023-10-03,1,0.0549
2023-10-03,2,0.0515
2023-10-03,3,0.0495
2023-10-03,5,0.048
2023-10-03,7,0.0484
2023-10-03,10,0.0481
2023-10-03,20,0.0513
2023-10-03,30,0.0495
2023-10-04,0.0833,0.0556
2023-10-04,0.25,0.0561
2023-10-04,0.5,0.0557
2023-10-04,1,0.0542
2023-10-04,2,0.0505
2023-10-04,3,0.0485
2023-10-04,5,0.0472
2023-10-04,7,0.0475
2023-10-04,10,0.0473
2023-10-04,20,0.0505
2023-10-04,30,0.0487
2023-10-05,0.0833,0.0557
2023-10-05,0.25,0.0561
2023-10-05,0.5,0.0556
2023-10-05,1,0.0539
2023-10-05,2,0.0503
2023-10-05,3,0.0482
2023-10-05,5,0.0468
2023-10-05,7,0.0473
2023-10-05,10,0.0472
2023-10-05,20,0.0506
2023-10-05,30,0.0489
2023-10-06,0.0833,0.0559
2023-10-06,0.25,0.0563
2023-10-06,0.5,0.0559
2023-10-06,1,0.0543
2023-10-06,2,0.0508
2023-10-06,3,0.0487
2023-10-06,5,0.0475
2023-10-06,7,0.0479
2023-10-06,10,0.0478
2023-10-06,20,0.0513
2023-10-06,30,0.0495
2023-10-10,0.0833,0.056
2023-10-10,0.25,0.0561
2023-10-10,0.5,0.0557
2023-10-10,1,0.0537
2023-10-10,2,0.0496
2023-10-10,3,0.0474
2023-10-10,5,0.0462
2023-10-10,7,0.0466
2023-10-10,10,0.0466
2023-10-10,20,0.0503
2023-10-10,30,0.0485
2023-10-11,0.0833,0.0558
2023-10-11,0.25,0.0561
2023-10-11,0.5,0.0556
2023-10-11,1,0.0538
2023-10-11,2,0.0499
2023-10-11,3,0.0473
2023-10-11,5,0.0459
2023-10-11,7,0.0461
2023-10-11,10,0.0458
2023-10-11,20,0.0492
2023-10-11,30,0.0473
2023-10-12,0.0833,0.0561
2023-10-12,0.25,0.0563
2023-10-12,0.5,0.0558
2023-10-12,1,0.0543
2023-10-12,2,0.0506
2023-10-12,3,0.0482
2023-10-12,5,0.0469
2023-10-12,7,0.0473
2023-10-12,10,0.047
2023-10-12,20,0.0505
2023-10-12,30,0.0486
2023-10-13,0.0833,0.056
2023-10-13,0.25,0.0562
2023-10-13,0.5,0.0557
2023-10-13,1,0.0541
2023-10-13,2,0.0504
2023-10-13,3,0.048
2023-10-13,5,0.0465
2023-10-13,7,0.0466
2023-10-13,10,0.0463
2023-10-13,20,0.0497
2023-10-13,30,0.0478
2023-10-16,0.0833,0.0557
2023-10-16,0.25,0.0561
2023-10-16,0.5,0.0558
2023-10-16,1,0.0542
2023-10-16,2,0.0509
2023-10-16,3,0.0487
2023-10-16,5,0.0472
2023-10-16,7,0.0474
2023-10-16,10,0.0471
2023-10-16,20,0.0506
2023-10-16,30,0.0487
2023-10-17,0.0833,0.0558
2023-10-17,0.25,0.0562
2023-10-17,0.5,0.056
2023-10-17,1,0.0548
2023-10-17,2,0.0519
2023-10-17,3,0.0501
2023-10-17,5,0.0486
2023-10-17,7,0.0488
2023-10-17,10,0.0483
2023-10-17,20,0.0514
2023-10-17,30,0.0494
2023-10-18,0.0833,0.0557
2023-10-18,0.25,0.0561
2023-10-18,0.5,0.0558
2023-10-18,1,0.0547
2023-10-18,2,0.0519
2023-10-18,3,0.0503
2023-10-18,5,0.0492
2023-10-18,7,0.0495
2023-10-18,10,0.0491
2023-10-18,20,0.052
2023-10-18,30,0.05
2023-10-19,0.0833,0.0558
2023-10-19,0.25,0.056
2023-10-19,0.5,0.0556
2023-10-19,1,0.0544
2023-10-19,2,0.0514
2023-10-19,3,0.0501
2023-10-19,5,0.0495
2023-10-19,7,0.05
2023-10-19,10,0.0498
2023-10-19,20,0.053
2023-10-19,30,0.0511
2023-10-20,0.0833,0.0556
2023-10-20,0.25,0.0558
2023-10-20,0.5,0.0554
2023-10-20,1,0.0541
2023-10-20,2,0.0507
2023-10-20,3,0.0493
2023-10-20,5,0.0486
2023-10-20,7,0.0493
2023-10-20,10,0.0493
2023-10-20,20,0.0527
2023-10-20,30,0.0509
2023-10-23,0.0833,0.0557
2023-10-23,0.25,0.0558
2023-10-23,0.5,0.0556
2023-10-23,1,0.0542
2023-10-23,2,0.0505
2023-10-23,3,0.0489
2023-10-23,5,0.0481
2023-10-23,7,0.0487
2023-10-23,10,0.0486
2023-10-23,20,0.0519
2023-10-23,30,0.0501
2023-10-24,0.0833,0.0557
2023-10-24,0.25,0.0558
2023-10-24,0.5,0.0557
2023-10-24,1,0.0541
2023-10-24,2,0.0502
2023-10-24,3,0.0491
2023-10-24,5,0.0482
2023-10-24,7,0.0486
2023-10-24,10,0.0483
2023-10-24,20,0.0515
2023-10-24,30,0.0496
2023-10-25,0.0833,0.0556
2023-10-25,0.25,0.0559
2023-10-25,0.5,0.0557
2023-10-25,1,0.0543
2023-10-25,2,0.0508
2023-10-25,3,0.0498
2023-10-25,5,0.0489
2023-10-25,7,0.0498
2023-10-25,10,0.0495
2023-10-25,20,0.0527
2023-10-25,30,0.0509
2023-10-26,0.0833,0.0557
2023-10-26,0.25,0.0559
2023-10-26,0.5,0.0555
2023-10-26,1,0.0539
2023-10-26,2,0.0502
2023-10-26,3,0.0489
2023-10-26,5,0.0479
2023-10-26,7,0.0486
2023-10-26,10,0.0486
2023-10-26,20,0.0519
2023-10-26,30,0.0501
2023-10-27,0.0833,0.0557
2023-10-27,0.25,0.0559
2023-10-27,0.5,0.0555
2023-10-27,1,0.0539
2023-10-27,2,0.0499
2023-10-27,3,0.0484
2023-10-27,5,0.0476
2023-10-27,7,0.0483
2023-10-27,10,0.0484
2023-10-27,20,0.0519
2023-10-27,30,0.0503
2023-10-30,0.0833,0.0556
2023-10-30,0.25,0.056
2023-10-30,0.5,0.0553
2023-10-30,1,0.0541
2023-10-30,2,0.0503
2023-10-30,3,0.0487
2023-10-30,5,0.048
2023-10-30,7,0.0488
2023-10-30,10,0.0488
2023-10-30,20,0.0521
2023-10-30,30,0.0504
2023-10-31,0.0833,0.0556
2023-10-31,0.25,0.0559
2023-10-31,0.5,0.0554
2023-10-31,1,0.0544
2023-10-31,2,0.0507
2023-10-31,3,0.049
2023-10-31,5,0.0482
2023-10-31,7,0.0489
2023-10-31,10,0.0488
2023-10-31,20,0.0521
2023-10-31,30,0.0504
2023-11-01,0.0833,0.0556
2023-11-01,0.25,0.0557
2023-11-01,0.5,0.0551
2023-11-01,1,0.0537
2023-11-01,2,0.0495
2023-11-01,3,0.0476
2023-11-01,5,0.0467
2023-11-01,7,0.0475
2023-11-01,10,0.0477
2023-11-01,20,0.0513
2023-11-01,30,0.0496
2023-11-02,0.0833,0.0552
2023-11-02,0.25,0.0554
2023-11-02,0.5,0.055
2023-11-02,1,0.0538
2023-11-02,2,0.0498
2023-11-02,3,0.0478
2023-11-02,5,0.0465
2023-11-02,7,0.0468
2023-11-02,10,0.0467
2023-11-02,20,0.0499
2023-11-02,30,0.0482
2023-11-03,0.0833,0.0553
2023-11-03,0.25,0.0553
2023-11-03,0.5,0.0545
2023-11-03,1,0.0529
2023-11-03,2,0.0483
2023-11-03,3,0.0462
2023-11-03,5,0.0449
2023-11-03,7,0.0455
2023-11-03,10,0.0457
2023-11-03,20,0.0493
2023-11-03,30,0.0477
2023-11-06,0.0833,0.0553
2023-11-06,0.25,0.0556
2023-11-06,0.5,0.0547
2023-11-06,1,0.0533
2023-11-06,2,0.0493
2023-11-06,3,0.0472
2023-11-06,5,0.046
2023-11-06,7,0.0466
2023-11-06,10,0.0467
2023-11-06,20,0.05
2023-11-06,30,0.0484
2023-11-07,0.0833,0.0553
2023-11-07,0.25,0.0555
2023-11-07,0.5,0.0547
2023-11-07,1,0.0533
2023-11-07,2,0.0491
2023-11-07,3,0.0464
2023-11-07,5,0.0453
2023-11-07,7,0.0458
2023-11-07,10,0.0458
2023-11-07,20,0.0491
2023-11-07,30,0.0475
2023-11-08,0.0833,0.0552
2023-11-08,0.25,0.0554
2023-11-08,0.5,0.0546
2023-11-08,1,0.0534
2023-11-08,2,0.0493
2023-11-08,3,0.0465
2023-11-08,5,0.0451
2023-11-08,7,0.0454
2023-11-08,10,0.0449
2023-11-08,20,0.0482
2023-11-08,30,0.0464
2023-11-09,0.0833,0.0553
2023-11-09,0.25,0.0554
2023-11-09,0.5,0.0546
2023-11-09,1,0.0539
2023-11-09,2,0.0503
2023-11-09,3,0.0477
2023-11-09,5,0.0465
2023-11-09,7,0.0468
2023-11-09,10,0.0462
2023-11-09,20,0.0497
2023-11-09,30,0.0477
2023-11-10,0.0833,0.0553
2023-11-10,0.25,0.0553
2023-11-10,0.5,0.0546
2023-11-10,1,0.0538
2023-11-10,2,0.0504
2023-11-10,3,0.048
2023-11-10,5,0.0465
2023-11-10,7,0.0468
2023-11-10,10,0.0461
2023-11-10,20,0.0493
2023-11-10,30,0.0473
2023-11-13,0.0833,0.0553
2023-11-13,0.25,0.0555
2023-11-13,0.5,0.0548
2023-11-13,1,0.0537
2023-11-13,2,0.0502
2023-11-13,3,0.048
2023-11-13,5,0.0466
2023-11-13,7,0.0469
2023-11-13,10,0.0463
2023-11-13,20,0.0495
2023-11-13,30,0.0475
2023-11-14,0.0833,0.0552
2023-11-14,0.25,0.0552
2023-11-14,0.5,0.0541
2023-11-14,1,0.0524
2023-11-14,2,0.048
2023-11-14,3,0.0456
2023-11-14,5,0.0442
2023-11-14,7,0.0445
2023-11-14,10,0.0444
2023-11-14,20,0.048
2023-11-14,30,0.0461
2023-11-15,0.0833,0.0552
2023-11-15,0.25,0.0553
2023-11-15,0.5,0.0541
2023-11-15,1,0.0527
2023-11-15,2,0.049
2023-11-15,3,0.0468
2023-11-15,5,0.0452
2023-11-15,7,0.0456
2023-11-15,10,0.0453
2023-11-15,20,0.0487
2023-11-15,30,0.0468
2023-11-16,0.0833,0.0553
2023-11-16,0.25,0.0551
2023-11-16,0.5,0.0538
2023-11-16,1,0.0523
2023-11-16,2,0.0483
2023-11-16,3,0.0459
2023-11-16,5,0.0443
2023-11-16,7,0.0447
2023-11-16,10,0.0445
2023-11-16,20,0.0482
2023-11-16,30,0.0463
2023-11-17,0.0833,0.0552
2023-11-17,0.25,0.055
2023-11-17,0.5,0.0539
2023-11-17,1,0.0524
2023-11-17,2,0.0488
2023-11-17,3,0.0464
2023-11-17,5,0.0445
2023-11-17,7,0.0447
2023-11-17,10,0.0444
2023-11-17,20,0.048
2023-11-17,30,0.0459
2023-11-20,0.0833,0.0553
2023-11-20,0.25,0.0554
2023-11-20,0.5,0.0543
2023-11-20,1,0.0525
2023-11-20,2,0.0489
2023-11-20,3,0.0462
2023-11-20,5,0.0444
2023-11-20,7,0.0446
2023-11-20,10,0.0442
2023-11-20,20,0.0474
2023-11-20,30,0.0457
2023-11-21,0.0833,0.0552
2023-11-21,0.25,0.0553
2023-11-21,0.5,0.0542
2023-11-21,1,0.0524
2023-11-21,2,0.0486
2023-11-21,3,0.046
2023-11-21,5,0.0441
2023-11-21,7,0.0444
2023-11-21,10,0.0441
2023-11-21,20,0.0475
2023-11-21,30,0.0457
2023-11-22,0.0833,0.0554
2023-11-22,0.25,0.0554
2023-11-22,0.5,0.0542
2023-11-22,1,0.0526
2023-11-22,2,0.0489
2023-11-22,3,0.0462
2023-11-22,5,0.0444
2023-11-22,7,0.0446
2023-11-22,10,0.0442
2023-11-22,20,0.0473
2023-11-22,30,0.0455
2023-11-24,0.0833,0.0555
2023-11-24,0.25,0.0554
2023-11-24,0.5,0.0545
2023-11-24,1,0.0527
2023-11-24,2,0.0492
2023-11-24,3,0.0467
2023-11-24,5,0.0449
2023-11-24,7,0.0451
2023-11-24,10,0.0447
2023-11-24,20,0.0479
2023-11-24,30,0.046
2023-11-27,0.0833,0.0554
2023-11-27,0.25,0.0549
2023-11-27,0.5,0.0545
2023-11-27,1,0.0524
2023-11-27,2,0.0484
2023-11-27,3,0.046
2023-11-27,5,0.0438
2023-11-27,7,0.0443
2023-11-27,10,0.0439
2023-11-27,20,0.0472
2023-11-27,30,0.0453
2023-11-28,0.0833,0.0553
2023-11-28,0.25,0.0547
2023-11-28,0.5,0.0542
2023-11-28,1,0.0521
2023-11-28,2,0.0473
2023-11-28,3,0.0449
2023-11-28,5,0.0429
2023-11-28,7,0.0436
2023-11-28,10,0.0434
2023-11-28,20,0.047
2023-11-28,30,0.0452
2023-11-29,0.0833,0.0553
2023-11-29,0.25,0.0545
2023-11-29,0.5,0.0538
2023-11-29,1,0.0512
2023-11-29,2,0.0464
2023-11-29,3,0.044
2023-11-29,5,0.0422
2023-11-29,7,0.0428
2023-11-29,10,0.0427
2023-11-29,20,0.0462
2023-11-29,30,0.0444
2023-11-30,0.0833,0.0556
2023-11-30,0.25,0.0545
2023-11-30,0.5,0.0538
2023-11-30,1,0.0516
2023-11-30,2,0.0473
2023-11-30,3,0.0448
2023-11-30,5,0.0431
2023-11-30,7,0.0438
2023-11-30,10,0.0437
2023-11-30,20,0.0472
2023-11-30,30,0.0454
2023-12-01,0.0833,0.0555
2023-12-01,0.25,0.0543
2023-12-01,0.5,0.0533
2023-12-01,1,0.0505
2023-12-01,2,0.0456
2023-12-01,3,0.0431
2023-12-01,5,0.0414
2023-12-01,7,0.0422
2023-12-01,10,0.0422
2023-12-01,20,0.0458
2023-12-01,30,0.044
2023-12-04,0.0833,0.0555
2023-12-04,0.25,0.0546
2023-12-04,0.5,0.0541
2023-12-04,1,0.051
2023-12-04,2,0.0464
2023-12-04,3,0.044
2023-12-04,5,0.0423
2023-12-04,7,0.043
2023-12-04,10,0.0428
2023-12-04,20,0.0461
2023-12-04,30,0.0443
2023-12-05,0.0833,0.0554
2023-12-05,0.25,0.0545
2023-12-05,0.5,0.0537
2023-12-05,1,0.0506
2023-12-05,2,0.0457
2023-12-05,3,0.0433
2023-12-05,5,0.0414
2023-12-05,7,0.042
2023-12-05,10,0.0418
2023-12-05,20,0.0448
2023-12-05,30,0.043
2023-12-06,0.0833,0.0554
2023-12-06,0.25,0.0545
2023-12-06,0.5,0.0538
2023-12-06,1,0.0507
2023-12-06,2,0.046
2023-12-06,3,0.0433
2023-12-06,5,0.0412
2023-12-06,7,0.0416
2023-12-06,10,0.0412
2023-12-06,20,0.044
2023-12-06,30,0.0422
2023-12-07,0.0833,0.0553
2023-12-07,0.25,0.0544
2023-12-07,0.5,0.0536
2023-12-07,1,0.0505
2023-12-07,2,0.0458
2023-12-07,3,0.0431
2023-12-07,5,0.0411
2023-12-07,7,0.0416
2023-12-07,10,0.0414
2023-12-07,20,0.0442
2023-12-07,30,0.0425
2023-12-08,0.0833,0.0554
2023-12-08,0.25,0.0544
2023-12-08,0.5,0.0539
2023-12-08,1,0.0513
2023-12-08,2,0.0471
2023-12-08,3,0.0445
2023-12-08,5,0.0424
2023-12-08,7,0.0428
2023-12-08,10,0.0423
2023-12-08,20,0.0449
2023-12-08,30,0.0431
2023-12-11,0.0833,0.0555
2023-12-11,0.25,0.0547
2023-12-11,0.5,0.054
2023-12-11,1,0.0514
2023-12-11,2,0.0471
2023-12-11,3,0.0442
2023-12-11,5,0.0425
2023-12-11,7,0.0427
2023-12-11,10,0.0423
2023-12-11,20,0.0451
2023-12-11,30,0.0432
2023-12-12,0.0833,0.0553
2023-12-12,0.25,0.0546
2023-12-12,0.5,0.0541
2023-12-12,1,0.0514
2023-12-12,2,0.0473
2023-12-12,3,0.0442
2023-12-12,5,0.0423
2023-12-12,7,0.0424
2023-12-12,10,0.042
2023-12-12,20,0.0448
2023-12-12,30,0.043
2023-12-13,0.0833,0.0552
2023-12-13,0.25,0.0544
2023-12-13,0.5,0.0533
2023-12-13,1,0.0494
2023-12-13,2,0.0446
2023-12-13,3,0.0418
2023-12-13,5,0.04
2023-12-13,7,0.0404
2023-12-13,10,0.0404
2023-12-13,20,0.0436
2023-12-13,30,0.0419
2023-12-14,0.0833,0.0554
2023-12-14,0.25,0.0543
2023-12-14,0.5,0.0531
2023-12-14,1,0.049
2023-12-14,2,0.0437
2023-12-14,3,0.0409
2023-12-14,5,0.039
2023-12-14,7,0.0393
2023-12-14,10,0.0392
2023-12-14,20,0.0421
2023-12-14,30,0.0403
2023-12-15,0.0833,0.0554
2023-12-15,0.25,0.0544
2023-12-15,0.5,0.0533
2023-12-15,1,0.0495
2023-12-15,2,0.0444
2023-12-15,3,0.0413
2023-12-15,5,0.0391
2023-12-15,7,0.0394
2023-12-15,10,0.0391
2023-12-15,20,0.0419
2023-12-15,30,0.04
2023-12-18,0.0833,0.0552
2023-12-18,0.25,0.0546
2023-12-18,0.5,0.0536
2023-12-18,1,0.0495
2023-12-18,2,0.0443
2023-12-18,3,0.0415
2023-12-18,5,0.0394
2023-12-18,7,0.0397
2023-12-18,10,0.0395
2023-12-18,20,0.0423
2023-12-18,30,0.0405
2023-12-19,0.0833,0.0551
2023-12-19,0.25,0.0543
2023-12-19,0.5,0.0535
2023-12-19,1,0.0493
2023-12-19,2,0.0441
2023-12-19,3,0.0415
2023-12-19,5,0.0394
2023-12-19,7,0.0396
2023-12-19,10,0.0393
2023-12-19,20,0.0423
2023-12-19,30,0.0403
2023-12-20,0.0833,0.055
2023-12-20,0.25,0.0544
2023-12-20,0.5,0.0533
2023-12-20,1,0.0488
2023-12-20,2,0.0434
2023-12-20,3,0.0406
2023-12-20,5,0.0386
2023-12-20,7,0.0388
2023-12-20,10,0.0386
2023-12-20,20,0.0417
2023-12-20,30,0.0398
2023-12-21,0.0833,0.0554
2023-12-21,0.25,0.0542
2023-12-21,0.5,0.0531
2023-12-21,1,0.0484
2023-12-21,2,0.0433
2023-12-21,3,0.0406
2023-12-21,5,0.0387
2023-12-21,7,0.0391
2023-12-21,10,0.0389
2023-12-21,20,0.0419
2023-12-21,30,0.0403
2023-12-22,0.0833,0.0554
2023-12-22,0.25,0.0544
2023-12-22,0.5,0.0531
2023-12-22,1,0.0482
2023-12-22,2,0.0431
2023-12-22,3,0.0404
2023-12-22,5,0.0387
2023-12-22,7,0.0392
2023-12-22,10,0.039
2023-12-22,20,0.0421
2023-12-22,30,0.0405
2023-12-26,0.0833,0.0553
2023-12-26,0.25,0.0545
2023-12-26,0.5,0.0528
2023-12-26,1,0.0483
2023-12-26,2,0.0426
2023-12-26,3,0.0405
2023-12-26,5,0.0389
2023-12-26,7,0.0391
2023-12-26,10,0.0389
2023-12-26,20,0.042
2023-12-26,30,0.0404
2023-12-27,0.0833,0.0555
2023-12-27,0.25,0.0544
2023-12-27,0.5,0.0526
2023-12-27,1,0.0479
2023-12-27,2,0.042
2023-12-27,3,0.0397
2023-12-27,5,0.0378
2023-12-27,7,0.0381
2023-12-27,10,0.0379
2023-12-27,20,0.041
2023-12-27,30,0.0395
2023-12-28,0.0833,0.0557
2023-12-28,0.25,0.0545
2023-12-28,0.5,0.0528
2023-12-28,1,0.0482
2023-12-28,2,0.0426
2023-12-28,3,0.0402
2023-12-28,5,0.0383
2023-12-28,7,0.0384
2023-12-28,10,0.0384
2023-12-28,20,0.0414
2023-12-28,30,0.0398
2023-12-29,0.0833,0.056
2023-12-29,0.25,0.054
2023-12-29,0.5,0.0526
2023-12-29,1,0.0479
2023-12-29,2,0.0423
2023-12-29,3,0.0401
2023-12-29,5,0.0384
2023-12-29,7,0.0388
2023-12-29,10,0.0388
2023-12-29,20,0.042
2023-12-29,30,0.0403
2024-01-02,0.0833,0.0555
2024-01-02,0.25,0.0546
2024-01-02,0.5,0.0524
2024-01-02,1,0.048
2024-01-02,2,0.0433
2024-01-02,3,0.0409
2024-01-02,5,0.0393
2024-01-02,7,0.0395
2024-01-02,10,0.0395
2024-01-02,20,0.0425
2024-01-02,30,0.0408
2024-01-03,0.0833,0.0554
2024-01-03,0.25,0.0548
2024-01-03,0.5,0.0525
2024-01-03,1,0.0481
2024-01-03,2,0.0433
2024-01-03,3,0.0407
2024-01-03,5,0.039
2024-01-03,7,0.0392
2024-01-03,10,0.0391
2024-01-03,20,0.0421
2024-01-03,30,0.0405
2024-01-04,0.0833,0.0556
2024-01-04,0.25,0.0548
2024-01-04,0.5,0.0525
2024-01-04,1,0.0485
2024-01-04,2,0.0438
2024-01-04,3,0.0414
2024-01-04,5,0.0397
2024-01-04,7,0.0399
2024-01-04,10,0.0399
2024-01-04,20,0.043
2024-01-04,30,0.0413
2024-01-05,0.0833,0.0554
2024-01-05,0.25,0.0547
2024-01-05,0.5,0.0524
2024-01-05,1,0.0484
2024-01-05,2,0.044
2024-01-05,3,0.0417
2024-01-05,5,0.0402
2024-01-05,7,0.0404
2024-01-05,10,0.0405
2024-01-05,20,0.0437
2024-01-05,30,0.0421
2024-01-08,0.0833,0.0554
2024-01-08,0.25,0.0549
2024-01-08,0.5,0.0524
2024-01-08,1,0.0482
2024-01-08,2,0.0436
2024-01-08,3,0.0411
2024-01-08,5,0.0397
2024-01-08,7,0.0399
2024-01-08,10,0.0401
2024-01-08,20,0.0433
2024-01-08,30,0.0417
2024-01-09,0.0833,0.0553
2024-01-09,0.25,0.0547
2024-01-09,0.5,0.0524
2024-01-09,1,0.0482
2024-01-09,2,0.0436
2024-01-09,3,0.0409
2024-01-09,5,0.0397
2024-01-09,7,0.04
2024-01-09,10,0.0402
2024-01-09,20,0.0433
2024-01-09,30,0.0418
2024-01-10,0.0833,0.0553
2024-01-10,0.25,0.0546
2024-01-10,0.5,0.0523
2024-01-10,1,0.0482
2024-01-10,2,0.0437
2024-01-10,3,0.041
2024-01-10,5,0.0399
2024-01-10,7,0.0401
2024-01-10,10,0.0404
2024-01-10,20,0.0435
2024-01-10,30,0.042
2024-01-11,0.0833,0.0554
2024-01-11,0.25,0.0546
2024-01-11,0.5,0.0522
2024-01-11,1,0.0475
2024-01-11,2,0.0426
2024-01-11,3,0.0402
2024-01-11,5,0.039
2024-01-11,7,0.0395
2024-01-11,10,0.0398
2024-01-11,20,0.0432
2024-01-11,30,0.0418
2024-01-12,0.0833,0.0555
2024-01-12,0.25,0.0545
2024-01-12,0.5,0.0516
2024-01-12,1,0.0465
2024-01-12,2,0.0414
2024-01-12,3,0.0392
2024-01-12,5,0.0384
2024-01-12,7,0.0391
2024-01-12,10,0.0396
2024-01-12,20,0.0432
2024-01-12,30,0.042
2024-01-16,0.0833,0.0554
2024-01-16,0.25,0.0545
2024-01-16,0.5,0.0518
2024-01-16,1,0.047
2024-01-16,2,0.0422
2024-01-16,3,0.0402
2024-01-16,5,0.0395
2024-01-16,7,0.0401
2024-01-16,10,0.0407
2024-01-16,20,0.0443
2024-01-16,30,0.043
2024-01-17,0.0833,0.0554
2024-01-17,0.25,0.0547
2024-01-17,0.5,0.052
2024-01-17,1,0.048
2024-01-17,2,0.0434
2024-01-17,3,0.0412
2024-01-17,5,0.0402
2024-01-17,7,0.0407
2024-01-17,10,0.041
2024-01-17,20,0.0442
2024-01-17,30,0.0431
2024-01-18,0.0833,0.0553
2024-01-18,0.25,0.0545
2024-01-18,0.5,0.052
2024-01-18,1,0.048
2024-01-18,2,0.0434
2024-01-18,3,0.0413
2024-01-18,5,0.0404
2024-01-18,7,0.041
2024-01-18,10,0.0414
2024-01-18,20,0.0448
2024-01-18,30,0.0437
2024-01-19,0.0833,0.0554
2024-01-19,0.25,0.0545
2024-01-19,0.5,0.0521
2024-01-19,1,0.0484
2024-01-19,2,0.0439
2024-01-19,3,0.0418
2024-01-19,5,0.0408
2024-01-19,7,0.0412
2024-01-19,10,0.0415
2024-01-19,20,0.0447
2024-01-19,30,0.0436
2024-01-22,0.0833,0.0553
2024-01-22,0.25,0.0546
2024-01-22,0.5,0.0522
2024-01-22,1,0.0483
2024-01-22,2,0.0437
2024-01-22,3,0.0414
2024-01-22,5,0.0403
2024-01-22,7,0.0407
2024-01-22,10,0.0411
2024-01-22,20,0.0444
2024-01-22,30,0.0432
2024-01-23,0.0833,0.0553
2024-01-23,0.25,0.0545
2024-01-23,0.5,0.0521
2024-01-23,1,0.0481
2024-01-23,2,0.0431
2024-01-23,3,0.0416
2024-01-23,5,0.0406
2024-01-23,7,0.0411
2024-01-23,10,0.0414
2024-01-23,20,0.0448
2024-01-23,30,0.0438
2024-01-24,0.0833,0.0552
2024-01-24,0.25,0.0544
2024-01-24,0.5,0.0522
2024-01-24,1,0.0483
2024-01-24,2,0.0434
2024-01-24,3,0.0419
2024-01-24,5,0.0406
2024-01-24,7,0.0414
2024-01-24,10,0.0418
2024-01-24,20,0.0452
2024-01-24,30,0.0441
2024-01-25,0.0833,0.0554
2024-01-25,0.25,0.0544
2024-01-25,0.5,0.0519
2024-01-25,1,0.0476
2024-01-25,2,0.0428
2024-01-25,3,0.0412
2024-01-25,5,0.0401
2024-01-25,7,0.0407
2024-01-25,10,0.0414
2024-01-25,20,0.0449
2024-01-25,30,0.0438
2024-01-26,0.0833,0.0554
2024-01-26,0.25,0.0544
2024-01-26,0.5,0.0519
2024-01-26,1,0.0478
2024-01-26,2,0.0434
2024-01-26,3,0.0415
2024-01-26,5,0.0404
2024-01-26,7,0.041
2024-01-26,10,0.0415
2024-01-26,20,0.0449
2024-01-26,30,0.0438
2024-01-29,0.0833,0.0553
2024-01-29,0.25,0.0542
2024-01-29,0.5,0.0519
2024-01-29,1,0.0476
2024-01-29,2,0.0429
2024-01-29,3,0.041
2024-01-29,5,0.0397
2024-01-29,7,0.0402
2024-01-29,10,0.0408
2024-01-29,20,0.0442
2024-01-29,30,0.0431
2024-01-30,0.0833,0.0553
2024-01-30,0.25,0.0542
2024-01-30,0.5,0.0519
2024-01-30,1,0.048
2024-01-30,2,0.0436
2024-01-30,3,0.0414
2024-01-30,5,0.04
2024-01-30,7,0.0403
2024-01-30,10,0.0406
2024-01-30,20,0.044
2024-01-30,30,0.0428
2024-01-31,0.0833,0.0553
2024-01-31,0.25,0.0542
2024-01-31,0.5,0.0518
2024-01-31,1,0.0473
2024-01-31,2,0.0427
2024-01-31,3,0.0405
2024-01-31,5,0.0391
2024-01-31,7,0.0395
2024-01-31,10,0.0399
2024-01-31,20,0.0434
2024-01-31,30,0.0422
2024-02-01,0.0833,0.0549
2024-02-01,0.25,0.0542
2024-02-01,0.5,0.0515
2024-02-01,1,0.0468
2024-02-01,2,0.042
2024-02-01,3,0.0396
2024-02-01,5,0.038
2024-02-01,7,0.0383
2024-02-01,10,0.0387
2024-02-01,20,0.0421
2024-02-01,30,0.041
2024-02-02,0.0833,0.0549
2024-02-02,0.25,0.0543
2024-02-02,0.5,0.0522
2024-02-02,1,0.0481
2024-02-02,2,0.0436
2024-02-02,3,0.0414
2024-02-02,5,0.0399
2024-02-02,7,0.0402
2024-02-02,10,0.0403
2024-02-02,20,0.0433
2024-02-02,30,0.0422
2024-02-05,0.0833,0.0549
2024-02-05,0.25,0.0542
2024-02-05,0.5,0.0525
2024-02-05,1,0.0487
2024-02-05,2,0.0446
2024-02-05,3,0.0427
2024-02-05,5,0.0413
2024-02-05,7,0.0416
2024-02-05,10,0.0417
2024-02-05,20,0.0446
2024-02-05,30,0.0435
2024-02-06,0.0833,0.0548
2024-02-06,0.25,0.0544
2024-02-06,0.5,0.0523
2024-02-06,1,0.0482
2024-02-06,2,0.0439
2024-02-06,3,0.0414
2024-02-06,5,0.0403
2024-02-06,7,0.0407
2024-02-06,10,0.0409
2024-02-06,20,0.0439
2024-02-06,30,0.0429
2024-02-07,0.0833,0.0547
2024-02-07,0.25,0.0543
2024-02-07,0.5,0.0523
2024-02-07,1,0.0483
2024-02-07,2,0.0441
2024-02-07,3,0.0416
2024-02-07,5,0.0406
2024-02-07,7,0.0409
2024-02-07,10,0.0409
2024-02-07,20,0.0441
2024-02-07,30,0.0431
2024-02-08,0.0833,0.0549
2024-02-08,0.25,0.0544
2024-02-08,0.5,0.0524
2024-02-08,1,0.0483
2024-02-08,2,0.0446
2024-02-08,3,0.0422
2024-02-08,5,0.0412
2024-02-08,7,0.0415
2024-02-08,10,0.0415
2024-02-08,20,0.0447
2024-02-08,30,0.0436
2024-02-09,0.0833,0.0549
2024-02-09,0.25,0.0544
2024-02-09,0.5,0.0526
2024-02-09,1,0.0486
2024-02-09,2,0.0448
2024-02-09,3,0.0425
2024-02-09,5,0.0414
2024-02-09,7,0.0417
2024-02-09,10,0.0417
2024-02-09,20,0.0448
2024-02-09,30,0.0437
2024-02-12,0.0833,0.0549
2024-02-12,0.25,0.0543
2024-02-12,0.5,0.0527
2024-02-12,1,0.0487
2024-02-12,2,0.0446
2024-02-12,3,0.0425
2024-02-12,5,0.0413
2024-02-12,7,0.0416
2024-02-12,10,0.0417
2024-02-12,20,0.0448
2024-02-12,30,0.0437
2024-02-13,0.0833,0.0548
2024-02-13,0.25,0.0545
2024-02-13,0.5,0.0532
2024-02-13,1,0.0499
2024-02-13,2,0.0464
2024-02-13,3,0.0444
2024-02-13,5,0.0431
2024-02-13,7,0.0433
2024-02-13,10,0.0431
2024-02-13,20,0.0459
2024-02-13,30,0.0446
2024-02-14,0.0833,0.0548
2024-02-14,0.25,0.0543
2024-02-14,0.5,0.0531
2024-02-14,1,0.0494
2024-02-14,2,0.0456
2024-02-14,3,0.0438
2024-02-14,5,0.0425
2024-02-14,7,0.0427
2024-02-14,10,0.0427
2024-02-14,20,0.0457
2024-02-14,30,0.0445
2024-02-15,0.0833,0.0549
2024-02-15,0.25,0.0543
2024-02-15,0.5,0.053
2024-02-15,1,0.0493
2024-02-15,2,0.0456
2024-02-15,3,0.0436
2024-02-15,5,0.0422
2024-02-15,7,0.0425
2024-02-15,10,0.0424
2024-02-15,20,0.0454
2024-02-15,30,0.0442
2024-02-16,0.0833,0.0548
2024-02-16,0.25,0.0544
2024-02-16,0.5,0.0531
2024-02-16,1,0.0498
2024-02-16,2,0.0464
2024-02-16,3,0.0443
2024-02-16,5,0.0429
2024-02-16,7,0.0431
2024-02-16,10,0.043
2024-02-16,20,0.0458
2024-02-16,30,0.0445
2024-02-20,0.0833,0.0549
2024-02-20,0.25,0.0544
2024-02-20,0.5,0.0532
2024-02-20,1,0.0497
2024-02-20,2,0.0459
2024-02-20,3,0.0438
2024-02-20,5,0.0425
2024-02-20,7,0.0428
2024-02-20,10,0.0427
2024-02-20,20,0.0456
2024-02-20,30,0.0444
2024-02-21,0.0833,0.055
2024-02-21,0.25,0.0544
2024-02-21,0.5,0.0532
2024-02-21,1,0.0498
2024-02-21,2,0.0464
2024-02-21,3,0.0443
2024-02-21,5,0.043
2024-02-21,7,0.0433
2024-02-21,10,0.0432
2024-02-21,20,0.0459
2024-02-21,30,0.0449
2024-02-22,0.0833,0.0549
2024-02-22,0.25,0.0545
2024-02-22,0.5,0.0532
2024-02-22,1,0.0502
2024-02-22,2,0.0469
2024-02-22,3,0.0449
2024-02-22,5,0.0433
2024-02-22,7,0.0435
2024-02-22,10,0.0433
2024-02-22,20,0.0458
2024-02-22,30,0.0447
2024-02-23,0.0833,0.0549
2024-02-23,0.25,0.0546
2024-02-23,0.5,0.0532
2024-02-23,1,0.05
2024-02-23,2,0.0467
2024-02-23,3,0.0445
2024-02-23,5,0.0428
2024-02-23,7,0.0428
2024-02-23,10,0.0426
2024-02-23,20,0.0451
2024-02-23,30,0.0437
2024-02-26,0.0833,0.055
2024-02-26,0.25,0.0547
2024-02-26,0.5,0.0534
2024-02-26,1,0.0503
2024-02-26,2,0.0469
2024-02-26,3,0.0448
2024-02-26,5,0.0429
2024-02-26,7,0.0432
2024-02-26,10,0.0428
2024-02-26,20,0.0453
2024-02-26,30,0.044
2024-02-27,0.0833,0.055
2024-02-27,0.25,0.0545
2024-02-27,0.5,0.0533
2024-02-27,1,0.0503
2024-02-27,2,0.047
2024-02-27,3,0.045
2024-02-27,5,0.0432
2024-02-27,7,0.0434
2024-02-27,10,0.0431
2024-02-27,20,0.0457
2024-02-27,30,0.0444
2024-02-28,0.0833,0.055
2024-02-28,0.25,0.0545
2024-02-28,0.5,0.0531
2024-02-28,1,0.05
2024-02-28,2,0.0464
2024-02-28,3,0.0444
2024-02-28,5,0.0426
2024-02-28,7,0.0428
2024-02-28,10,0.0427
2024-02-28,20,0.0453
2024-02-28,30,0.044
2024-02-29,0.0833,0.0553
2024-02-29,0.25,0.0545
2024-02-29,0.5,0.053
2024-02-29,1,0.0501
2024-02-29,2,0.0464
2024-02-29,3,0.0443
2024-02-29,5,0.0426
2024-02-29,7,0.0428
2024-02-29,10,0.0425
2024-02-29,20,0.0451
2024-02-29,30,0.0438
2024-03-01,0.0833,0.0554
2024-03-01,0.25,0.0542
2024-03-01,0.5,0.0527
2024-03-01,1,0.0494
2024-03-01,2,0.0454
2024-03-01,3,0.0432
2024-03-01,5,0.0417
2024-03-01,7,0.042
2024-03-01,10,0.0419
2024-03-01,20,0.0446
2024-03-01,30,0.0433
2024-03-04,0.0833,0.0551
2024-03-04,0.25,0.0548
2024-03-04,0.5,0.0537
2024-03-04,1,0.0498
2024-03-04,2,0.0461
2024-03-04,3,0.0439
2024-03-04,5,0.0421
2024-03-04,7,0.0423
2024-03-04,10,0.0422
2024-03-04,20,0.0448
2024-03-04,30,0.0436
2024-03-05,0.0833,0.055
2024-03-05,0.25,0.0547
2024-03-05,0.5,0.0535
2024-03-05,1,0.0494
2024-03-05,2,0.0454
2024-03-05,3,0.0432
2024-03-05,5,0.0413
2024-03-05,7,0.0415
2024-03-05,10,0.0413
2024-03-05,20,0.0439
2024-03-05,30,0.0427
2024-03-06,0.0833,0.055
2024-03-06,0.25,0.0547
2024-03-06,0.5,0.0535
2024-03-06,1,0.0495
2024-03-06,2,0.0455
2024-03-06,3,0.0432
2024-03-06,5,0.0412
2024-03-06,7,0.0412
2024-03-06,10,0.0411
2024-03-06,20,0.0436
2024-03-06,30,0.0424
2024-03-07,0.0833,0.0551
2024-03-07,0.25,0.0547
2024-03-07,0.5,0.0534
2024-03-07,1,0.0493
2024-03-07,2,0.045
2024-03-07,3,0.0428
2024-03-07,5,0.0407
2024-03-07,7,0.0409
2024-03-07,10,0.0409
2024-03-07,20,0.0435
2024-03-07,30,0.0425
2024-03-08,0.0833,0.0551
2024-03-08,0.25,0.0546
2024-03-08,0.5,0.0534
2024-03-08,1,0.0492
2024-03-08,2,0.0448
2024-03-08,3,0.0425
2024-03-08,5,0.0406
2024-03-08,7,0.0408
2024-03-08,10,0.0409
2024-03-08,20,0.0436
2024-03-08,30,0.0426
2024-03-11,0.0833,0.055
2024-03-11,0.25,0.0548
2024-03-11,0.5,0.0535
2024-03-11,1,0.0495
2024-03-11,2,0.0451
2024-03-11,3,0.0426
2024-03-11,5,0.0408
2024-03-11,7,0.0409
2024-03-11,10,0.041
2024-03-11,20,0.0436
2024-03-11,30,0.0426
2024-03-12,0.0833,0.0552
2024-03-12,0.25,0.0548
2024-03-12,0.5,0.0537
2024-03-12,1,0.05
2024-03-12,2,0.0458
2024-03-12,3,0.0433
2024-03-12,5,0.0415
2024-03-12,7,0.0416
2024-03-12,10,0.0416
2024-03-12,20,0.0442
2024-03-12,30,0.0431
2024-03-13,0.0833,0.0552
2024-03-13,0.25,0.0548
2024-03-13,0.5,0.0537
2024-03-13,1,0.0501
2024-03-13,2,0.0461
2024-03-13,3,0.0437
2024-03-13,5,0.0419
2024-03-13,7,0.042
2024-03-13,10,0.0419
2024-03-13,20,0.0445
2024-03-13,30,0.0435
2024-03-14,0.0833,0.0552
2024-03-14,0.25,0.0548
2024-03-14,0.5,0.0538
2024-03-14,1,0.0504
2024-03-14,2,0.0468
2024-03-14,3,0.0446
2024-03-14,5,0.0429
2024-03-14,7,0.043
2024-03-14,10,0.0429
2024-03-14,20,0.0454
2024-03-14,30,0.0444
2024-03-15,0.0833,0.0552
2024-03-15,0.25,0.0548
2024-03-15,0.5,0.0538
2024-03-15,1,0.0505
2024-03-15,2,0.0472
2024-03-15,3,0.0451
2024-03-15,5,0.0433
2024-03-15,7,0.0433
2024-03-15,10,0.0431
2024-03-15,20,0.0455
2024-03-15,30,0.0443
2024-03-18,0.0833,0.0552
2024-03-18,0.25,0.0548
2024-03-18,0.5,0.0539
2024-03-18,1,0.0506
2024-03-18,2,0.0473
2024-03-18,3,0.0452
2024-03-18,5,0.0436
2024-03-18,7,0.0435
2024-03-18,10,0.0434
2024-03-18,20,0.0457
2024-03-18,30,0.0446
2024-03-19,0.0833,0.0552
2024-03-19,0.25,0.0548
2024-03-19,0.5,0.0539
2024-03-19,1,0.0506
2024-03-19,2,0.0468
2024-03-19,3,0.0447
2024-03-19,5,0.0431
2024-03-19,7,0.0431
2024-03-19,10,0.043
2024-03-19,20,0.0454
2024-03-19,30,0.0444
2024-03-20,0.0833,0.055
2024-03-20,0.25,0.0547
2024-03-20,0.5,0.0536
2024-03-20,1,0.0501
2024-03-20,2,0.0459
2024-03-20,3,0.0441
2024-03-20,5,0.0425
2024-03-20,7,0.0428
2024-03-20,10,0.0427
2024-03-20,20,0.0453
2024-03-20,30,0.0445
2024-03-21,0.0833,0.0551
2024-03-21,0.25,0.0548
2024-03-21,0.5,0.0536
2024-03-21,1,0.0501
2024-03-21,2,0.0462
2024-03-21,3,0.0442
2024-03-21,5,0.0426
2024-03-21,7,0.0428
2024-03-21,10,0.0427
2024-03-21,20,0.0453
2024-03-21,30,0.0444
2024-03-22,0.0833,0.0551
2024-03-22,0.25,0.0546
2024-03-22,0.5,0.0534
2024-03-22,1,0.0498
2024-03-22,2,0.0459
2024-03-22,3,0.0436
2024-03-22,5,0.042
2024-03-22,7,0.0422
2024-03-22,10,0.0422
2024-03-22,20,0.0447
2024-03-22,30,0.0439
2024-03-25,0.0833,0.0551
2024-03-25,0.25,0.0546
2024-03-25,0.5,0.0536
2024-03-25,1,0.05
2024-03-25,2,0.0454
2024-03-25,3,0.0439
2024-03-25,5,0.0423
2024-03-25,7,0.0425
2024-03-25,10,0.0425
2024-03-25,20,0.0451
2024-03-25,30,0.0442
2024-03-26,0.0833,0.055
2024-03-26,0.25,0.0546
2024-03-26,0.5,0.0536
2024-03-26,1,0.05
2024-03-26,2,0.0456
2024-03-26,3,0.0438
2024-03-26,5,0.0422
2024-03-26,7,0.0423
2024-03-26,10,0.0424
2024-03-26,20,0.0449
2024-03-26,30,0.044
2024-03-27,0.0833,0.055
2024-03-27,0.25,0.0545
2024-03-27,0.5,0.0536
2024-03-27,1,0.0499
2024-03-27,2,0.0454
2024-03-27,3,0.0436
2024-03-27,5,0.0418
2024-03-27,7,0.0418
2024-03-27,10,0.042
2024-03-27,20,0.0445
2024-03-27,30,0.0436
2024-03-28,0.0833,0.0549
2024-03-28,0.25,0.0546
2024-03-28,0.5,0.0538
2024-03-28,1,0.0503
2024-03-28,2,0.0459
2024-03-28,3,0.044
2024-03-28,5,0.0421
2024-03-28,7,0.042
2024-03-28,10,0.042
2024-03-28,20,0.0445
2024-03-28,30,0.0434
2024-04-01,0.0833,0.0549
2024-04-01,0.25,0.0544
2024-04-01,0.5,0.0536
2024-04-01,1,0.0506
2024-04-01,2,0.0472
2024-04-01,3,0.0451
2024-04-01,5,0.0434
2024-04-01,7,0.0433
2024-04-01,10,0.0433
2024-04-01,20,0.0458
2024-04-01,30,0.0447
2024-04-02,0.0833,0.0549
2024-04-02,0.25,0.0542
2024-04-02,0.5,0.0534
2024-04-02,1,0.0505
2024-04-02,2,0.047
2024-04-02,3,0.0451
2024-04-02,5,0.0435
2024-04-02,7,0.0437
2024-04-02,10,0.0436
2024-04-02,20,0.0461
2024-04-02,30,0.0451
2024-04-03,0.0833,0.0547
2024-04-03,0.25,0.0542
2024-04-03,0.5,0.0533
2024-04-03,1,0.0503
2024-04-03,2,0.0468
2024-04-03,3,0.0448
2024-04-03,5,0.0434
2024-04-03,7,0.0436
2024-04-03,10,0.0436
2024-04-03,20,0.0461
2024-04-03,30,0.0451
2024-04-04,0.0833,0.0547
2024-04-04,0.25,0.0541
2024-04-04,0.5,0.0532
2024-04-04,1,0.05
2024-04-04,2,0.0465
2024-04-04,3,0.0446
2024-04-04,5,0.043
2024-04-04,7,0.0431
2024-04-04,10,0.0431
2024-04-04,20,0.0457
2024-04-04,30,0.0447
2024-04-05,0.0833,0.0547
2024-04-05,0.25,0.0543
2024-04-05,0.5,0.0534
2024-04-05,1,0.0505
2024-04-05,2,0.0473
2024-04-05,3,0.0454
2024-04-05,5,0.0438
2024-04-05,7,0.0439
2024-04-05,10,0.0439
2024-04-05,20,0.0465
2024-04-05,30,0.0454
2024-04-08,0.0833,0.0548
2024-04-08,0.25,0.0543
2024-04-08,0.5,0.0535
2024-04-08,1,0.0507
2024-04-08,2,0.0478
2024-04-08,3,0.046
2024-04-08,5,0.0443
2024-04-08,7,0.0443
2024-04-08,10,0.0442
2024-04-08,20,0.0465
2024-04-08,30,0.0455
2024-04-09,0.0833,0.0548
2024-04-09,0.25,0.0543
2024-04-09,0.5,0.0534
2024-04-09,1,0.0503
2024-04-09,2,0.0474
2024-04-09,3,0.0452
2024-04-09,5,0.0437
2024-04-09,7,0.0438
2024-04-09,10,0.0436
2024-04-09,20,0.046
2024-04-09,30,0.045
2024-04-10,0.0833,0.0549
2024-04-10,0.25,0.0545
2024-04-10,0.5,0.054
2024-04-10,1,0.0519
2024-04-10,2,0.0497
2024-04-10,3,0.0477
2024-04-10,5,0.0461
2024-04-10,7,0.0459
2024-04-10,10,0.0455
2024-04-10,20,0.0476
2024-04-10,30,0.0464
2024-04-11,0.0833,0.0548
2024-04-11,0.25,0.0545
2024-04-11,0.5,0.0538
2024-04-11,1,0.0517
2024-04-11,2,0.0493
2024-04-11,3,0.0477
2024-04-11,5,0.0461
2024-04-11,7,0.046
2024-04-11,10,0.0456
2024-04-11,20,0.0477
2024-04-11,30,0.0465
2024-04-12,0.0833,0.0548
2024-04-12,0.25,0.0545
2024-04-12,0.5,0.0536
2024-04-12,1,0.0513
2024-04-12,2,0.0488
2024-04-12,3,0.047
2024-04-12,5,0.0454
2024-04-12,7,0.0453
2024-04-12,10,0.045
2024-04-12,20,0.0473
2024-04-12,30,0.0461
2024-04-15,0.0833,0.0549
2024-04-15,0.25,0.0545
2024-04-15,0.5,0.0538
2024-04-15,1,0.0516
2024-04-15,2,0.0493
2024-04-15,3,0.0478
2024-04-15,5,0.0465
2024-04-15,7,0.0465
2024-04-15,10,0.0463
2024-04-15,20,0.0485
2024-04-15,30,0.0474
2024-04-16,0.0833,0.0549
2024-04-16,0.25,0.0545
2024-04-16,0.5,0.0539
2024-04-16,1,0.0518
2024-04-16,2,0.0497
2024-04-16,3,0.0483
2024-04-16,5,0.0469
2024-04-16,7,0.0469
2024-04-16,10,0.0467
2024-04-16,20,0.0488
2024-04-16,30,0.0477
2024-04-17,0.0833,0.0549
2024-04-17,0.25,0.0545
2024-04-17,0.5,0.0538
2024-04-17,1,0.0516
2024-04-17,2,0.0493
2024-04-17,3,0.0477
2024-04-17,5,0.0462
2024-04-17,7,0.0461
2024-04-17,10,0.0459
2024-04-17,20,0.0481
2024-04-17,30,0.0471
2024-04-18,0.0833,0.0549
2024-04-18,0.25,0.0546
2024-04-18,0.5,0.0539
2024-04-18,1,0.0518
2024-04-18,2,0.0498
2024-04-18,3,0.0483
2024-04-18,5,0.0468
2024-04-18,7,0.0467
2024-04-18,10,0.0464
2024-04-18,20,0.0485
2024-04-18,30,0.0474
2024-04-19,0.0833,0.0549
2024-04-19,0.25,0.0545
2024-04-19,0.5,0.0539
2024-04-19,1,0.0517
2024-04-19,2,0.0497
2024-04-19,3,0.0481
2024-04-19,5,0.0466
2024-04-19,7,0.0465
2024-04-19,10,0.0462
2024-04-19,20,0.0483
2024-04-19,30,0.0472
2024-04-22,0.0833,0.0549
2024-04-22,0.25,0.0542
2024-04-22,0.5,0.0539
2024-04-22,1,0.0516
2024-04-22,2,0.0497
2024-04-22,3,0.0481
2024-04-22,5,0.0466
2024-04-22,7,0.0465
2024-04-22,10,0.0462
2024-04-22,20,0.0484
2024-04-22,30,0.0472
2024-04-23,0.0833,0.0549
2024-04-23,0.25,0.0545
2024-04-23,0.5,0.0539
2024-04-23,1,0.0514
2024-04-23,2,0.0486
2024-04-23,3,0.0476
2024-04-23,5,0.0463
2024-04-23,7,0.0462
2024-04-23,10,0.0461
2024-04-23,20,0.0484
2024-04-23,30,0.0473
2024-04-24,0.0833,0.0549
2024-04-24,0.25,0.0546
2024-04-24,0.5,0.054
2024-04-24,1,0.0517
2024-04-24,2,0.0489
2024-04-24,3,0.0478
2024-04-24,5,0.0464
2024-04-24,7,0.0466
2024-04-24,10,0.0465
2024-04-24,20,0.0488
2024-04-24,30,0.0478
2024-04-25,0.0833,0.0548
2024-04-25,0.25,0.0547
2024-04-25,0.5,0.0541
2024-04-25,1,0.0521
2024-04-25,2,0.0496
2024-04-25,3,0.0485
2024-04-25,5,0.047
2024-04-25,7,0.0471
2024-04-25,10,0.047
2024-04-25,20,0.0493
2024-04-25,30,0.0482
2024-04-26,0.0833,0.0548
2024-04-26,0.25,0.0546
2024-04-26,0.5,0.054
2024-04-26,1,0.0521
2024-04-26,2,0.0496
2024-04-26,3,0.0484
2024-04-26,5,0.0468
2024-04-26,7,0.0468
2024-04-26,10,0.0467
2024-04-26,20,0.0489
2024-04-26,30,0.0478
2024-04-29,0.0833,0.0548
2024-04-29,0.25,0.0545
2024-04-29,0.5,0.0543
2024-04-29,1,0.052
2024-04-29,2,0.0497
2024-04-29,3,0.048
2024-04-29,5,0.0465
2024-04-29,7,0.0464
2024-04-29,10,0.0463
2024-04-29,20,0.0486
2024-04-29,30,0.0475
2024-04-30,0.0833,0.0548
2024-04-30,0.25,0.0546
2024-04-30,0.5,0.0544
2024-04-30,1,0.0525
2024-04-30,2,0.0504
2024-04-30,3,0.0487
2024-04-30,5,0.0472
2024-04-30,7,0.0471
2024-04-30,10,0.0469
2024-04-30,20,0.049
2024-04-30,30,0.0479
2024-05-01,0.0833,0.0547
2024-05-01,0.25,0.0546
2024-05-01,0.5,0.0543
2024-05-01,1,0.0521
2024-05-01,2,0.0496
2024-05-01,3,0.0479
2024-05-01,5,0.0464
2024-05-01,7,0.0464
2024-05-01,10,0.0463
2024-05-01,20,0.0485
2024-05-01,30,0.0474
2024-05-02,0.0833,0.0551
2024-05-02,0.25,0.0546
2024-05-02,0.5,0.0542
2024-05-02,1,0.0516
2024-05-02,2,0.0487
2024-05-02,3,0.0471
2024-05-02,5,0.0457
2024-05-02,7,0.0457
2024-05-02,10,0.0458
2024-05-02,20,0.0482
2024-05-02,30,0.0472
2024-05-03,0.0833,0.0551
2024-05-03,0.25,0.0545
2024-05-03,0.5,0.0541
2024-05-03,1,0.0512
2024-05-03,2,0.0481
2024-05-03,3,0.0463
2024-05-03,5,0.0448
2024-05-03,7,0.0449
2024-05-03,10,0.045
2024-05-03,20,0.0475
2024-05-03,30,0.0466
2024-05-06,0.0833,0.0551
2024-05-06,0.25,0.0545
2024-05-06,0.5,0.0542
2024-05-06,1,0.0512
2024-05-06,2,0.0482
2024-05-06,3,0.0464
2024-05-06,5,0.0448
2024-05-06,7,0.0448
2024-05-06,10,0.0449
2024-05-06,20,0.0473
2024-05-06,30,0.0464
2024-05-07,0.0833,0.0551
2024-05-07,0.25,0.0545
2024-05-07,0.5,0.0541
2024-05-07,1,0.0513
2024-05-07,2,0.0482
2024-05-07,3,0.046
2024-05-07,5,0.0448
2024-05-07,7,0.0447
2024-05-07,10,0.0447
2024-05-07,20,0.047
2024-05-07,30,0.0461
2024-05-08,0.0833,0.0551
2024-05-08,0.25,0.0545
2024-05-08,0.5,0.0541
2024-05-08,1,0.0513
2024-05-08,2,0.0484
2024-05-08,3,0.0463
2024-05-08,5,0.045
2024-05-08,7,0.0449
2024-05-08,10,0.0448
2024-05-08,20,0.0473
2024-05-08,30,0.0464
2024-05-09,0.0833,0.0551
2024-05-09,0.25,0.0546
2024-05-09,0.5,0.0541
2024-05-09,1,0.0512
2024-05-09,2,0.048
2024-05-09,3,0.046
2024-05-09,5,0.0447
2024-05-09,7,0.0446
2024-05-09,10,0.0445
2024-05-09,20,0.047
2024-05-09,30,0.046
2024-05-10,0.0833,0.0551
2024-05-10,0.25,0.0547
2024-05-10,0.5,0.0543
2024-05-10,1,0.0517
2024-05-10,2,0.0487
2024-05-10,3,0.0465
2024-05-10,5,0.0452
2024-05-10,7,0.0451
2024-05-10,10,0.045
2024-05-10,20,0.0474
2024-05-10,30,0.0464
2024-05-13,0.0833,0.055
2024-05-13,0.25,0.0545
2024-05-13,0.5,0.0543
2024-05-13,1,0.0516
2024-05-13,2,0.0485
2024-05-13,3,0.0466
2024-05-13,5,0.045
2024-05-13,7,0.0449
2024-05-13,10,0.0448
2024-05-13,20,0.0472
2024-05-13,30,0.0463
2024-05-14,0.0833,0.055
2024-05-14,0.25,0.0544
2024-05-14,0.5,0.0543
2024-05-14,1,0.0516
2024-05-14,2,0.0481
2024-05-14,3,0.0462
2024-05-14,5,0.0446
2024-05-14,7,0.0445
2024-05-14,10,0.0445
2024-05-14,20,0.0469
2024-05-14,30,0.0459
2024-05-15,0.0833,0.0549
2024-05-15,0.25,0.0545
2024-05-15,0.5,0.054
2024-05-15,1,0.051
2024-05-15,2,0.0473
2024-05-15,3,0.0451
2024-05-15,5,0.0435
2024-05-15,7,0.0435
2024-05-15,10,0.0436
2024-05-15,20,0.0461
2024-05-15,30,0.0452
2024-05-16,0.0833,0.0551
2024-05-16,0.25,0.0545
2024-05-16,0.5,0.0541
2024-05-16,1,0.0513
2024-05-16,2,0.0478
2024-05-16,3,0.0458
2024-05-16,5,0.044
2024-05-16,7,0.0439
2024-05-16,10,0.0438
2024-05-16,20,0.0462
2024-05-16,30,0.0452
2024-05-17,0.0833,0.055
2024-05-17,0.25,0.0546
2024-05-17,0.5,0.0541
2024-05-17,1,0.0514
2024-05-17,2,0.0483
2024-05-17,3,0.046
2024-05-17,5,0.0444
2024-05-17,7,0.0443
2024-05-17,10,0.0442
2024-05-17,20,0.0466
2024-05-17,30,0.0456
2024-05-20,0.0833,0.055
2024-05-20,0.25,0.0545
2024-05-20,0.5,0.0543
2024-05-20,1,0.0515
2024-05-20,2,0.0482
2024-05-20,3,0.0462
2024-05-20,5,0.0446
2024-05-20,7,0.0444
2024-05-20,10,0.0444
2024-05-20,20,0.0468
2024-05-20,30,0.0458
2024-05-21,0.0833,0.055
2024-05-21,0.25,0.0545
2024-05-21,0.5,0.0542
2024-05-21,1,0.0514
2024-05-21,2,0.0482
2024-05-21,3,0.0461
2024-05-21,5,0.0443
2024-05-21,7,0.0442
2024-05-21,10,0.0441
2024-05-21,20,0.0465
2024-05-21,30,0.0455
2024-05-22,0.0833,0.0549
2024-05-22,0.25,0.0545
2024-05-22,0.5,0.0543
2024-05-22,1,0.0516
2024-05-22,2,0.0486
2024-05-22,3,0.0464
2024-05-22,5,0.0447
2024-05-22,7,0.0444
2024-05-22,10,0.0443
2024-05-22,20,0.0463
2024-05-22,30,0.0455
2024-05-23,0.0833,0.0551
2024-05-23,0.25,0.0546
2024-05-23,0.5,0.0544
2024-05-23,1,0.052
2024-05-23,2,0.0491
2024-05-23,3,0.0471
2024-05-23,5,0.0452
2024-05-23,7,0.045
2024-05-23,10,0.0447
2024-05-23,20,0.0467
2024-05-23,30,0.0458
2024-05-24,0.0833,0.0556
2024-05-24,0.25,0.0546
2024-05-24,0.5,0.0544
2024-05-24,1,0.0521
2024-05-24,2,0.0493
2024-05-24,3,0.0471
2024-05-24,5,0.0453
2024-05-24,7,0.0449
2024-05-24,10,0.0446
2024-05-24,20,0.0465
2024-05-24,30,0.0457
2024-05-28,0.0833,0.055
2024-05-28,0.25,0.0546
2024-05-28,0.5,0.0543
2024-05-28,1,0.0521
2024-05-28,2,0.0494
2024-05-28,3,0.0475
2024-05-28,5,0.0456
2024-05-28,7,0.0456
2024-05-28,10,0.0454
2024-05-28,20,0.0474
2024-05-28,30,0.0466
2024-05-29,0.0833,0.055
2024-05-29,0.25,0.0546
2024-05-29,0.5,0.0543
2024-05-29,1,0.0522
2024-05-29,2,0.0496
2024-05-29,3,0.0479
2024-05-29,5,0.0463
2024-05-29,7,0.0463
2024-05-29,10,0.0461
2024-05-29,20,0.0482
2024-05-29,30,0.0474
2024-05-30,0.0833,0.0548
2024-05-30,0.25,0.0546
2024-05-30,0.5,0.0542
2024-05-30,1,0.0519
2024-05-30,2,0.0492
2024-05-30,3,0.0474
2024-05-30,5,0.0457
2024-05-30,7,0.0457
2024-05-30,10,0.0455
2024-05-30,20,0.0476
2024-05-30,30,0.0469
2024-05-31,0.0833,0.0548
2024-05-31,0.25,0.0546
2024-05-31,0.5,0.0542
2024-05-31,1,0.0518
2024-05-31,2,0.0489
2024-05-31,3,0.0469
2024-05-31,5,0.0452
2024-05-31,7,0.0452
2024-05-31,10,0.0451
2024-05-31,20,0.0473
2024-05-31,30,0.0465
2024-06-03,0.0833,0.0549
2024-06-03,0.25,0.0552
2024-06-03,0.5,0.0539
2024-06-03,1,0.0514
2024-06-03,2,0.0482
2024-06-03,3,0.0462
2024-06-03,5,0.0442
2024-06-03,7,0.0441
2024-06-03,10,0.0441
2024-06-03,20,0.0463
2024-06-03,30,0.0455
2024-06-04,0.0833,0.0548
2024-06-04,0.25,0.0552
2024-06-04,0.5,0.0538
2024-06-04,1,0.0511
2024-06-04,2,0.0477
2024-06-04,3,0.0455
2024-06-04,5,0.0435
2024-06-04,7,0.0433
2024-06-04,10,0.0433
2024-06-04,20,0.0456
2024-06-04,30,0.0448
2024-06-05,0.0833,0.0548
2024-06-05,0.25,0.0551
2024-06-05,0.5,0.0537
2024-06-05,1,0.0508
2024-06-05,2,0.0472
2024-06-05,3,0.045
2024-06-05,5,0.0431
2024-06-05,7,0.0429
2024-06-05,10,0.0429
2024-06-05,20,0.0452
2024-06-05,30,0.0444
2024-06-06,0.0833,0.0548
2024-06-06,0.25,0.0551
2024-06-06,0.5,0.0536
2024-06-06,1,0.0508
2024-06-06,2,0.0472
2024-06-06,3,0.0449
2024-06-06,5,0.0429
2024-06-06,7,0.0428
2024-06-06,10,0.0428
2024-06-06,20,0.0451
2024-06-06,30,0.0443
2024-06-07,0.0833,0.0547
2024-06-07,0.25,0.0552
2024-06-07,0.5,0.054
2024-06-07,1,0.0517
2024-06-07,2,0.0487
2024-06-07,3,0.0465
2024-06-07,5,0.0446
2024-06-07,7,0.0445
2024-06-07,10,0.0443
2024-06-07,20,0.0464
2024-06-07,30,0.0455
2024-06-10,0.0833,0.0547
2024-06-10,0.25,0.0552
2024-06-10,0.5,0.054
2024-06-10,1,0.0516
2024-06-10,2,0.0487
2024-06-10,3,0.0462
2024-06-10,5,0.0448
2024-06-10,7,0.0447
2024-06-10,10,0.0447
2024-06-10,20,0.0468
2024-06-10,30,0.0459
2024-06-11,0.0833,0.0546
2024-06-11,0.25,0.0552
2024-06-11,0.5,0.0539
2024-06-11,1,0.0517
2024-06-11,2,0.0481
2024-06-11,3,0.0457
2024-06-11,5,0.0441
2024-06-11,7,0.044
2024-06-11,10,0.0439
2024-06-11,20,0.0462
2024-06-11,30,0.0453
2024-06-12,0.0833,0.0547
2024-06-12,0.25,0.0551
2024-06-12,0.5,0.0538
2024-06-12,1,0.0513
2024-06-12,2,0.0475
2024-06-12,3,0.0448
2024-06-12,5,0.0432
2024-06-12,7,0.0431
2024-06-12,10,0.0431
2024-06-12,20,0.0456
2024-06-12,30,0.0447
2024-06-13,0.0833,0.0547
2024-06-13,0.25,0.0551
2024-06-13,0.5,0.0536
2024-06-13,1,0.0507
2024-06-13,2,0.0468
2024-06-13,3,0.0442
2024-06-13,5,0.0424
2024-06-13,7,0.0423
2024-06-13,10,0.0424
2024-06-13,20,0.045
2024-06-13,30,0.044
2024-06-14,0.0833,0.0547
2024-06-14,0.25,0.0551
2024-06-14,0.5,0.0536
2024-06-14,1,0.0507
2024-06-14,2,0.0467
2024-06-14,3,0.0441
2024-06-14,5,0.0422
2024-06-14,7,0.042
2024-06-14,10,0.042
2024-06-14,20,0.0446
2024-06-14,30,0.0434
2024-06-17,0.0833,0.0545
2024-06-17,0.25,0.0552
2024-06-17,0.5,0.0539
2024-06-17,1,0.0511
2024-06-17,2,0.0475
2024-06-17,3,0.045
2024-06-17,5,0.043
2024-06-17,7,0.0428
2024-06-17,10,0.0428
2024-06-17,20,0.0452
2024-06-17,30,0.044
2024-06-18,0.0833,0.054
2024-06-18,0.25,0.055
2024-06-18,0.5,0.0537
2024-06-18,1,0.0509
2024-06-18,2,0.0469
2024-06-18,3,0.0443
2024-06-18,5,0.0424
2024-06-18,7,0.0422
2024-06-18,10,0.0422
2024-06-18,20,0.0447
2024-06-18,30,0.0436
2024-06-20,0.0833,0.0542
2024-06-20,0.25,0.055
2024-06-20,0.5,0.0537
2024-06-20,1,0.051
2024-06-20,2,0.047
2024-06-20,3,0.0445
2024-06-20,5,0.0426
2024-06-20,7,0.0425
2024-06-20,10,0.0425
2024-06-20,20,0.0449
2024-06-20,30,0.0439
2024-06-21,0.0833,0.0542
2024-06-21,0.25,0.0549
2024-06-21,0.5,0.0536
2024-06-21,1,0.051
2024-06-21,2,0.047
2024-06-21,3,0.0445
2024-06-21,5,0.0426
2024-06-21,7,0.0425
2024-06-21,10,0.0425
2024-06-21,20,0.0449
2024-06-21,30,0.0439
2024-06-24,0.0833,0.0542
2024-06-24,0.25,0.055
2024-06-24,0.5,0.0537
2024-06-24,1,0.051
2024-06-24,2,0.0471
2024-06-24,3,0.0446
2024-06-24,5,0.0427
2024-06-24,7,0.0425
2024-06-24,10,0.0425
2024-06-24,20,0.0448
2024-06-24,30,0.0438
2024-06-25,0.0833,0.0543
2024-06-25,0.25,0.0549
2024-06-25,0.5,0.0537
2024-06-25,1,0.051
2024-06-25,2,0.0465
2024-06-25,3,0.0445
2024-06-25,5,0.0425
2024-06-25,7,0.0423
2024-06-25,10,0.0423
2024-06-25,20,0.0446
2024-06-25,30,0.0436
2024-06-26,0.0833,0.0544
2024-06-26,0.25,0.055
2024-06-26,0.5,0.0536
2024-06-26,1,0.0513
2024-06-26,2,0.0471
2024-06-26,3,0.0453
2024-06-26,5,0.0432
2024-06-26,7,0.0432
2024-06-26,10,0.0432
2024-06-26,20,0.0455
2024-06-26,30,0.0445
2024-06-27,0.0833,0.0548
2024-06-27,0.25,0.0549
2024-06-27,0.5,0.0535
2024-06-27,1,0.051
2024-06-27,2,0.047
2024-06-27,3,0.0449
2024-06-27,5,0.0429
2024-06-27,7,0.0427
2024-06-27,10,0.0429
2024-06-27,20,0.0453
2024-06-27,30,0.0443
2024-06-28,0.0833,0.0547
2024-06-28,0.25,0.0548
2024-06-28,0.5,0.0533
2024-06-28,1,0.0509
2024-06-28,2,0.0471
2024-06-28,3,0.0452
2024-06-28,5,0.0433
2024-06-28,7,0.0433
2024-06-28,10,0.0436
2024-06-28,20,0.0461
2024-06-28,30,0.0451
2024-07-01,0.0833,0.0548
2024-07-01,0.25,0.0547
2024-07-01,0.5,0.0537
2024-07-01,1,0.051
2024-07-01,2,0.0477
2024-07-01,3,0.0458
2024-07-01,5,0.0444
2024-07-01,7,0.0445
2024-07-01,10,0.0448
2024-07-01,20,0.0476
2024-07-01,30,0.0464
2024-07-02,0.0833,0.0548
2024-07-02,0.25,0.0547
2024-07-02,0.5,0.0536
2024-07-02,1,0.0507
2024-07-02,2,0.0474
2024-07-02,3,0.0454
2024-07-02,5,0.0439
2024-07-02,7,0.044
2024-07-02,10,0.0443
2024-07-02,20,0.0471
2024-07-02,30,0.046
2024-07-03,0.0833,0.0549
2024-07-03,0.25,0.0547
2024-07-03,0.5,0.0536
2024-07-03,1,0.0504
2024-07-03,2,0.0471
2024-07-03,3,0.0448
2024-07-03,5,0.0433
2024-07-03,7,0.0433
2024-07-03,10,0.0436
2024-07-03,20,0.0464
2024-07-03,30,0.0453
2024-07-05,0.0833,0.0548
2024-07-05,0.25,0.0546
2024-07-05,0.5,0.0534
2024-07-05,1,0.0498
2024-07-05,2,0.046
2024-07-05,3,0.0439
2024-07-05,5,0.0422
2024-07-05,7,0.0423
2024-07-05,10,0.0428
2024-07-05,20,0.0457
2024-07-05,30,0.0447
2024-07-08,0.0833,0.0548
2024-07-08,0.25,0.0546
2024-07-08,0.5,0.0533
2024-07-08,1,0.0499
2024-07-08,2,0.0462
2024-07-08,3,0.044
2024-07-08,5,0.0423
2024-07-08,7,0.0423
2024-07-08,10,0.0428
2024-07-08,20,0.0457
2024-07-08,30,0.0446
2024-07-09,0.0833,0.0545
2024-07-09,0.25,0.0546
2024-07-09,0.5,0.0534
2024-07-09,1,0.0502
2024-07-09,2,0.0462
2024-07-09,3,0.0437
2024-07-09,5,0.0424
2024-07-09,7,0.0425
2024-07-09,10,0.043
2024-07-09,20,0.0459
2024-07-09,30,0.0449
2024-07-10,0.0833,0.0546
2024-07-10,0.25,0.0546
2024-07-10,0.5,0.0533
2024-07-10,1,0.0501
2024-07-10,2,0.0462
2024-07-10,3,0.0438
2024-07-10,5,0.0424
2024-07-10,7,0.0424
2024-07-10,10,0.0428
2024-07-10,20,0.0458
2024-07-10,30,0.0447
2024-07-11,0.0833,0.0548
2024-07-11,0.25,0.0544
2024-07-11,0.5,0.0525
2024-07-11,1,0.0491
2024-07-11,2,0.045
2024-07-11,3,0.0426
2024-07-11,5,0.0413
2024-07-11,7,0.0415
2024-07-11,10,0.042
2024-07-11,20,0.0451
2024-07-11,30,0.0441
2024-07-12,0.0833,0.0547
2024-07-12,0.25,0.0543
2024-07-12,0.5,0.0523
2024-07-12,1,0.0487
2024-07-12,2,0.0445
2024-07-12,3,0.0422
2024-07-12,5,0.041
2024-07-12,7,0.0413
2024-07-12,10,0.0418
2024-07-12,20,0.045
2024-07-12,30,0.0439
2024-07-15,0.0833,0.0548
2024-07-15,0.25,0.0543
2024-07-15,0.5,0.0523
2024-07-15,1,0.0485
2024-07-15,2,0.0444
2024-07-15,3,0.0423
2024-07-15,5,0.0413
2024-07-15,7,0.0416
2024-07-15,10,0.0423
2024-07-15,20,0.0456
2024-07-15,30,0.0446
2024-07-16,0.0833,0.0548
2024-07-16,0.25,0.0543
2024-07-16,0.5,0.0523
2024-07-16,1,0.0485
2024-07-16,2,0.0443
2024-07-16,3,0.0421
2024-07-16,5,0.0409
2024-07-16,7,0.0411
2024-07-16,10,0.0417
2024-07-16,20,0.0448
2024-07-16,30,0.0438
2024-07-17,0.0833,0.0547
2024-07-17,0.25,0.0543
2024-07-17,0.5,0.0523
2024-07-17,1,0.0485
2024-07-17,2,0.0442
2024-07-17,3,0.0419
2024-07-17,5,0.0407
2024-07-17,7,0.0409
2024-07-17,10,0.0416
2024-07-17,20,0.0446
2024-07-17,30,0.0437
2024-07-18,0.0833,0.0548
2024-07-18,0.25,0.0543
2024-07-18,0.5,0.0523
2024-07-18,1,0.0486
2024-07-18,2,0.0446
2024-07-18,3,0.0424
2024-07-18,5,0.0411
2024-07-18,7,0.0414
2024-07-18,10,0.042
2024-07-18,20,0.0451
2024-07-18,30,0.0441
2024-07-19,0.0833,0.0548
2024-07-19,0.25,0.0543
2024-07-19,0.5,0.0524
2024-07-19,1,0.0487
2024-07-19,2,0.0449
2024-07-19,3,0.0428
2024-07-19,5,0.0416
2024-07-19,7,0.0418
2024-07-19,10,0.0425
2024-07-19,20,0.0455
2024-07-19,30,0.0445
2024-07-22,0.0833,0.0549
2024-07-22,0.25,0.0543
2024-07-22,0.5,0.0524
2024-07-22,1,0.0488
2024-07-22,2,0.045
2024-07-22,3,0.0429
2024-07-22,5,0.0417
2024-07-22,7,0.042
2024-07-22,10,0.0426
2024-07-22,20,0.0457
2024-07-22,30,0.0448
2024-07-23,0.0833,0.0549
2024-07-23,0.25,0.0541
2024-07-23,0.5,0.0522
2024-07-23,1,0.0485
2024-07-23,2,0.044
2024-07-23,3,0.0426
2024-07-23,5,0.0415
2024-07-23,7,0.0418
2024-07-23,10,0.0425
2024-07-23,20,0.0456
2024-07-23,30,0.0448
2024-07-24,0.0833,0.055
2024-07-24,0.25,0.054
2024-07-24,0.5,0.0519
2024-07-24,1,0.0482
2024-07-24,2,0.0437
2024-07-24,3,0.0424
2024-07-24,5,0.0412
2024-07-24,7,0.042
2024-07-24,10,0.0428
2024-07-24,20,0.0462
2024-07-24,30,0.0454
2024-07-25,0.0833,0.0549
2024-07-25,0.25,0.0539
2024-07-25,0.5,0.0519
2024-07-25,1,0.0483
2024-07-25,2,0.0441
2024-07-25,3,0.0426
2024-07-25,5,0.0413
2024-07-25,7,0.0418
2024-07-25,10,0.0427
2024-07-25,20,0.0459
2024-07-25,30,0.045
2024-07-26,0.0833,0.0549
2024-07-26,0.25,0.0538
2024-07-26,0.5,0.0518
2024-07-26,1,0.0479
2024-07-26,2,0.0436
2024-07-26,3,0.042
2024-07-26,5,0.0406
2024-07-26,7,0.041
2024-07-26,10,0.042
2024-07-26,20,0.0453
2024-07-26,30,0.0445
2024-07-29,0.0833,0.055
2024-07-29,0.25,0.0541
2024-07-29,0.5,0.0518
2024-07-29,1,0.0479
2024-07-29,2,0.0436
2024-07-29,3,0.0419
2024-07-29,5,0.0405
2024-07-29,7,0.0408
2024-07-29,10,0.0417
2024-07-29,20,0.0451
2024-07-29,30,0.0442
2024-07-30,0.0833,0.055
2024-07-30,0.25,0.054
2024-07-30,0.5,0.0516
2024-07-30,1,0.0478
2024-07-30,2,0.0435
2024-07-30,3,0.0416
2024-07-30,5,0.0403
2024-07-30,7,0.0406
2024-07-30,10,0.0415
2024-07-30,20,0.045
2024-07-30,30,0.044
2024-07-31,0.0833,0.0549
2024-07-31,0.25,0.0541
2024-07-31,0.5,0.0514
2024-07-31,1,0.0473
2024-07-31,2,0.0429
2024-07-31,3,0.041
2024-07-31,5,0.0397
2024-07-31,7,0.04
2024-07-31,10,0.0409
2024-07-31,20,0.0444
2024-07-31,30,0.0435
2024-08-01,0.0833,0.0555
2024-08-01,0.25,0.0537
2024-08-01,0.5,0.0508
2024-08-01,1,0.0462
2024-08-01,2,0.0416
2024-08-01,3,0.0396
2024-08-01,5,0.0384
2024-08-01,7,0.0389
2024-08-01,10,0.0399
2024-08-01,20,0.0435
2024-08-01,30,0.0427
2024-08-02,0.0833,0.0554
2024-08-02,0.25,0.0529
2024-08-02,0.5,0.0488
2024-08-02,1,0.0433
2024-08-02,2,0.0388
2024-08-02,3,0.037
2024-08-02,5,0.0362
2024-08-02,7,0.0368
2024-08-02,10,0.038
2024-08-02,20,0.0419
2024-08-02,30,0.0411
2024-08-05,0.0833,0.0552
2024-08-05,0.25,0.0535
2024-08-05,0.5,0.0491
2024-08-05,1,0.0434
2024-08-05,2,0.0389
2024-08-05,3,0.0371
2024-08-05,5,0.0362
2024-08-05,7,0.0366
2024-08-05,10,0.0378
2024-08-05,20,0.0416
2024-08-05,30,0.0406
2024-08-06,0.0833,0.055
2024-08-06,0.25,0.0534
2024-08-06,0.5,0.05
2024-08-06,1,0.0446
2024-08-06,2,0.0399
2024-08-06,3,0.0376
2024-08-06,5,0.0373
2024-08-06,7,0.0379
2024-08-06,10,0.039
2024-08-06,20,0.0428
2024-08-06,30,0.0418
2024-08-07,0.0833,0.055
2024-08-07,0.25,0.0534
2024-08-07,0.5,0.0499
2024-08-07,1,0.0445
2024-08-07,2,0.04
2024-08-07,3,0.0381
2024-08-07,5,0.0379
2024-08-07,7,0.0385
2024-08-07,10,0.0396
2024-08-07,20,0.0435
2024-08-07,30,0.0426
2024-08-08,0.0833,0.0555
2024-08-08,0.25,0.0534
2024-08-08,0.5,0.0501
2024-08-08,1,0.0448
2024-08-08,2,0.0404
2024-08-08,3,0.0386
2024-08-08,5,0.0383
2024-08-08,7,0.0389
2024-08-08,10,0.0399
2024-08-08,20,0.0438
2024-08-08,30,0.0428
2024-08-09,0.0833,0.0554
2024-08-09,0.25,0.0533
2024-08-09,0.5,0.0502
2024-08-09,1,0.045
2024-08-09,2,0.0405
2024-08-09,3,0.0386
2024-08-09,5,0.038
2024-08-09,7,0.0385
2024-08-09,10,0.0394
2024-08-09,20,0.0433
2024-08-09,30,0.0423
2024-08-12,0.0833,0.0553
2024-08-12,0.25,0.0533
2024-08-12,0.5,0.0502
2024-08-12,1,0.0447
2024-08-12,2,0.0401
2024-08-12,3,0.0382
2024-08-12,5,0.0375
2024-08-12,7,0.038
2024-08-12,10,0.039
2024-08-12,20,0.043
2024-08-12,30,0.0419
2024-08-13,0.0833,0.0548
2024-08-13,0.25,0.0532
2024-08-13,0.5,0.0497
2024-08-13,1,0.044
2024-08-13,2,0.0393
2024-08-13,3,0.0375
2024-08-13,5,0.0368
2024-08-13,7,0.0374
2024-08-13,10,0.0385
2024-08-13,20,0.0425
2024-08-13,30,0.0416
2024-08-14,0.0833,0.0549
2024-08-14,0.25,0.0532
2024-08-14,0.5,0.05
2024-08-14,1,0.0442
2024-08-14,2,0.0394
2024-08-14,3,0.0376
2024-08-14,5,0.0367
2024-08-14,7,0.0372
2024-08-14,10,0.0383
2024-08-14,20,0.0422
2024-08-14,30,0.0412
2024-08-15,0.0833,0.0553
2024-08-15,0.25,0.0534
2024-08-15,0.5,0.0504
2024-08-15,1,0.0452
2024-08-15,2,0.0408
2024-08-15,3,0.039
2024-08-15,5,0.0379
2024-08-15,7,0.0383
2024-08-15,10,0.0392
2024-08-15,20,0.0428
2024-08-15,30,0.0418
2024-08-16,0.0833,0.0553
2024-08-16,0.25,0.0533
2024-08-16,0.5,0.0502
2024-08-16,1,0.0449
2024-08-16,2,0.0406
2024-08-16,3,0.0387
2024-08-16,5,0.0377
2024-08-16,7,0.0381
2024-08-16,10,0.0389
2024-08-16,20,0.0426
2024-08-16,30,0.0415
2024-08-19,0.0833,0.0551
2024-08-19,0.25,0.0531
2024-08-19,0.5,0.05
2024-08-19,1,0.0448
2024-08-19,2,0.0406
2024-08-19,3,0.0386
2024-08-19,5,0.0375
2024-08-19,7,0.0378
2024-08-19,10,0.0386
2024-08-19,20,0.0423
2024-08-19,30,0.0411
2024-08-20,0.0833,0.0548
2024-08-20,0.25,0.0529
2024-08-20,0.5,0.0497
2024-08-20,1,0.0443
2024-08-20,2,0.0399
2024-08-20,3,0.038
2024-08-20,5,0.037
2024-08-20,7,0.0373
2024-08-20,10,0.0382
2024-08-20,20,0.0419
2024-08-20,30,0.0407
2024-08-21,0.0833,0.0545
2024-08-21,0.25,0.0526
2024-08-21,0.5,0.0492
2024-08-21,1,0.0436
2024-08-21,2,0.0392
2024-08-21,3,0.0374
2024-08-21,5,0.0364
2024-08-21,7,0.0369
2024-08-21,10,0.0379
2024-08-21,20,0.0415
2024-08-21,30,0.0406
2024-08-22,0.0833,0.0551
2024-08-22,0.25,0.0528
2024-08-22,0.5,0.0496
2024-08-22,1,0.0443
2024-08-22,2,0.0399
2024-08-22,3,0.0382
2024-08-22,5,0.0372
2024-08-22,7,0.0377
2024-08-22,10,0.0386
2024-08-22,20,0.0421
2024-08-22,30,0.0413
2024-08-23,0.0833,0.0551
2024-08-23,0.25,0.0525
2024-08-23,0.5,0.0492
2024-08-23,1,0.0436
2024-08-23,2,0.039
2024-08-23,3,0.0373
2024-08-23,5,0.0365
2024-08-23,7,0.0371
2024-08-23,10,0.0381
2024-08-23,20,0.0418
2024-08-23,30,0.041
2024-08-26,0.0833,0.0549
2024-08-26,0.25,0.0524
2024-08-26,0.5,0.0491
2024-08-26,1,0.0438
2024-08-26,2,0.0391
2024-08-26,3,0.0374
2024-08-26,5,0.0366
2024-08-26,7,0.0372
2024-08-26,10,0.0382
2024-08-26,20,0.0419
2024-08-26,30,0.0411
2024-08-27,0.0833,0.0549
2024-08-27,0.25,0.0523
2024-08-27,0.5,0.0489
2024-08-27,1,0.0434
2024-08-27,2,0.0383
2024-08-27,3,0.0372
2024-08-27,5,0.0366
2024-08-27,7,0.0373
2024-08-27,10,0.0383
2024-08-27,20,0.0421
2024-08-27,30,0.0413
2024-08-28,0.0833,0.0547
2024-08-28,0.25,0.0521
2024-08-28,0.5,0.0487
2024-08-28,1,0.0436
2024-08-28,2,0.0383
2024-08-28,3,0.0372
2024-08-28,5,0.0363
2024-08-28,7,0.0374
2024-08-28,10,0.0384
2024-08-28,20,0.0422
2024-08-28,30,0.0413
2024-08-29,0.0833,0.054
2024-08-29,0.25,0.0522
2024-08-29,0.5,0.0489
2024-08-29,1,0.0438
2024-08-29,2,0.0387
2024-08-29,3,0.0376
2024-08-29,5,0.0366
2024-08-29,7,0.0376
2024-08-29,10,0.0387
2024-08-29,20,0.0424
2024-08-29,30,0.0415
2024-08-30,0.0833,0.0541
2024-08-30,0.25,0.0521
2024-08-30,0.5,0.0489
2024-08-30,1,0.0438
2024-08-30,2,0.0391
2024-08-30,3,0.0379
2024-08-30,5,0.0371
2024-08-30,7,0.038
2024-08-30,10,0.0391
2024-08-30,20,0.0428
2024-08-30,30,0.042
2024-09-03,0.0833,0.0538
2024-09-03,0.25,0.0519
2024-09-03,0.5,0.048
2024-09-03,1,0.0435
2024-09-03,2,0.0388
2024-09-03,3,0.0373
2024-09-03,5,0.0365
2024-09-03,7,0.0373
2024-09-03,10,0.0384
2024-09-03,20,0.0421
2024-09-03,30,0.0413
2024-09-04,0.0833,0.0533
2024-09-04,0.25,0.0518
2024-09-04,0.5,0.0474
2024-09-04,1,0.0423
2024-09-04,2,0.0376
2024-09-04,3,0.0363
2024-09-04,5,0.0356
2024-09-04,7,0.0365
2024-09-04,10,0.0377
2024-09-04,20,0.0414
2024-09-04,30,0.0406
2024-09-05,0.0833,0.053
2024-09-05,0.25,0.0515
2024-09-05,0.5,0.0473
2024-09-05,1,0.0421
2024-09-05,2,0.0375
2024-09-05,3,0.0361
2024-09-05,5,0.0354
2024-09-05,7,0.0363
2024-09-05,10,0.0373
2024-09-05,20,0.0411
2024-09-05,30,0.0402
2024-09-06,0.0833,0.0528
2024-09-06,0.25,0.0513
2024-09-06,0.5,0.0469
2024-09-06,1,0.041
2024-09-06,2,0.0366
2024-09-06,3,0.0354
2024-09-06,5,0.035
2024-09-06,7,0.036
2024-09-06,10,0.0372
2024-09-06,20,0.041
2024-09-06,30,0.0403
2024-09-09,0.0833,0.0525
2024-09-09,0.25,0.0511
2024-09-09,0.5,0.0468
2024-09-09,1,0.0412
2024-09-09,2,0.0368
2024-09-09,3,0.0354
2024-09-09,5,0.0349
2024-09-09,7,0.0358
2024-09-09,10,0.037
2024-09-09,20,0.0408
2024-09-09,30,0.04
2024-09-10,0.0833,0.0518
2024-09-10,0.25,0.0506
2024-09-10,0.5,0.0465
2024-09-10,1,0.0407
2024-09-10,2,0.0359
2024-09-10,3,0.0342
2024-09-10,5,0.0343
2024-09-10,7,0.0353
2024-09-10,10,0.0365
2024-09-10,20,0.0404
2024-09-10,30,0.0397
2024-09-11,0.0833,0.0521
2024-09-11,0.25,0.051
2024-09-11,0.5,0.0472
2024-09-11,1,0.0412
2024-09-11,2,0.0362
2024-09-11,3,0.0345
2024-09-11,5,0.0345
2024-09-11,7,0.0354
2024-09-11,10,0.0365
2024-09-11,20,0.0403
2024-09-11,30,0.0396
2024-09-12,0.0833,0.0518
2024-09-12,0.25,0.0506
2024-09-12,0.5,0.0468
2024-09-12,1,0.0409
2024-09-12,2,0.0364
2024-09-12,3,0.0347
2024-09-12,5,0.0347
2024-09-12,7,0.0357
2024-09-12,10,0.0368
2024-09-12,20,0.0407
2024-09-12,30,0.04
2024-09-13,0.0833,0.0515
2024-09-13,0.25,0.0497
2024-09-13,0.5,0.046
2024-09-13,1,0.04
2024-09-13,2,0.0357
2024-09-13,3,0.0342
2024-09-13,5,0.0343
2024-09-13,7,0.0353
2024-09-13,10,0.0366
2024-09-13,20,0.0405
2024-09-13,30,0.0398
2024-09-16,0.0833,0.0511
2024-09-16,0.25,0.0496
2024-09-16,0.5,0.0455
2024-09-16,1,0.0396
2024-09-16,2,0.0356
2024-09-16,3,0.0342
2024-09-16,5,0.0341
2024-09-16,7,0.0351
2024-09-16,10,0.0363
2024-09-16,20,0.0401
2024-09-16,30,0.0394
2024-09-17,0.0833,0.0505
2024-09-17,0.25,0.0495
2024-09-17,0.5,0.0455
2024-09-17,1,0.0399
2024-09-17,2,0.0359
2024-09-17,3,0.0345
2024-09-17,5,0.0344
2024-09-17,7,0.0353
2024-09-17,10,0.0365
2024-09-17,20,0.0402
2024-09-17,30,0.0396
2024-09-18,0.0833,0.0491
2024-09-18,0.25,0.0484
2024-09-18,0.5,0.045
2024-09-18,1,0.0395
2024-09-18,2,0.0361
2024-09-18,3,0.0349
2024-09-18,5,0.0347
2024-09-18,7,0.0358
2024-09-18,10,0.037
2024-09-18,20,0.0408
2024-09-18,30,0.0403
2024-09-19,0.0833,0.0489
2024-09-19,0.25,0.048
2024-09-19,0.5,0.0446
2024-09-19,1,0.0393
2024-09-19,2,0.0359
2024-09-19,3,0.0347
2024-09-19,5,0.0349
2024-09-19,7,0.036
2024-09-19,10,0.0373
2024-09-19,20,0.0411
2024-09-19,30,0.0406
2024-09-20,0.0833,0.0487
2024-09-20,0.25,0.0475
2024-09-20,0.5,0.0443
2024-09-20,1,0.0392
2024-09-20,2,0.0355
2024-09-20,3,0.0346
2024-09-20,5,0.0348
2024-09-20,7,0.0359
2024-09-20,10,0.0373
2024-09-20,20,0.041
2024-09-20,30,0.0407
2024-09-23,0.0833,0.0485
2024-09-23,0.25,0.0472
2024-09-23,0.5,0.044
2024-09-23,1,0.0391
2024-09-23,2,0.0357
2024-09-23,3,0.0347
2024-09-23,5,0.0351
2024-09-23,7,0.0362
2024-09-23,10,0.0375
2024-09-23,20,0.0412
2024-09-23,30,0.0409
2024-09-24,0.0833,0.0478
2024-09-24,0.25,0.0469
2024-09-24,0.5,0.0436
2024-09-24,1,0.0388
2024-09-24,2,0.0349
2024-09-24,3,0.0344
2024-09-24,5,0.0347
2024-09-24,7,0.036
2024-09-24,10,0.0374
2024-09-24,20,0.0413
2024-09-24,30,0.0409
2024-09-25,0.0833,0.0479
2024-09-25,0.25,0.0469
2024-09-25,0.5,0.0436
2024-09-25,1,0.0389
2024-09-25,2,0.0353
2024-09-25,3,0.0349
2024-09-25,5,0.0352
2024-09-25,7,0.0365
2024-09-25,10,0.0379
2024-09-25,20,0.0418
2024-09-25,30,0.0414
2024-09-26,0.0833,0.049
2024-09-26,0.25,0.0468
2024-09-26,0.5,0.0438
2024-09-26,1,0.0396
2024-09-26,2,0.036
2024-09-26,3,0.0354
2024-09-26,5,0.0355
2024-09-26,7,0.0365
2024-09-26,10,0.0379
2024-09-26,20,0.0417
2024-09-26,30,0.0412
2024-09-27,0.0833,0.049
2024-09-27,0.25,0.0468
2024-09-27,0.5,0.0435
2024-09-27,1,0.039
2024-09-27,2,0.0355
2024-09-27,3,0.0349
2024-09-27,5,0.035
2024-09-27,7,0.036
2024-09-27,10,0.0375
2024-09-27,20,0.0415
2024-09-27,30,0.041
2024-09-30,0.0833,0.0493
2024-09-30,0.25,0.0473
2024-09-30,0.5,0.0438
2024-09-30,1,0.0398
2024-09-30,2,0.0366
2024-09-30,3,0.0358
2024-09-30,5,0.0358
2024-09-30,7,0.0367
2024-09-30,10,0.0381
2024-09-30,20,0.0419
2024-09-30,30,0.0414
2024-10-01,0.0833,0.0496
2024-10-01,0.25,0.0471
2024-10-01,0.5,0.0436
2024-10-01,1,0.0396
2024-10-01,2,0.0361
2024-10-01,3,0.0352
2024-10-01,5,0.0351
2024-10-01,7,0.036
2024-10-01,10,0.0374
2024-10-01,20,0.0414
2024-10-01,30,0.0408
2024-10-02,0.0833,0.0492
2024-10-02,0.25,0.0469
2024-10-02,0.5,0.0436
2024-10-02,1,0.0397
2024-10-02,2,0.0363
2024-10-02,3,0.0354
2024-10-02,5,0.0355
2024-10-02,7,0.0365
2024-10-02,10,0.0379
2024-10-02,20,0.0419
2024-10-02,30,0.0414
2024-10-03,0.0833,0.0499
2024-10-03,0.25,0.0468
2024-10-03,0.5,0.0437
2024-10-03,1,0.0402
2024-10-03,2,0.037
2024-10-03,3,0.0362
2024-10-03,5,0.0362
2024-10-03,7,0.0371
2024-10-03,10,0.0385
2024-10-03,20,0.0424
2024-10-03,30,0.0418
2024-10-04,0.0833,0.0501
2024-10-04,0.25,0.0473
2024-10-04,0.5,0.0445
2024-10-04,1,0.042
2024-10-04,2,0.0393
2024-10-04,3,0.0384
2024-10-04,5,0.0381
2024-10-04,7,0.0388
2024-10-04,10,0.0398
2024-10-04,20,0.0433
2024-10-04,30,0.0426
2024-10-07,0.0833,0.05
2024-10-07,0.25,0.0477
2024-10-07,0.5,0.0445
2024-10-07,1,0.0424
2024-10-07,2,0.0399
2024-10-07,3,0.0389
2024-10-07,5,0.0386
2024-10-07,7,0.0392
2024-10-07,10,0.0403
2024-10-07,20,0.0437
2024-10-07,30,0.043
2024-10-08,0.0833,0.0496
2024-10-08,0.25,0.0475
2024-10-08,0.5,0.0444
2024-10-08,1,0.0421
2024-10-08,2,0.0398
2024-10-08,3,0.0386
2024-10-08,5,0.0386
2024-10-08,7,0.0394
2024-10-08,10,0.0404
2024-10-08,20,0.0438
2024-10-08,30,0.0432
2024-10-09,0.0833,0.0493
2024-10-09,0.25,0.0475
2024-10-09,0.5,0.0446
2024-10-09,1,0.0424
2024-10-09,2,0.0399
2024-10-09,3,0.0389
2024-10-09,5,0.0391
2024-10-09,7,0.0397
2024-10-09,10,0.0406
2024-10-09,20,0.0441
2024-10-09,30,0.0434
2024-10-10,0.0833,0.0498
2024-10-10,0.25,0.0475
2024-10-10,0.5,0.0445
2024-10-10,1,0.0422
2024-10-10,2,0.0398
2024-10-10,3,0.0388
2024-10-10,5,0.0391
2024-10-10,7,0.0399
2024-10-10,10,0.0409
2024-10-10,20,0.0444
2024-10-10,30,0.0438
2024-10-11,0.0833,0.0497
2024-10-11,0.25,0.0473
2024-10-11,0.5,0.0444
2024-10-11,1,0.0418
2024-10-11,2,0.0395
2024-10-11,3,0.0385
2024-10-11,5,0.0388
2024-10-11,7,0.0397
2024-10-11,10,0.0408
2024-10-11,20,0.0444
2024-10-11,30,0.0439
2024-10-15,0.0833,0.0493
2024-10-15,0.25,0.0473
2024-10-15,0.5,0.0442
2024-10-15,1,0.0418
2024-10-15,2,0.0395
2024-10-15,3,0.0386
2024-10-15,5,0.0386
2024-10-15,7,0.0393
2024-10-15,10,0.0403
2024-10-15,20,0.0437
2024-10-15,30,0.0432
2024-10-16,0.0833,0.0491
2024-10-16,0.25,0.0472
2024-10-16,0.5,0.0442
2024-10-16,1,0.0417
2024-10-16,2,0.0393
2024-10-16,3,0.0384
2024-10-16,5,0.0384
2024-10-16,7,0.0392
2024-10-16,10,0.0402
2024-10-16,20,0.0436
2024-10-16,30,0.043
2024-10-17,0.0833,0.0493
2024-10-17,0.25,0.0474
2024-10-17,0.5,0.0445
2024-10-17,1,0.0421
2024-10-17,2,0.0396
2024-10-17,3,0.0389
2024-10-17,5,0.039
2024-10-17,7,0.0399
2024-10-17,10,0.0409
2024-10-17,20,0.0444
2024-10-17,30,0.0439
2024-10-18,0.0833,0.0492
2024-10-18,0.25,0.0473
2024-10-18,0.5,0.0445
2024-10-18,1,0.0419
2024-10-18,2,0.0395
2024-10-18,3,0.0386
2024-10-18,5,0.0388
2024-10-18,7,0.0397
2024-10-18,10,0.0408
2024-10-18,20,0.0444
2024-10-18,30,0.0438
2024-10-21,0.0833,0.0492
2024-10-21,0.25,0.0473
2024-10-21,0.5,0.0447
2024-10-21,1,0.0424
2024-10-21,2,0.0402
2024-10-21,3,0.0395
2024-10-21,5,0.0398
2024-10-21,7,0.0407
2024-10-21,10,0.0419
2024-10-21,20,0.0454
2024-10-21,30,0.0449
2024-10-22,0.0833,0.0489
2024-10-22,0.25,0.0472
2024-10-22,0.5,0.0447
2024-10-22,1,0.0424
2024-10-22,2,0.0403
2024-10-22,3,0.0398
2024-10-22,5,0.04
2024-10-22,7,0.041
2024-10-22,10,0.042
2024-10-22,20,0.0455
2024-10-22,30,0.0449
2024-10-23,0.0833,0.0488
2024-10-23,0.25,0.0473
2024-10-23,0.5,0.0448
2024-10-23,1,0.0427
2024-10-23,2,0.0407
2024-10-23,3,0.0403
2024-10-23,5,0.0405
2024-10-23,7,0.0414
2024-10-23,10,0.0424
2024-10-23,20,0.0458
2024-10-23,30,0.0451
2024-10-24,0.0833,0.0487
2024-10-24,0.25,0.047
2024-10-24,0.5,0.0448
2024-10-24,1,0.0425
2024-10-24,2,0.0407
2024-10-24,3,0.0402
2024-10-24,5,0.0403
2024-10-24,7,0.0412
2024-10-24,10,0.0421
2024-10-24,20,0.0454
2024-10-24,30,0.0447
2024-10-25,0.0833,0.0489
2024-10-25,0.25,0.0473
2024-10-25,0.5,0.0451
2024-10-25,1,0.0429
2024-10-25,2,0.0411
2024-10-25,3,0.0405
2024-10-25,5,0.0407
2024-10-25,7,0.0415
2024-10-25,10,0.0425
2024-10-25,20,0.0458
2024-10-25,30,0.0451
2024-10-28,0.0833,0.0488
2024-10-28,0.25,0.047
2024-10-28,0.5,0.0446
2024-10-28,1,0.0428
2024-10-28,2,0.0412
2024-10-28,3,0.0409
2024-10-28,5,0.0411
2024-10-28,7,0.0419
2024-10-28,10,0.0428
2024-10-28,20,0.0461
2024-10-28,30,0.0453
2024-10-29,0.0833,0.0488
2024-10-29,0.25,0.047
2024-10-29,0.5,0.0445
2024-10-29,1,0.0429
2024-10-29,2,0.0411
2024-10-29,3,0.0408
2024-10-29,5,0.0411
2024-10-29,7,0.0418
2024-10-29,10,0.0428
2024-10-29,20,0.0461
2024-10-29,30,0.0452
2024-10-30,0.0833,0.0487
2024-10-30,0.25,0.0467
2024-10-30,0.5,0.0444
2024-10-30,1,0.0428
2024-10-30,2,0.0415
2024-10-30,3,0.0414
2024-10-30,5,0.0414
2024-10-30,7,0.042
2024-10-30,10,0.0429
2024-10-30,20,0.046
2024-10-30,30,0.0449
2024-10-31,0.0833,0.0476
2024-10-31,0.25,0.0464
2024-10-31,0.5,0.0443
2024-10-31,1,0.0427
2024-10-31,2,0.0416
2024-10-31,3,0.0412
2024-10-31,5,0.0415
2024-10-31,7,0.0421
2024-10-31,10,0.0428
2024-10-31,20,0.0458
2024-10-31,30,0.0447
2024-11-01,0.0833,0.0475
2024-11-01,0.25,0.0461
2024-11-01,0.5,0.0442
2024-11-01,1,0.0428
2024-11-01,2,0.0421
2024-11-01,3,0.0418
2024-11-01,5,0.0422
2024-11-01,7,0.043
2024-11-01,10,0.0437
2024-11-01,20,0.0468
2024-11-01,30,0.0457
2024-11-04,0.0833,0.0475
2024-11-04,0.25,0.0465
2024-11-04,0.5,0.0439
2024-11-04,1,0.0425
2024-11-04,2,0.0417
2024-11-04,3,0.041
2024-11-04,5,0.0417
2024-11-04,7,0.0424
2024-11-04,10,0.0431
2024-11-04,20,0.046
2024-11-04,30,0.045
2024-11-05,0.0833,0.0472
2024-11-05,0.25,0.0464
2024-11-05,0.5,0.0439
2024-11-05,1,0.0427
2024-11-05,2,0.0419
2024-11-05,3,0.0411
2024-11-05,5,0.0416
2024-11-05,7,0.0422
2024-11-05,10,0.0426
2024-11-05,20,0.0455
2024-11-05,30,0.0444
2024-11-06,0.0833,0.0468
2024-11-06,0.25,0.0464
2024-11-06,0.5,0.0441
2024-11-06,1,0.0431
2024-11-06,2,0.0427
2024-11-06,3,0.042
2024-11-06,5,0.0427
2024-11-06,7,0.0437
2024-11-06,10,0.0442
2024-11-06,20,0.0471
2024-11-06,30,0.046
2024-11-07,0.0833,0.0469
2024-11-07,0.25,0.0463
2024-11-07,0.5,0.044
2024-11-07,1,0.0428
2024-11-07,2,0.0421
2024-11-07,3,0.0413
2024-11-07,5,0.0417
2024-11-07,7,0.0425
2024-11-07,10,0.0431
2024-11-07,20,0.0462
2024-11-07,30,0.0452
2024-11-08,0.0833,0.047
2024-11-08,0.25,0.0463
2024-11-08,0.5,0.0442
2024-11-08,1,0.0432
2024-11-08,2,0.0426
2024-11-08,3,0.0418
2024-11-08,5,0.042
2024-11-08,7,0.0425
2024-11-08,10,0.043
2024-11-08,20,0.0458
2024-11-08,30,0.0447
2024-11-12,0.0833,0.047
2024-11-12,0.25,0.0463
2024-11-12,0.5,0.0445
2024-11-12,1,0.0438
2024-11-12,2,0.0434
2024-11-12,3,0.0429
2024-11-12,5,0.0432
2024-11-12,7,0.0438
2024-11-12,10,0.0443
2024-11-12,20,0.047
2024-11-12,30,0.0458
2024-11-13,0.0833,0.0469
2024-11-13,0.25,0.046
2024-11-13,0.5,0.044
2024-11-13,1,0.0431
2024-11-13,2,0.0427
2024-11-13,3,0.0425
2024-11-13,5,0.043
2024-11-13,7,0.0438
2024-11-13,10,0.0444
2024-11-13,20,0.0473
2024-11-13,30,0.0463
2024-11-14,0.0833,0.047
2024-11-14,0.25,0.0461
2024-11-14,0.5,0.0443
2024-11-14,1,0.0436
2024-11-14,2,0.0434
2024-11-14,3,0.043
2024-11-14,5,0.0432
2024-11-14,7,0.0438
2024-11-14,10,0.0443
2024-11-14,20,0.0469
2024-11-14,30,0.0458
2024-11-15,0.0833,0.047
2024-11-15,0.25,0.046
2024-11-15,0.5,0.0444
2024-11-15,1,0.0434
2024-11-15,2,0.0431
2024-11-15,3,0.0427
2024-11-15,5,0.043
2024-11-15,7,0.0436
2024-11-15,10,0.0443
2024-11-15,20,0.047
2024-11-15,30,0.046
2024-11-18,0.0833,0.047
2024-11-18,0.25,0.0463
2024-11-18,0.5,0.0444
2024-11-18,1,0.0433
2024-11-18,2,0.0429
2024-11-18,3,0.0425
2024-11-18,5,0.0428
2024-11-18,7,0.0435
2024-11-18,10,0.0442
2024-11-18,20,0.047
2024-11-18,30,0.0461
2024-11-19,0.0833,0.0467
2024-11-19,0.25,0.0462
2024-11-19,0.5,0.0444
2024-11-19,1,0.0434
2024-11-19,2,0.0427
2024-11-19,3,0.0424
2024-11-19,5,0.0425
2024-11-19,7,0.0432
2024-11-19,10,0.0439
2024-11-19,20,0.0466
2024-11-19,30,0.0457
2024-11-20,0.0833,0.0468
2024-11-20,0.25,0.0462
2024-11-20,0.5,0.0444
2024-11-20,1,0.0437
2024-11-20,2,0.0431
2024-11-20,3,0.0426
2024-11-20,5,0.0428
2024-11-20,7,0.0434
2024-11-20,10,0.0441
2024-11-20,20,0.0466
2024-11-20,30,0.0459
2024-11-21,0.0833,0.0472
2024-11-21,0.25,0.0463
2024-11-21,0.5,0.0445
2024-11-21,1,0.0439
2024-11-21,2,0.0434
2024-11-21,3,0.043
2024-11-21,5,0.043
2024-11-21,7,0.0436
2024-11-21,10,0.0443
2024-11-21,20,0.0468
2024-11-21,30,0.0461
2024-11-22,0.0833,0.0472
2024-11-22,0.25,0.0463
2024-11-22,0.5,0.0446
2024-11-22,1,0.0442
2024-11-22,2,0.0437
2024-11-22,3,0.0432
2024-11-22,5,0.043
2024-11-22,7,0.0435
2024-11-22,10,0.0441
2024-11-22,20,0.0467
2024-11-22,30,0.046
2024-11-25,0.0833,0.0474
2024-11-25,0.25,0.0462
2024-11-25,0.5,0.0446
2024-11-25,1,0.0437
2024-11-25,2,0.0421
2024-11-25,3,0.0421
2024-11-25,5,0.0417
2024-11-25,7,0.0421
2024-11-25,10,0.0427
2024-11-25,20,0.0453
2024-11-25,30,0.0445
2024-11-26,0.0833,0.0474
2024-11-26,0.25,0.0461
2024-11-26,0.5,0.0445
2024-11-26,1,0.0437
2024-11-26,2,0.0421
2024-11-26,3,0.0421
2024-11-26,5,0.0417
2024-11-26,7,0.0424
2024-11-26,10,0.043
2024-11-26,20,0.0456
2024-11-26,30,0.0448
2024-11-27,0.0833,0.0476
2024-11-27,0.25,0.046
2024-11-27,0.5,0.0443
2024-11-27,1,0.0434
2024-11-27,2,0.0419
2024-11-27,3,0.0417
2024-11-27,5,0.0411
2024-11-27,7,0.0417
2024-11-27,10,0.0425
2024-11-27,20,0.0452
2024-11-27,30,0.0444
2024-11-29,0.0833,0.0476
2024-11-29,0.25,0.0458
2024-11-29,0.5,0.0442
2024-11-29,1,0.043
2024-11-29,2,0.0413
2024-11-29,3,0.041
2024-11-29,5,0.0405
2024-11-29,7,0.041
2024-11-29,10,0.0418
2024-11-29,20,0.0445
2024-11-29,30,0.0436
2024-12-02,0.0833,0.0475
2024-12-02,0.25,0.0451
2024-12-02,0.5,0.0443
2024-12-02,1,0.043
2024-12-02,2,0.0417
2024-12-02,3,0.0411
2024-12-02,5,0.0408
2024-12-02,7,0.0413
2024-12-02,10,0.0419
2024-12-02,20,0.0446
2024-12-02,30,0.0436
2024-12-03,0.0833,0.0466
2024-12-03,0.25,0.0449
2024-12-03,0.5,0.044
2024-12-03,1,0.0427
2024-12-03,2,0.0417
2024-12-03,3,0.0413
2024-12-03,5,0.0411
2024-12-03,7,0.0417
2024-12-03,10,0.0423
2024-12-03,20,0.045
2024-12-03,30,0.044
2024-12-04,0.0833,0.0465
2024-12-04,0.25,0.0447
2024-12-04,0.5,0.0438
2024-12-04,1,0.0423
2024-12-04,2,0.0413
2024-12-04,3,0.0409
2024-12-04,5,0.0407
2024-12-04,7,0.0413
2024-12-04,10,0.0419
2024-12-04,20,0.0445
2024-12-04,30,0.0435
2024-12-05,0.0833,0.0459
2024-12-05,0.25,0.0446
2024-12-05,0.5,0.0438
2024-12-05,1,0.0423
2024-12-05,2,0.0415
2024-12-05,3,0.041
2024-12-05,5,0.0407
2024-12-05,7,0.0412
2024-12-05,10,0.0417
2024-12-05,20,0.0443
2024-12-05,30,0.0433
2024-12-06,0.0833,0.0457
2024-12-06,0.25,0.0442
2024-12-06,0.5,0.0434
2024-12-06,1,0.0419
2024-12-06,2,0.041
2024-12-06,3,0.0405
2024-12-06,5,0.0403
2024-12-06,7,0.0409
2024-12-06,10,0.0415
2024-12-06,20,0.0442
2024-12-06,30,0.0434
2024-12-09,0.0833,0.0456
2024-12-09,0.25,0.0442
2024-12-09,0.5,0.0434
2024-12-09,1,0.042
2024-12-09,2,0.0413
2024-12-09,3,0.0409
2024-12-09,5,0.0407
2024-12-09,7,0.0413
2024-12-09,10,0.042
2024-12-09,20,0.0447
2024-12-09,30,0.0439
2024-12-10,0.0833,0.0453
2024-12-10,0.25,0.0441
2024-12-10,0.5,0.0435
2024-12-10,1,0.0422
2024-12-10,2,0.0415
2024-12-10,3,0.0408
2024-12-10,5,0.0409
2024-12-10,7,0.0415
2024-12-10,10,0.0422
2024-12-10,20,0.0449
2024-12-10,30,0.0441
2024-12-11,0.0833,0.0449
2024-12-11,0.25,0.0438
2024-12-11,0.5,0.0432
2024-12-11,1,0.0421
2024-12-11,2,0.0415
2024-12-11,3,0.0409
2024-12-11,5,0.0413
2024-12-11,7,0.042
2024-12-11,10,0.0426
2024-12-11,20,0.0455
2024-12-11,30,0.0448
2024-12-12,0.0833,0.0443
2024-12-12,0.25,0.0435
2024-12-12,0.5,0.0431
2024-12-12,1,0.0422
2024-12-12,2,0.0418
2024-12-12,3,0.0414
2024-12-12,5,0.0418
2024-12-12,7,0.0425
2024-12-12,10,0.0432
2024-12-12,20,0.0462
2024-12-12,30,0.0455
2024-12-13,0.0833,0.0443
2024-12-13,0.25,0.0434
2024-12-13,0.5,0.0432
2024-12-13,1,0.0424
2024-12-13,2,0.0425
2024-12-13,3,0.0421
2024-12-13,5,0.0425
2024-12-13,7,0.0433
2024-12-13,10,0.044
2024-12-13,20,0.0469
2024-12-13,30,0.0461
2024-12-16,0.0833,0.0443
2024-12-16,0.25,0.0437
2024-12-16,0.5,0.043
2024-12-16,1,0.0424
2024-12-16,2,0.0425
2024-12-16,3,0.0422
2024-12-16,5,0.0425
2024-12-16,7,0.0432
2024-12-16,10,0.0439
2024-12-16,20,0.0468
2024-12-16,30,0.046
2024-12-17,0.0833,0.0446
2024-12-17,0.25,0.0438
2024-12-17,0.5,0.043
2024-12-17,1,0.0425
2024-12-17,2,0.0425
2024-12-17,3,0.0422
2024-12-17,5,0.0426
2024-12-17,7,0.0433
2024-12-17,10,0.044
2024-12-17,20,0.0468
2024-12-17,30,0.0459
2024-12-18,0.0833,0.0444
2024-12-18,0.25,0.0436
2024-12-18,0.5,0.043
2024-12-18,1,0.043
2024-12-18,2,0.0435
2024-12-18,3,0.0435
2024-12-18,5,0.044
2024-12-18,7,0.0445
2024-12-18,10,0.045
2024-12-18,20,0.0474
2024-12-18,30,0.0465
2024-12-19,0.0833,0.0442
2024-12-19,0.25,0.0435
2024-12-19,0.5,0.0429
2024-12-19,1,0.0428
2024-12-19,2,0.0432
2024-12-19,3,0.0435
2024-12-19,5,0.0443
2024-12-19,7,0.0451
2024-12-19,10,0.0457
2024-12-19,20,0.0482
2024-12-19,30,0.0474
2024-12-20,0.0833,0.0443
2024-12-20,0.25,0.0434
2024-12-20,0.5,0.0429
2024-12-20,1,0.0427
2024-12-20,2,0.043
2024-12-20,3,0.0432
2024-12-20,5,0.0437
2024-12-20,7,0.0445
2024-12-20,10,0.0452
2024-12-20,20,0.0479
2024-12-20,30,0.0472
2024-12-23,0.0833,0.0444
2024-12-23,0.25,0.0436
2024-12-23,0.5,0.043
2024-12-23,1,0.0426
2024-12-23,2,0.043
2024-12-23,3,0.0436
2024-12-23,5,0.0444
2024-12-23,7,0.0452
2024-12-23,10,0.0459
2024-12-23,20,0.0485
2024-12-23,30,0.0478
2024-12-24,0.0833,0.0444
2024-12-24,0.25,0.044
2024-12-24,0.5,0.043
2024-12-24,1,0.0424
2024-12-24,2,0.0429
2024-12-24,3,0.0436
2024-12-24,5,0.0443
2024-12-24,7,0.0452
2024-12-24,10,0.0459
2024-12-24,20,0.0484
2024-12-24,30,0.0476
2024-12-26,0.0833,0.0445
2024-12-26,0.25,0.0435
2024-12-26,0.5,0.0431
2024-12-26,1,0.0423
2024-12-26,2,0.043
2024-12-26,3,0.0435
2024-12-26,5,0.0442
2024-12-26,7,0.0449
2024-12-26,10,0.0458
2024-12-26,20,0.0483
2024-12-26,30,0.0476
2024-12-27,0.0833,0.0444
2024-12-27,0.25,0.0431
2024-12-27,0.5,0.0429
2024-12-27,1,0.042
2024-12-27,2,0.0431
2024-12-27,3,0.0436
2024-12-27,5,0.0445
2024-12-27,7,0.0453
2024-12-27,10,0.0462
2024-12-27,20,0.0489
2024-12-27,30,0.0482
2024-12-30,0.0833,0.0443
2024-12-30,0.25,0.0437
2024-12-30,0.5,0.0425
2024-12-30,1,0.0417
2024-12-30,2,0.0424
2024-12-30,3,0.0429
2024-12-30,5,0.0437
2024-12-30,7,0.0446
2024-12-30,10,0.0455
2024-12-30,20,0.0484
2024-12-30,30,0.0477
2024-12-31,0.0833,0.044
2024-12-31,0.25,0.0437
2024-12-31,0.5,0.0424
2024-12-31,1,0.0416
2024-12-31,2,0.0425
2024-12-31,3,0.0427
2024-12-31,5,0.0438
2024-12-31,7,0.0448
2024-12-31,10,0.0458
2024-12-31,20,0.0486
2024-12-31,30,0.0478
2025-01-02,0.0833,0.0445
2025-01-02,0.25,0.0436
2025-01-02,0.5,0.0425
2025-01-02,1,0.0417
2025-01-02,2,0.0425
2025-01-02,3,0.0429
2025-01-02,5,0.0438
2025-01-02,7,0.0447
2025-01-02,10,0.0457
2025-01-02,20,0.0486
2025-01-02,30,0.0479
2025-01-03,0.0833,0.0444
2025-01-03,0.25,0.0434
2025-01-03,0.5,0.0425
2025-01-03,1,0.0418
2025-01-03,2,0.0428
2025-01-03,3,0.0432
2025-01-03,5,0.0441
2025-01-03,7,0.0451
2025-01-03,10,0.046
2025-01-03,20,0.0488
2025-01-03,30,0.0482
2025-01-06,0.0833,0.0443
2025-01-06,0.25,0.0435
2025-01-06,0.5,0.0424
2025-01-06,1,0.0417
2025-01-06,2,0.0428
2025-01-06,3,0.043
2025-01-06,5,0.0442
2025-01-06,7,0.0452
2025-01-06,10,0.0462
2025-01-06,20,0.0491
2025-01-06,30,0.0485
2025-01-07,0.0833,0.0442
2025-01-07,0.25,0.0435
2025-01-07,0.5,0.0424
2025-01-07,1,0.0419
2025-01-07,2,0.043
2025-01-07,3,0.0433
2025-01-07,5,0.0446
2025-01-07,7,0.0457
2025-01-07,10,0.0467
2025-01-07,20,0.0497
2025-01-07,30,0.0491
2025-01-08,0.0833,0.0441
2025-01-08,0.25,0.0435
2025-01-08,0.5,0.0425
2025-01-08,1,0.0419
2025-01-08,2,0.0428
2025-01-08,3,0.0431
2025-01-08,5,0.0445
2025-01-08,7,0.0456
2025-01-08,10,0.0467
2025-01-08,20,0.0497
2025-01-08,30,0.0491
2025-01-09,0.0833,0.0444
2025-01-09,0.25,0.0435
2025-01-09,0.5,0.0424
2025-01-09,1,0.0416
2025-01-09,2,0.0427
2025-01-09,3,0.0431
2025-01-09,5,0.0446
2025-01-09,7,0.0457
2025-01-09,10,0.0468
2025-01-09,20,0.0498
2025-01-09,30,0.0492
2025-01-10,0.0833,0.0442
2025-01-10,0.25,0.0436
2025-01-10,0.5,0.0427
2025-01-10,1,0.0425
2025-01-10,2,0.044
2025-01-10,3,0.0446
2025-01-10,5,0.0459
2025-01-10,7,0.047
2025-01-10,10,0.0477
2025-01-10,20,0.0504
2025-01-10,30,0.0496
2025-01-13,0.0833,0.0442
2025-01-13,0.25,0.0437
2025-01-13,0.5,0.043
2025-01-13,1,0.0424
2025-01-13,2,0.044
2025-01-13,3,0.0449
2025-01-13,5,0.0461
2025-01-13,7,0.0471
2025-01-13,10,0.0479
2025-01-13,20,0.0505
2025-01-13,30,0.0497
2025-01-14,0.0833,0.0442
2025-01-14,0.25,0.0436
2025-01-14,0.5,0.0429
2025-01-14,1,0.0422
2025-01-14,2,0.0437
2025-01-14,3,0.0446
2025-01-14,5,0.0459
2025-01-14,7,0.047
2025-01-14,10,0.0478
2025-01-14,20,0.0506
2025-01-14,30,0.0498
2025-01-15,0.0833,0.044
2025-01-15,0.25,0.0435
2025-01-15,0.5,0.0426
2025-01-15,1,0.0419
2025-01-15,2,0.0427
2025-01-15,3,0.0434
2025-01-15,5,0.0445
2025-01-15,7,0.0455
2025-01-15,10,0.0466
2025-01-15,20,0.0495
2025-01-15,30,0.0488
2025-01-16,0.0833,0.0443
2025-01-16,0.25,0.0434
2025-01-16,0.5,0.0426
2025-01-16,1,0.0418
2025-01-16,2,0.0423
2025-01-16,3,0.0429
2025-01-16,5,0.0439
2025-01-16,7,0.045
2025-01-16,10,0.0461
2025-01-16,20,0.0491
2025-01-16,30,0.0484
2025-01-17,0.0833,0.0443
2025-01-17,0.25,0.0434
2025-01-17,0.5,0.0428
2025-01-17,1,0.0421
2025-01-17,2,0.0427
2025-01-17,3,0.0433
2025-01-17,5,0.0442
2025-01-17,7,0.0452
2025-01-17,10,0.0461
2025-01-17,20,0.0491
2025-01-17,30,0.0484
2025-01-21,0.0833,0.0442
2025-01-21,0.25,0.0436
2025-01-21,0.5,0.0428
2025-01-21,1,0.0421
2025-01-21,2,0.0429
2025-01-21,3,0.0433
2025-01-21,5,0.044
2025-01-21,7,0.0449
2025-01-21,10,0.0457
2025-01-21,20,0.0487
2025-01-21,30,0.048
2025-01-22,0.0833,0.0442
2025-01-22,0.25,0.0436
2025-01-22,0.5,0.0428
2025-01-22,1,0.042
2025-01-22,2,0.0429
2025-01-22,3,0.0434
2025-01-22,5,0.0443
2025-01-22,7,0.0451
2025-01-22,10,0.046
2025-01-22,20,0.0489
2025-01-22,30,0.0482
2025-01-23,0.0833,0.0445
2025-01-23,0.25,0.0436
2025-01-23,0.5,0.0427
2025-01-23,1,0.0418
2025-01-23,2,0.0429
2025-01-23,3,0.0435
2025-01-23,5,0.0445
2025-01-23,7,0.0455
2025-01-23,10,0.0465
2025-01-23,20,0.0492
2025-01-23,30,0.0487
2025-01-24,0.0833,0.0445
2025-01-24,0.25,0.0435
2025-01-24,0.5,0.0425
2025-01-24,1,0.0417
2025-01-24,2,0.0427
2025-01-24,3,0.0433
2025-01-24,5,0.0443
2025-01-24,7,0.0453
2025-01-24,10,0.0463
2025-01-24,20,0.0491
2025-01-24,30,0.0485
2025-01-27,0.0833,0.0444
2025-01-27,0.25,0.0432
2025-01-27,0.5,0.0425
2025-01-27,1,0.0413
2025-01-27,2,0.0417
2025-01-27,3,0.0424
2025-01-27,5,0.0432
2025-01-27,7,0.0443
2025-01-27,10,0.0453
2025-01-27,20,0.0482
2025-01-27,30,0.0476
2025-01-28,0.0833,0.0444
2025-01-28,0.25,0.0431
2025-01-28,0.5,0.0426
2025-01-28,1,0.0414
2025-01-28,2,0.0419
2025-01-28,3,0.0425
2025-01-28,5,0.0433
2025-01-28,7,0.0443
2025-01-28,10,0.0455
2025-01-28,20,0.0484
2025-01-28,30,0.0478
2025-01-29,0.0833,0.0443
2025-01-29,0.25,0.0431
2025-01-29,0.5,0.0427
2025-01-29,1,0.0417
2025-01-29,2,0.0421
2025-01-29,3,0.0427
2025-01-29,5,0.0435
2025-01-29,7,0.0444
2025-01-29,10,0.0455
2025-01-29,20,0.0485
2025-01-29,30,0.0479
2025-01-30,0.0833,0.0437
2025-01-30,0.25,0.043
2025-01-30,0.5,0.0427
2025-01-30,1,0.0416
2025-01-30,2,0.0418
2025-01-30,3,0.0424
2025-01-30,5,0.0431
2025-01-30,7,0.0441
2025-01-30,10,0.0452
2025-01-30,20,0.0481
2025-01-30,30,0.0476
2025-01-31,0.0833,0.0437
2025-01-31,0.25,0.0431
2025-01-31,0.5,0.0428
2025-01-31,1,0.0417
2025-01-31,2,0.0422
2025-01-31,3,0.0427
2025-01-31,5,0.0436
2025-01-31,7,0.0447
2025-01-31,10,0.0458
2025-01-31,20,0.0488
2025-01-31,30,0.0483
2025-02-03,0.0833,0.0437
2025-02-03,0.25,0.0434
2025-02-03,0.5,0.0428
2025-02-03,1,0.042
2025-02-03,2,0.0426
2025-02-03,3,0.0428
2025-02-03,5,0.0435
2025-02-03,7,0.0445
2025-02-03,10,0.0454
2025-02-03,20,0.0482
2025-02-03,30,0.0477
2025-02-04,0.0833,0.0436
2025-02-04,0.25,0.0433
2025-02-04,0.5,0.0427
2025-02-04,1,0.0418
2025-02-04,2,0.0421
2025-02-04,3,0.0425
2025-02-04,5,0.0431
2025-02-04,7,0.0442
2025-02-04,10,0.0452
2025-02-04,20,0.0481
2025-02-04,30,0.0475
2025-02-05,0.0833,0.0435
2025-02-05,0.25,0.0433
2025-02-05,0.5,0.0427
2025-02-05,1,0.0417
2025-02-05,2,0.0417
2025-02-05,3,0.0419
2025-02-05,5,0.0424
2025-02-05,7,0.0433
2025-02-05,10,0.0443
2025-02-05,20,0.0469
2025-02-05,30,0.0464
2025-02-06,0.0833,0.0437
2025-02-06,0.25,0.0434
2025-02-06,0.5,0.0428
2025-02-06,1,0.0419
2025-02-06,2,0.0421
2025-02-06,3,0.0423
2025-02-06,5,0.0428
2025-02-06,7,0.0436
2025-02-06,10,0.0445
2025-02-06,20,0.047
2025-02-06,30,0.0465
2025-02-07,0.0833,0.0437
2025-02-07,0.25,0.0435
2025-02-07,0.5,0.043
2025-02-07,1,0.0425
2025-02-07,2,0.0429
2025-02-07,3,0.0431
2025-02-07,5,0.0434
2025-02-07,7,0.0442
2025-02-07,10,0.0449
2025-02-07,20,0.0475
2025-02-07,30,0.0469
2025-02-10,0.0833,0.0438
2025-02-10,0.25,0.0435
2025-02-10,0.5,0.0431
2025-02-10,1,0.0424
2025-02-10,2,0.0428
2025-02-10,3,0.043
2025-02-10,5,0.0434
2025-02-10,7,0.0442
2025-02-10,10,0.0451
2025-02-10,20,0.0476
2025-02-10,30,0.0471
2025-02-11,0.0833,0.0438
2025-02-11,0.25,0.0435
2025-02-11,0.5,0.0431
2025-02-11,1,0.0425
2025-02-11,2,0.0429
2025-02-11,3,0.0428
2025-02-11,5,0.0437
2025-02-11,7,0.0445
2025-02-11,10,0.0454
2025-02-11,20,0.048
2025-02-11,30,0.0475
2025-02-12,0.0833,0.0438
2025-02-12,0.25,0.0435
2025-02-12,0.5,0.0433
2025-02-12,1,0.043
2025-02-12,2,0.0436
2025-02-12,3,0.0437
2025-02-12,5,0.0448
2025-02-12,7,0.0456
2025-02-12,10,0.0462
2025-02-12,20,0.049
2025-02-12,30,0.0483
2025-02-13,0.0833,0.0437
2025-02-13,0.25,0.0434
2025-02-13,0.5,0.0433
2025-02-13,1,0.0427
2025-02-13,2,0.0431
2025-02-13,3,0.0431
2025-02-13,5,0.0439
2025-02-13,7,0.0446
2025-02-13,10,0.0452
2025-02-13,20,0.0479
2025-02-13,30,0.0472
2025-02-14,0.0833,0.0437
2025-02-14,0.25,0.0434
2025-02-14,0.5,0.0432
2025-02-14,1,0.0423
2025-02-14,2,0.0426
2025-02-14,3,0.0426
2025-02-14,5,0.0433
2025-02-14,7,0.0441
2025-02-14,10,0.0447
2025-02-14,20,0.0475
2025-02-14,30,0.0469
2025-02-18,0.0833,0.0438
2025-02-18,0.25,0.0434
2025-02-18,0.5,0.0434
2025-02-18,1,0.0424
2025-02-18,2,0.0429
2025-02-18,3,0.0433
2025-02-18,5,0.044
2025-02-18,7,0.0448
2025-02-18,10,0.0455
2025-02-18,20,0.0483
2025-02-18,30,0.0477
2025-02-19,0.0833,0.0438
2025-02-19,0.25,0.0434
2025-02-19,0.5,0.0434
2025-02-19,1,0.0422
2025-02-19,2,0.0428
2025-02-19,3,0.043
2025-02-19,5,0.0437
2025-02-19,7,0.0446
2025-02-19,10,0.0453
2025-02-19,20,0.0479
2025-02-19,30,0.0476
2025-02-20,0.0833,0.0437
2025-02-20,0.25,0.0433
2025-02-20,0.5,0.0433
2025-02-20,1,0.042
2025-02-20,2,0.0428
2025-02-20,3,0.0427
2025-02-20,5,0.0434
2025-02-20,7,0.0443
2025-02-20,10,0.045
2025-02-20,20,0.0477
2025-02-20,30,0.0474
2025-02-21,0.0833,0.0436
2025-02-21,0.25,0.0432
2025-02-21,0.5,0.043
2025-02-21,1,0.0415
2025-02-21,2,0.0419
2025-02-21,3,0.0419
2025-02-21,5,0.0426
2025-02-21,7,0.0435
2025-02-21,10,0.0442
2025-02-21,20,0.0469
2025-02-21,30,0.0467
2025-02-24,0.0833,0.0436
2025-02-24,0.25,0.0431
2025-02-24,0.5,0.043
2025-02-24,1,0.0415
2025-02-24,2,0.0413
2025-02-24,3,0.0417
2025-02-24,5,0.0423
2025-02-24,7,0.0432
2025-02-24,10,0.044
2025-02-24,20,0.0469
2025-02-24,30,0.0466
2025-02-25,0.0833,0.0434
2025-02-25,0.25,0.043
2025-02-25,0.5,0.0428
2025-02-25,1,0.0412
2025-02-25,2,0.0407
2025-02-25,3,0.0408
2025-02-25,5,0.0412
2025-02-25,7,0.0421
2025-02-25,10,0.043
2025-02-25,20,0.0459
2025-02-25,30,0.0455
2025-02-26,0.0833,0.0435
2025-02-26,0.25,0.0431
2025-02-26,0.5,0.0428
2025-02-26,1,0.0412
2025-02-26,2,0.0405
2025-02-26,3,0.0404
2025-02-26,5,0.0406
2025-02-26,7,0.0416
2025-02-26,10,0.0425
2025-02-26,20,0.0455
2025-02-26,30,0.0451
2025-02-27,0.0833,0.0438
2025-02-27,0.25,0.0432
2025-02-27,0.5,0.0428
2025-02-27,1,0.0413
2025-02-27,2,0.0407
2025-02-27,3,0.0405
2025-02-27,5,0.0409
2025-02-27,7,0.0419
2025-02-27,10,0.0429
2025-02-27,20,0.0459
2025-02-27,30,0.0456
2025-02-28,0.0833,0.0438
2025-02-28,0.25,0.0432
2025-02-28,0.5,0.0425
2025-02-28,1,0.0408
2025-02-28,2,0.0399
2025-02-28,3,0.0399
2025-02-28,5,0.0403
2025-02-28,7,0.0414
2025-02-28,10,0.0424
2025-02-28,20,0.0455
2025-02-28,30,0.0451
2025-03-03,0.0833,0.0438
2025-03-03,0.25,0.0435
2025-03-03,0.5,0.0431
2025-03-03,1,0.0406
2025-03-03,2,0.0396
2025-03-03,3,0.0393
2025-03-03,5,0.0397
2025-03-03,7,0.0406
2025-03-03,10,0.0416
2025-03-03,20,0.0449
2025-03-03,30,0.0445
2025-03-04,0.0833,0.0439
2025-03-04,0.25,0.0434
2025-03-04,0.5,0.0428
2025-03-04,1,0.0404
2025-03-04,2,0.0396
2025-03-04,3,0.0394
2025-03-04,5,0.0401
2025-03-04,7,0.0411
2025-03-04,10,0.0422
2025-03-04,20,0.0456
2025-03-04,30,0.0453
2025-03-05,0.0833,0.0438
2025-03-05,0.25,0.0435
2025-03-05,0.5,0.043
2025-03-05,1,0.0406
2025-03-05,2,0.0399
2025-03-05,3,0.0401
2025-03-05,5,0.0408
2025-03-05,7,0.0418
2025-03-05,10,0.0428
2025-03-05,20,0.0461
2025-03-05,30,0.0457
2025-03-06,0.0833,0.0438
2025-03-06,0.25,0.0434
2025-03-06,0.5,0.0427
2025-03-06,1,0.0402
2025-03-06,2,0.0396
2025-03-06,3,0.0398
2025-03-06,5,0.0406
2025-03-06,7,0.0418
2025-03-06,10,0.0429
2025-03-06,20,0.0463
2025-03-06,30,0.0458
2025-03-07,0.0833,0.0438
2025-03-07,0.25,0.0434
2025-03-07,0.5,0.0429
2025-03-07,1,0.0405
2025-03-07,2,0.0399
2025-03-07,3,0.0401
2025-03-07,5,0.0409
2025-03-07,7,0.0421
2025-03-07,10,0.0432
2025-03-07,20,0.0466
2025-03-07,30,0.0462
2025-03-10,0.0833,0.0437
2025-03-10,0.25,0.0433
2025-03-10,0.5,0.0425
2025-03-10,1,0.0398
2025-03-10,2,0.0389
2025-03-10,3,0.0391
2025-03-10,5,0.0398
2025-03-10,7,0.041
2025-03-10,10,0.0422
2025-03-10,20,0.0458
2025-03-10,30,0.0454
2025-03-11,0.0833,0.0437
2025-03-11,0.25,0.0434
2025-03-11,0.5,0.0426
2025-03-11,1,0.0403
2025-03-11,2,0.0394
2025-03-11,3,0.0392
2025-03-11,5,0.0403
2025-03-11,7,0.0416
2025-03-11,10,0.0428
2025-03-11,20,0.0463
2025-03-11,30,0.0459
2025-03-12,0.0833,0.0436
2025-03-12,0.25,0.0435
2025-03-12,0.5,0.0427
2025-03-12,1,0.0407
2025-03-12,2,0.0401
2025-03-12,3,0.0398
2025-03-12,5,0.0409
2025-03-12,7,0.042
2025-03-12,10,0.0432
2025-03-12,20,0.0467
2025-03-12,30,0.0463
2025-03-13,0.0833,0.0437
2025-03-13,0.25,0.0434
2025-03-13,0.5,0.0427
2025-03-13,1,0.0403
2025-03-13,2,0.0394
2025-03-13,3,0.0393
2025-03-13,5,0.0402
2025-03-13,7,0.0415
2025-03-13,10,0.0427
2025-03-13,20,0.0463
2025-03-13,30,0.0459
2025-03-14,0.0833,0.0437
2025-03-14,0.25,0.0433
2025-03-14,0.5,0.0429
2025-03-14,1,0.0409
2025-03-14,2,0.0402
2025-03-14,3,0.04
2025-03-14,5,0.0409
2025-03-14,7,0.042
2025-03-14,10,0.0431
2025-03-14,20,0.0465
2025-03-14,30,0.0462
2025-03-17,0.0833,0.0437
2025-03-17,0.25,0.0434
2025-03-17,0.5,0.0429
2025-03-17,1,0.0411
2025-03-17,2,0.0406
2025-03-17,3,0.0403
2025-03-17,5,0.0411
2025-03-17,7,0.0421
2025-03-17,10,0.0431
2025-03-17,20,0.0464
2025-03-17,30,0.046
2025-03-18,0.0833,0.0437
2025-03-18,0.25,0.0434
2025-03-18,0.5,0.0429
2025-03-18,1,0.0413
2025-03-18,2,0.0404
2025-03-18,3,0.0401
2025-03-18,5,0.0407
2025-03-18,7,0.0418
2025-03-18,10,0.0429
2025-03-18,20,0.0461
2025-03-18,30,0.0458
2025-03-19,0.0833,0.0437
2025-03-19,0.25,0.0433
2025-03-19,0.5,0.0429
2025-03-19,1,0.041
2025-03-19,2,0.0399
2025-03-19,3,0.0395
2025-03-19,5,0.0403
2025-03-19,7,0.0414
2025-03-19,10,0.0425
2025-03-19,20,0.0458
2025-03-19,30,0.0456
2025-03-20,0.0833,0.0436
2025-03-20,0.25,0.0433
2025-03-20,0.5,0.0427
2025-03-20,1,0.0406
2025-03-20,2,0.0395
2025-03-20,3,0.0393
2025-03-20,5,0.0401
2025-03-20,7,0.0412
2025-03-20,10,0.0424
2025-03-20,20,0.0457
2025-03-20,30,0.0455
2025-03-21,0.0833,0.0436
2025-03-21,0.25,0.0433
2025-03-21,0.5,0.0426
2025-03-21,1,0.0404
2025-03-21,2,0.0394
2025-03-21,3,0.0392
2025-03-21,5,0.04
2025-03-21,7,0.0412
2025-03-21,10,0.0425
2025-03-21,20,0.046
2025-03-21,30,0.0459
2025-03-24,0.0833,0.0435
2025-03-24,0.25,0.0433
2025-03-24,0.5,0.0427
2025-03-24,1,0.0411
2025-03-24,2,0.0404
2025-03-24,3,0.0401
2025-03-24,5,0.0409
2025-03-24,7,0.0422
2025-03-24,10,0.0434
2025-03-24,20,0.0468
2025-03-24,30,0.0466
2025-03-25,0.0833,0.0436
2025-03-25,0.25,0.0433
2025-03-25,0.5,0.0426
2025-03-25,1,0.0409
2025-03-25,2,0.0396
2025-03-25,3,0.0398
2025-03-25,5,0.0407
2025-03-25,7,0.0419
2025-03-25,10,0.0431
2025-03-25,20,0.0467
2025-03-25,30,0.0465
2025-03-26,0.0833,0.0436
2025-03-26,0.25,0.0433
2025-03-26,0.5,0.0426
2025-03-26,1,0.041
2025-03-26,2,0.0398
2025-03-26,3,0.0401
2025-03-26,5,0.0408
2025-03-26,7,0.0422
2025-03-26,10,0.0435
2025-03-26,20,0.0471
2025-03-26,30,0.0469
2025-03-27,0.0833,0.0437
2025-03-27,0.25,0.0433
2025-03-27,0.5,0.0427
2025-03-27,1,0.041
2025-03-27,2,0.0397
2025-03-27,3,0.04
2025-03-27,5,0.0409
2025-03-27,7,0.0423
2025-03-27,10,0.0438
2025-03-27,20,0.0475
2025-03-27,30,0.0473
2025-03-28,0.0833,0.0438
2025-03-28,0.25,0.0433
2025-03-28,0.5,0.0426
2025-03-28,1,0.0404
2025-03-28,2,0.0389
2025-03-28,3,0.0391
2025-03-28,5,0.0398
2025-03-28,7,0.0411
2025-03-28,10,0.0427
2025-03-28,20,0.0465
2025-03-28,30,0.0464
2025-03-31,0.0833,0.0438
2025-03-31,0.25,0.0432
2025-03-31,0.5,0.0423
2025-03-31,1,0.0403
2025-03-31,2,0.0389
2025-03-31,3,0.0389
2025-03-31,5,0.0396
2025-03-31,7,0.0409
2025-03-31,10,0.0423
2025-03-31,20,0.0462
2025-03-31,30,0.0459
2025-04-01,0.0833,0.0438
2025-04-01,0.25,0.0432
2025-04-01,0.5,0.0423
2025-04-01,1,0.0401
2025-04-01,2,0.0387
2025-04-01,3,0.0385
2025-04-01,5,0.0391
2025-04-01,7,0.0403
2025-04-01,10,0.0417
2025-04-01,20,0.0456
2025-04-01,30,0.0452
2025-04-02,0.0833,0.0438
2025-04-02,0.25,0.0432
2025-04-02,0.5,0.0424
2025-04-02,1,0.0404
2025-04-02,2,0.0391
2025-04-02,3,0.0389
2025-04-02,5,0.0395
2025-04-02,7,0.0407
2025-04-02,10,0.042
2025-04-02,20,0.0458
2025-04-02,30,0.0454
2025-04-03,0.0833,0.0436
2025-04-03,0.25,0.0431
2025-04-03,0.5,0.042
2025-04-03,1,0.0392
2025-04-03,2,0.0371
2025-04-03,3,0.0368
2025-04-03,5,0.0375
2025-04-03,7,0.0388
2025-04-03,10,0.0406
2025-04-03,20,0.0451
2025-04-03,30,0.0449
2025-04-04,0.0833,0.0436
2025-04-04,0.25,0.0428
2025-04-04,0.5,0.0414
2025-04-04,1,0.0386
2025-04-04,2,0.0368
2025-04-04,3,0.0366
2025-04-04,5,0.0372
2025-04-04,7,0.0384
2025-04-04,10,0.0401
2025-04-04,20,0.0444
2025-04-04,30,0.0441
2025-04-07,0.0833,0.0436
2025-04-07,0.25,0.0429
2025-04-07,0.5,0.0414
2025-04-07,1,0.0386
2025-04-07,2,0.0373
2025-04-07,3,0.0372
2025-04-07,5,0.0382
2025-04-07,7,0.0397
2025-04-07,10,0.0415
2025-04-07,20,0.0461
2025-04-07,30,0.0458
2025-04-08,0.0833,0.0436
2025-04-08,0.25,0.0431
2025-04-08,0.5,0.0414
2025-04-08,1,0.0383
2025-04-08,2,0.0371
2025-04-08,3,0.0371
2025-04-08,5,0.0388
2025-04-08,7,0.0405
2025-04-08,10,0.0426
2025-04-08,20,0.0476
2025-04-08,30,0.0471
2025-04-09,0.0833,0.0436
2025-04-09,0.25,0.0435
2025-04-09,0.5,0.0423
2025-04-09,1,0.0403
2025-04-09,2,0.0391
2025-04-09,3,0.0391
2025-04-09,5,0.0406
2025-04-09,7,0.042
2025-04-09,10,0.0434
2025-04-09,20,0.0478
2025-04-09,30,0.0472
2025-04-10,0.0833,0.0436
2025-04-10,0.25,0.0434
2025-04-10,0.5,0.0417
2025-04-10,1,0.0397
2025-04-10,2,0.0384
2025-04-10,3,0.0385
2025-04-10,5,0.0404
2025-04-10,7,0.0421
2025-04-10,10,0.044
2025-04-10,20,0.049
2025-04-10,30,0.0486
2025-04-11,0.0833,0.0437
2025-04-11,0.25,0.0434
2025-04-11,0.5,0.0421
2025-04-11,1,0.0404
2025-04-11,2,0.0396
2025-04-11,3,0.0398
2025-04-11,5,0.0415
2025-04-11,7,0.0432
2025-04-11,10,0.0448
2025-04-11,20,0.0491
2025-04-11,30,0.0485
2025-04-14,0.0833,0.0434
2025-04-14,0.25,0.0433
2025-04-14,0.5,0.0421
2025-04-14,1,0.0399
2025-04-14,2,0.0384
2025-04-14,3,0.0387
2025-04-14,5,0.0402
2025-04-14,7,0.042
2025-04-14,10,0.0438
2025-04-14,20,0.0484
2025-04-14,30,0.048
2025-04-15,0.0833,0.0435
2025-04-15,0.25,0.0433
2025-04-15,0.5,0.0421
2025-04-15,1,0.0399
2025-04-15,2,0.0384
2025-04-15,3,0.0385
2025-04-15,5,0.0398
2025-04-15,7,0.0415
2025-04-15,10,0.0435
2025-04-15,20,0.0482
2025-04-15,30,0.0479
2025-04-16,0.0833,0.0435
2025-04-16,0.25,0.0433
2025-04-16,0.5,0.042
2025-04-16,1,0.0396
2025-04-16,2,0.0377
2025-04-16,3,0.0377
2025-04-16,5,0.0391
2025-04-16,7,0.0408
2025-04-16,10,0.0429
2025-04-16,20,0.0477
2025-04-16,30,0.0474
2025-04-17,0.0833,0.0436
2025-04-17,0.25,0.0434
2025-04-17,0.5,0.0422
2025-04-17,1,0.0399
2025-04-17,2,0.0381
2025-04-17,3,0.0382
2025-04-17,5,0.0395
2025-04-17,7,0.0413
2025-04-17,10,0.0434
2025-04-17,20,0.0482
2025-04-17,30,0.048
2025-04-21,0.0833,0.0435
2025-04-21,0.25,0.0434
2025-04-21,0.5,0.0421
2025-04-21,1,0.0395
2025-04-21,2,0.0375
2025-04-21,3,0.0377
2025-04-21,5,0.0397
2025-04-21,7,0.0419
2025-04-21,10,0.0442
2025-04-21,20,0.0494
2025-04-21,30,0.0491
2025-04-22,0.0833,0.0433
2025-04-22,0.25,0.0433
2025-04-22,0.5,0.0421
2025-04-22,1,0.0398
2025-04-22,2,0.0376
2025-04-22,3,0.0382
2025-04-22,5,0.0398
2025-04-22,7,0.0419
2025-04-22,10,0.0441
2025-04-22,20,0.049
2025-04-22,30,0.0488
2025-04-23,0.0833,0.0433
2025-04-23,0.25,0.0433
2025-04-23,0.5,0.0422
2025-04-23,1,0.0401
2025-04-23,2,0.0381
2025-04-23,3,0.0387
2025-04-23,5,0.04
2025-04-23,7,0.042
2025-04-23,10,0.044
2025-04-23,20,0.0486
2025-04-23,30,0.0483
2025-04-24,0.0833,0.0434
2025-04-24,0.25,0.0432
2025-04-24,0.5,0.0422
2025-04-24,1,0.0397
2025-04-24,2,0.0377
2025-04-24,3,0.038
2025-04-24,5,0.0391
2025-04-24,7,0.0411
2025-04-24,10,0.0432
2025-04-24,20,0.0479
2025-04-24,30,0.0477
2025-04-25,0.0833,0.0434
2025-04-25,0.25,0.0432
2025-04-25,0.5,0.0422
2025-04-25,1,0.0395
2025-04-25,2,0.0374
2025-04-25,3,0.0376
2025-04-25,5,0.0388
2025-04-25,7,0.0406
2025-04-25,10,0.0429
2025-04-25,20,0.0475
2025-04-25,30,0.0474
2025-04-28,0.0833,0.0435
2025-04-28,0.25,0.0432
2025-04-28,0.5,0.0422
2025-04-28,1,0.0392
2025-04-28,2,0.0367
2025-04-28,3,0.0367
2025-04-28,5,0.0381
2025-04-28,7,0.0401
2025-04-28,10,0.0423
2025-04-28,20,0.0471
2025-04-28,30,0.0469
2025-04-29,0.0833,0.0435
2025-04-29,0.25,0.0431
2025-04-29,0.5,0.042
2025-04-29,1,0.0389
2025-04-29,2,0.0365
2025-04-29,3,0.0365
2025-04-29,5,0.0377
2025-04-29,7,0.0396
2025-04-29,10,0.0419
2025-04-29,20,0.0466
2025-04-29,30,0.0464
2025-04-30,0.0833,0.0435
2025-04-30,0.25,0.0431
2025-04-30,0.5,0.0419
2025-04-30,1,0.0385
2025-04-30,2,0.036
2025-04-30,3,0.0358
2025-04-30,5,0.0372
2025-04-30,7,0.0393
2025-04-30,10,0.0417
2025-04-30,20,0.0468
2025-04-30,30,0.0466
2025-05-01,0.0833,0.0438
2025-05-01,0.25,0.0431
2025-05-01,0.5,0.0422
2025-05-01,1,0.0392
2025-05-01,2,0.037
2025-05-01,3,0.0369
2025-05-01,5,0.0381
2025-05-01,7,0.0402
2025-05-01,10,0.0425
2025-05-01,20,0.0475
2025-05-01,30,0.0474
2025-05-02,0.0833,0.0438
2025-05-02,0.25,0.0433
2025-05-02,0.5,0.0426
2025-05-02,1,0.04
2025-05-02,2,0.0383
2025-05-02,3,0.0382
2025-05-02,5,0.0392
2025-05-02,7,0.0411
2025-05-02,10,0.0433
2025-05-02,20,0.0481
2025-05-02,30,0.0479
2025-05-05,0.0833,0.0438
2025-05-05,0.25,0.0433
2025-05-05,0.5,0.0427
2025-05-05,1,0.0402
2025-05-05,2,0.0383
2025-05-05,3,0.0378
2025-05-05,5,0.0395
2025-05-05,7,0.0414
2025-05-05,10,0.0436
2025-05-05,20,0.0484
2025-05-05,30,0.0483
2025-05-06,0.0833,0.0437
2025-05-06,0.25,0.0433
2025-05-06,0.5,0.0425
2025-05-06,1,0.0398
2025-05-06,2,0.0378
2025-05-06,3,0.0373
2025-05-06,5,0.039
2025-05-06,7,0.041
2025-05-06,10,0.043
2025-05-06,20,0.0482
2025-05-06,30,0.0481
2025-05-07,0.0833,0.0437
2025-05-07,0.25,0.0434
2025-05-07,0.5,0.0427
2025-05-07,1,0.04
2025-05-07,2,0.0378
2025-05-07,3,0.0372
2025-05-07,5,0.0387
2025-05-07,7,0.0406
2025-05-07,10,0.0426
2025-05-07,20,0.0478
2025-05-07,30,0.0477
2025-05-08,0.0833,0.0437
2025-05-08,0.25,0.0434
2025-05-08,0.5,0.0428
2025-05-08,1,0.0405
2025-05-08,2,0.039
2025-05-08,3,0.0385
2025-05-08,5,0.04
2025-05-08,7,0.0418
2025-05-08,10,0.0437
2025-05-08,20,0.0486
2025-05-08,30,0.0483
2025-05-09,0.0833,0.0437
2025-05-09,0.25,0.0434
2025-05-09,0.5,0.0428
2025-05-09,1,0.0405
2025-05-09,2,0.0388
2025-05-09,3,0.0385
2025-05-09,5,0.04
2025-05-09,7,0.0418
2025-05-09,10,0.0437
2025-05-09,20,0.0486
2025-05-09,30,0.0483
2025-05-12,0.0833,0.0438
2025-05-12,0.25,0.0442
2025-05-12,0.5,0.0429
2025-05-12,1,0.0411
2025-05-12,2,0.0398
2025-05-12,3,0.0397
2025-05-12,5,0.0409
2025-05-12,7,0.0427
2025-05-12,10,0.0445
2025-05-12,20,0.0492
2025-05-12,30,0.0489
2025-05-13,0.0833,0.0439
2025-05-13,0.25,0.0441
2025-05-13,0.5,0.0429
2025-05-13,1,0.0411
2025-05-13,2,0.0402
2025-05-13,3,0.04
2025-05-13,5,0.0412
2025-05-13,7,0.043
2025-05-13,10,0.0449
2025-05-13,20,0.0497
2025-05-13,30,0.0494
2025-05-14,0.0833,0.0439
2025-05-14,0.25,0.0441
2025-05-14,0.5,0.043
2025-05-14,1,0.0414
2025-05-14,2,0.0405
2025-05-14,3,0.0405
2025-05-14,5,0.0417
2025-05-14,7,0.0435
2025-05-14,10,0.0453
2025-05-14,20,0.05
2025-05-14,30,0.0497
2025-05-15,0.0833,0.0437
2025-05-15,0.25,0.0438
2025-05-15,0.5,0.0429
2025-05-15,1,0.041
2025-05-15,2,0.0396
2025-05-15,3,0.0395
2025-05-15,5,0.0407
2025-05-15,7,0.0425
2025-05-15,10,0.0445
2025-05-15,20,0.0493
2025-05-15,30,0.0491
2025-05-16,0.0833,0.0437
2025-05-16,0.25,0.0437
2025-05-16,0.5,0.043
2025-05-16,1,0.0413
2025-05-16,2,0.0398
2025-05-16,3,0.0395
2025-05-16,5,0.0406
2025-05-16,7,0.0424
2025-05-16,10,0.0443
2025-05-16,20,0.0492
2025-05-16,30,0.0489
2025-05-19,0.0833,0.0437
2025-05-19,0.25,0.0439
2025-05-19,0.5,0.0432
2025-05-19,1,0.0412
2025-05-19,2,0.0397
2025-05-19,3,0.0395
2025-05-19,5,0.0407
2025-05-19,7,0.0426
2025-05-19,10,0.0446
2025-05-19,20,0.0495
2025-05-19,30,0.0492
2025-05-20,0.0833,0.0436
2025-05-20,0.25,0.0438
2025-05-20,0.5,0.0432
2025-05-20,1,0.0412
2025-05-20,2,0.0397
2025-05-20,3,0.0395
2025-05-20,5,0.0407
2025-05-20,7,0.0427
2025-05-20,10,0.0448
2025-05-20,20,0.0499
2025-05-20,30,0.0496
2025-05-21,0.0833,0.0435
2025-05-21,0.25,0.0436
2025-05-21,0.5,0.0433
2025-05-21,1,0.0413
2025-05-21,2,0.04
2025-05-21,3,0.04
2025-05-21,5,0.0415
2025-05-21,7,0.0437
2025-05-21,10,0.0458
2025-05-21,20,0.0508
2025-05-21,30,0.0508
2025-05-22,0.0833,0.0437
2025-05-22,0.25,0.0437
2025-05-22,0.5,0.0434
2025-05-22,1,0.0413
2025-05-22,2,0.04
2025-05-22,3,0.0399
2025-05-22,5,0.0411
2025-05-22,7,0.0432
2025-05-22,10,0.0454
2025-05-22,20,0.0505
2025-05-22,30,0.0505
2025-05-23,0.0833,0.0436
2025-05-23,0.25,0.0436
2025-05-23,0.5,0.0435
2025-05-23,1,0.0415
2025-05-23,2,0.04
2025-05-23,3,0.0396
2025-05-23,5,0.0408
2025-05-23,7,0.0429
2025-05-23,10,0.0451
2025-05-23,20,0.0503
2025-05-23,30,0.0504
2025-05-27,0.0833,0.0435
2025-05-27,0.25,0.0435
2025-05-27,0.5,0.0435
2025-05-27,1,0.0414
2025-05-27,2,0.0392
2025-05-27,3,0.0393
2025-05-27,5,0.0404
2025-05-27,7,0.0422
2025-05-27,10,0.0443
2025-05-27,20,0.0495
2025-05-27,30,0.0494
2025-05-28,0.0833,0.0435
2025-05-28,0.25,0.0435
2025-05-28,0.5,0.0436
2025-05-28,1,0.0416
2025-05-28,2,0.0396
2025-05-28,3,0.0395
2025-05-28,5,0.0405
2025-05-28,7,0.0427
2025-05-28,10,0.0447
2025-05-28,20,0.0499
2025-05-28,30,0.0497
2025-05-29,0.0833,0.0434
2025-05-29,0.25,0.0436
2025-05-29,0.5,0.0436
2025-05-29,1,0.0413
2025-05-29,2,0.0392
2025-05-29,3,0.0391
2025-05-29,5,0.04
2025-05-29,7,0.042
2025-05-29,10,0.0443
2025-05-29,20,0.0494
2025-05-29,30,0.0492
2025-05-30,0.0833,0.0433
2025-05-30,0.25,0.0436
2025-05-30,0.5,0.0436
2025-05-30,1,0.0411
2025-05-30,2,0.0389
2025-05-30,3,0.0387
2025-05-30,5,0.0396
2025-05-30,7,0.0418
2025-05-30,10,0.0441
2025-05-30,20,0.0493
2025-05-30,30,0.0492
2025-06-02,0.0833,0.0433
2025-06-02,0.25,0.0444
2025-06-02,0.5,0.0431
2025-06-02,1,0.0412
2025-06-02,2,0.0394
2025-06-02,3,0.0391
2025-06-02,5,0.0401
2025-06-02,7,0.0422
2025-06-02,10,0.0446
2025-06-02,20,0.05
2025-06-02,30,0.0499
2025-06-03,0.0833,0.0433
2025-06-03,0.25,0.0443
2025-06-03,0.5,0.0431
2025-06-03,1,0.0412
2025-06-03,2,0.0396
2025-06-03,3,0.0393
2025-06-03,5,0.0404
2025-06-03,7,0.0423
2025-06-03,10,0.0446
2025-06-03,20,0.05
2025-06-03,30,0.0498
2025-06-04,0.0833,0.0432
2025-06-04,0.25,0.0444
2025-06-04,0.5,0.0429
2025-06-04,1,0.0406
2025-06-04,2,0.0387
2025-06-04,3,0.0384
2025-06-04,5,0.0393
2025-06-04,7,0.0414
2025-06-04,10,0.0437
2025-06-04,20,0.049
2025-06-04,30,0.0489
2025-06-05,0.0833,0.0426
2025-06-05,0.25,0.0444
2025-06-05,0.5,0.0429
2025-06-05,1,0.0408
2025-06-05,2,0.0392
2025-06-05,3,0.039
2025-06-05,5,0.0399
2025-06-05,7,0.0418
2025-06-05,10,0.044
2025-06-05,20,0.049
2025-06-05,30,0.0488
2025-06-06,0.0833,0.0428
2025-06-06,0.25,0.0443
2025-06-06,0.5,0.0431
2025-06-06,1,0.0414
2025-06-06,2,0.0404
2025-06-06,3,0.0402
2025-06-06,5,0.0413
2025-06-06,7,0.0431
2025-06-06,10,0.0451
2025-06-06,20,0.0499
2025-06-06,30,0.0497
2025-06-09,0.0833,0.0429
2025-06-09,0.25,0.0444
2025-06-09,0.5,0.0432
2025-06-09,1,0.0413
2025-06-09,2,0.0401
2025-06-09,3,0.0399
2025-06-09,5,0.0409
2025-06-09,7,0.0428
2025-06-09,10,0.0449
2025-06-09,20,0.0498
2025-06-09,30,0.0495
2025-06-10,0.0833,0.0429
2025-06-10,0.25,0.0445
2025-06-10,0.5,0.0432
2025-06-10,1,0.0412
2025-06-10,2,0.0401
2025-06-10,3,0.0395
2025-06-10,5,0.0408
2025-06-10,7,0.0427
2025-06-10,10,0.0447
2025-06-10,20,0.0496
2025-06-10,30,0.0493
2025-06-11,0.0833,0.043
2025-06-11,0.25,0.0445
2025-06-11,0.5,0.0431
2025-06-11,1,0.0408
2025-06-11,2,0.0394
2025-06-11,3,0.0389
2025-06-11,5,0.0402
2025-06-11,7,0.0421
2025-06-11,10,0.0441
2025-06-11,20,0.0493
2025-06-11,30,0.0491
2025-06-12,0.0833,0.0418
2025-06-12,0.25,0.0446
2025-06-12,0.5,0.0429
2025-06-12,1,0.0406
2025-06-12,2,0.039
2025-06-12,3,0.0385
2025-06-12,5,0.0397
2025-06-12,7,0.0415
2025-06-12,10,0.0436
2025-06-12,20,0.0486
2025-06-12,30,0.0484
2025-06-13,0.0833,0.0423
2025-06-13,0.25,0.0445
2025-06-13,0.5,0.043
2025-06-13,1,0.0409
2025-06-13,2,0.0396
2025-06-13,3,0.039
2025-06-13,5,0.0402
2025-06-13,7,0.042
2025-06-13,10,0.0441
2025-06-13,20,0.0493
2025-06-13,30,0.049
2025-06-16,0.0833,0.0424
2025-06-16,0.25,0.0443
2025-06-16,0.5,0.0432
2025-06-16,1,0.041
2025-06-16,2,0.0397
2025-06-16,3,0.0393
2025-06-16,5,0.0404
2025-06-16,7,0.0423
2025-06-16,10,0.0446
2025-06-16,20,0.0497
2025-06-16,30,0.0496
2025-06-17,0.0833,0.0423
2025-06-17,0.25,0.0442
2025-06-17,0.5,0.0431
2025-06-17,1,0.041
2025-06-17,2,0.0394
2025-06-17,3,0.039
2025-06-17,5,0.0399
2025-06-17,7,0.0417
2025-06-17,10,0.0439
2025-06-17,20,0.0489
2025-06-17,30,0.0488
2025-06-18,0.0833,0.042
2025-06-18,0.25,0.0442
2025-06-18,0.5,0.0433
2025-06-18,1,0.041
2025-06-18,2,0.0394
2025-06-18,3,0.0389
2025-06-18,5,0.0398
2025-06-18,7,0.0417
2025-06-18,10,0.0438
2025-06-18,20,0.0489
2025-06-18,30,0.0488
2025-06-20,0.0833,0.042
2025-06-20,0.25,0.0439
2025-06-20,0.5,0.0429
2025-06-20,1,0.0407
2025-06-20,2,0.039
2025-06-20,3,0.0386
2025-06-20,5,0.0396
2025-06-20,7,0.0416
2025-06-20,10,0.0438
2025-06-20,20,0.049
2025-06-20,30,0.0489
2025-06-23,0.0833,0.042
2025-06-23,0.25,0.0438
2025-06-23,0.5,0.0428
2025-06-23,1,0.04
2025-06-23,2,0.0384
2025-06-23,3,0.038
2025-06-23,5,0.0391
2025-06-23,7,0.041
2025-06-23,10,0.0434
2025-06-23,20,0.0487
2025-06-23,30,0.0487
2025-06-24,0.0833,0.0421
2025-06-24,0.25,0.0438
2025-06-24,0.5,0.0427
2025-06-24,1,0.0399
2025-06-24,2,0.0375
2025-06-24,3,0.0375
2025-06-24,5,0.0386
2025-06-24,7,0.0406
2025-06-24,10,0.043
2025-06-24,20,0.0483
2025-06-24,30,0.0483
2025-06-25,0.0833,0.0421
2025-06-25,0.25,0.0438
2025-06-25,0.5,0.0426
2025-06-25,1,0.0399
2025-06-25,2,0.0374
2025-06-25,3,0.0374
2025-06-25,5,0.0383
2025-06-25,7,0.0405
2025-06-25,10,0.0429
2025-06-25,20,0.0483
2025-06-25,30,0.0483
2025-06-26,0.0833,0.0411
2025-06-26,0.25,0.0439
2025-06-26,0.5,0.0426
2025-06-26,1,0.0396
2025-06-26,2,0.037
2025-06-26,3,0.0368
2025-06-26,5,0.0379
2025-06-26,7,0.04
2025-06-26,10,0.0426
2025-06-26,20,0.0481
2025-06-26,30,0.0481
2025-06-27,0.0833,0.0419
2025-06-27,0.25,0.0439
2025-06-27,0.5,0.0426
2025-06-27,1,0.0397
2025-06-27,2,0.0373
2025-06-27,3,0.0372
2025-06-27,5,0.0383
2025-06-27,7,0.0403
2025-06-27,10,0.0429
2025-06-27,20,0.0485
2025-06-27,30,0.0485
2025-06-30,0.0833,0.0428
2025-06-30,0.25,0.0441
2025-06-30,0.5,0.0429
2025-06-30,1,0.0396
2025-06-30,2,0.0372
2025-06-30,3,0.0368
2025-06-30,5,0.0379
2025-06-30,7,0.0398
2025-06-30,10,0.0424
2025-06-30,20,0.0479
2025-06-30,30,0.0478
2025-07-01,0.0833,0.0432
2025-07-01,0.25,0.044
2025-07-01,0.5,0.0429
2025-07-01,1,0.0398
2025-07-01,2,0.0378
2025-07-01,3,0.0375
2025-07-01,5,0.0384
2025-07-01,7,0.0403
2025-07-01,10,0.0426
2025-07-01,20,0.0479
2025-07-01,30,0.0478
2025-07-02,0.0833,0.0433
2025-07-02,0.25,0.0441
2025-07-02,0.5,0.0428
2025-07-02,1,0.0399
2025-07-02,2,0.0378
2025-07-02,3,0.0377
2025-07-02,5,0.0387
2025-07-02,7,0.0406
2025-07-02,10,0.043
2025-07-02,20,0.0484
2025-07-02,30,0.0482
2025-07-03,0.0833,0.0435
2025-07-03,0.25,0.0442
2025-07-03,0.5,0.0434
2025-07-03,1,0.0407
2025-07-03,2,0.0388
2025-07-03,3,0.0384
2025-07-03,5,0.0394
2025-07-03,7,0.0412
2025-07-03,10,0.0435
2025-07-03,20,0.0487
2025-07-03,30,0.0486
2025-07-07,0.0833,0.0437
2025-07-07,0.25,0.0442
2025-07-07,0.5,0.0433
2025-07-07,1,0.0408
2025-07-07,2,0.039
2025-07-07,3,0.0385
2025-07-07,5,0.0396
2025-07-07,7,0.0416
2025-07-07,10,0.044
2025-07-07,20,0.0493
2025-07-07,30,0.0492
2025-07-08,0.0833,0.0436
2025-07-08,0.25,0.0442
2025-07-08,0.5,0.0434
2025-07-08,1,0.0411
2025-07-08,2,0.039
2025-07-08,3,0.0386
2025-07-08,5,0.0399
2025-07-08,7,0.0418
2025-07-08,10,0.0442
2025-07-08,20,0.0495
2025-07-08,30,0.0494
2025-07-09,0.0833,0.0436
2025-07-09,0.25,0.0442
2025-07-09,0.5,0.0431
2025-07-09,1,0.0407
2025-07-09,2,0.0386
2025-07-09,3,0.038
2025-07-09,5,0.0392
2025-07-09,7,0.0411
2025-07-09,10,0.0434
2025-07-09,20,0.0487
2025-07-09,30,0.0487
2025-07-10,0.0833,0.0436
2025-07-10,0.25,0.0442
2025-07-10,0.5,0.0431
2025-07-10,1,0.0407
2025-07-10,2,0.0386
2025-07-10,3,0.0382
2025-07-10,5,0.0393
2025-07-10,7,0.0412
2025-07-10,10,0.0435
2025-07-10,20,0.0487
2025-07-10,30,0.0486
2025-07-11,0.0833,0.0437
2025-07-11,0.25,0.0441
2025-07-11,0.5,0.0431
2025-07-11,1,0.0409
2025-07-11,2,0.039
2025-07-11,3,0.0386
2025-07-11,5,0.0399
2025-07-11,7,0.0419
2025-07-11,10,0.0443
2025-07-11,20,0.0496
2025-07-11,30,0.0496
2025-07-14,0.0833,0.0437
2025-07-14,0.25,0.0442
2025-07-14,0.5,0.0431
2025-07-14,1,0.0408
2025-07-14,2,0.039
2025-07-14,3,0.0386
2025-07-14,5,0.0398
2025-07-14,7,0.0419
2025-07-14,10,0.0443
2025-07-14,20,0.0497
2025-07-14,30,0.0497
2025-07-15,0.0833,0.0436
2025-07-15,0.25,0.0442
2025-07-15,0.5,0.0433
2025-07-15,1,0.0412
2025-07-15,2,0.0395
2025-07-15,3,0.0393
2025-07-15,5,0.0405
2025-07-15,7,0.0426
2025-07-15,10,0.045
2025-07-15,20,0.0502
2025-07-15,30,0.0501
2025-07-16,0.0833,0.0436
2025-07-16,0.25,0.0441
2025-07-16,0.5,0.0431
2025-07-16,1,0.0408
2025-07-16,2,0.0388
2025-07-16,3,0.0386
2025-07-16,5,0.0399
2025-07-16,7,0.0421
2025-07-16,10,0.0446
2025-07-16,20,0.0501
2025-07-16,30,0.0501
2025-07-17,0.0833,0.0436
2025-07-17,0.25,0.0441
2025-07-17,0.5,0.0431
2025-07-17,1,0.041
2025-07-17,2,0.0391
2025-07-17,3,0.0389
2025-07-17,5,0.0401
2025-07-17,7,0.0422
2025-07-17,10,0.0447
2025-07-17,20,0.0501
2025-07-17,30,0.0501
2025-07-18,0.0833,0.0435
2025-07-18,0.25,0.044
2025-07-18,0.5,0.043
2025-07-18,1,0.0408
2025-07-18,2,0.0388
2025-07-18,3,0.0384
2025-07-18,5,0.0396
2025-07-18,7,0.0418
2025-07-18,10,0.0444
2025-07-18,20,0.0499
2025-07-18,30,0.05
2025-07-21,0.0833,0.0435
2025-07-21,0.25,0.0441
2025-07-21,0.5,0.043
2025-07-21,1,0.0406
2025-07-21,2,0.0385
2025-07-21,3,0.0381
2025-07-21,5,0.0391
2025-07-21,7,0.0413
2025-07-21,10,0.0438
2025-07-21,20,0.0493
2025-07-21,30,0.0494
2025-07-22,0.0833,0.0437
2025-07-22,0.25,0.0441
2025-07-22,0.5,0.043
2025-07-22,1,0.0405
2025-07-22,2,0.0383
2025-07-22,3,0.0377
2025-07-22,5,0.0388
2025-07-22,7,0.0409
2025-07-22,10,0.0435
2025-07-22,20,0.049
2025-07-22,30,0.049
2025-07-23,0.0833,0.0437
2025-07-23,0.25,0.0441
2025-07-23,0.5,0.0431
2025-07-23,1,0.0408
2025-07-23,2,0.0388
2025-07-23,3,0.0384
2025-07-23,5,0.0394
2025-07-23,7,0.0415
2025-07-23,10,0.044
2025-07-23,20,0.0493
2025-07-23,30,0.0495
2025-07-24,0.0833,0.0437
2025-07-24,0.25,0.0442
2025-07-24,0.5,0.0432
2025-07-24,1,0.041
2025-07-24,2,0.0391
2025-07-24,3,0.0387
2025-07-24,5,0.0398
2025-07-24,7,0.0418
2025-07-24,10,0.0443
2025-07-24,20,0.0495
2025-07-24,30,0.0496
2025-07-25,0.0833,0.0437
2025-07-25,0.25,0.0442
2025-07-25,0.5,0.0431
2025-07-25,1,0.0409
2025-07-25,2,0.0391
2025-07-25,3,0.0386
2025-07-25,5,0.0395
2025-07-25,7,0.0415
2025-07-25,10,0.044
2025-07-25,20,0.0492
2025-07-25,30,0.0492
2025-07-28,0.0833,0.044
2025-07-28,0.25,0.044
2025-07-28,0.5,0.043
2025-07-28,1,0.0409
2025-07-28,2,0.0391
2025-07-28,3,0.0387
2025-07-28,5,0.0396
2025-07-28,7,0.0418
2025-07-28,10,0.0442
2025-07-28,20,0.0495
2025-07-28,30,0.0496
2025-07-29,0.0833,0.044
2025-07-29,0.25,0.044
2025-07-29,0.5,0.0428
2025-07-29,1,0.0407
2025-07-29,2,0.0386
2025-07-29,3,0.0382
2025-07-29,5,0.039
2025-07-29,7,0.041
2025-07-29,10,0.0434
2025-07-29,20,0.0486
2025-07-29,30,0.0486
2025-07-30,0.0833,0.0441
2025-07-30,0.25,0.0441
2025-07-30,0.5,0.0431
2025-07-30,1,0.0412
2025-07-30,2,0.0394
2025-07-30,3,0.0389
2025-07-30,5,0.0396
2025-07-30,7,0.0415
2025-07-30,10,0.0438
2025-07-30,20,0.049
2025-07-30,30,0.0489
2025-07-31,0.0833,0.0449
2025-07-31,0.25,0.0441
2025-07-31,0.5,0.0431
2025-07-31,1,0.041
2025-07-31,2,0.0394
2025-07-31,3,0.0389
2025-07-31,5,0.0396
2025-07-31,7,0.0414
2025-07-31,10,0.0437
2025-07-31,20,0.0489
2025-07-31,30,0.0489
2025-08-01,0.0833,0.0449
2025-08-01,0.25,0.0435
2025-08-01,0.5,0.0416
2025-08-01,1,0.0387
2025-08-01,2,0.0369
2025-08-01,3,0.0367
2025-08-01,5,0.0377
2025-08-01,7,0.0397
2025-08-01,10,0.0423
2025-08-01,20,0.0479
2025-08-01,30,0.0481
2025-08-04,0.0833,0.0448
2025-08-04,0.25,0.0435
2025-08-04,0.5,0.0415
2025-08-04,1,0.0382
2025-08-04,2,0.0369
2025-08-04,3,0.0366
2025-08-04,5,0.0375
2025-08-04,7,0.0395
2025-08-04,10,0.0422
2025-08-04,20,0.0478
2025-08-04,30,0.048
2025-08-05,0.0833,0.0449
2025-08-05,0.25,0.0434
2025-08-05,0.5,0.0416
2025-08-05,1,0.0392
2025-08-05,2,0.0372
2025-08-05,3,0.0363
2025-08-05,5,0.0377
2025-08-05,7,0.0397
2025-08-05,10,0.0422
2025-08-05,20,0.0477
2025-08-05,30,0.0478
2025-08-06,0.0833,0.0448
2025-08-06,0.25,0.0432
2025-08-06,0.5,0.0415
2025-08-06,1,0.039
2025-08-06,2,0.0369
2025-08-06,3,0.0363
2025-08-06,5,0.0377
2025-08-06,7,0.0397
2025-08-06,10,0.0422
2025-08-06,20,0.048
2025-08-06,30,0.0481
2025-08-07,0.0833,0.0449
2025-08-07,0.25,0.0432
2025-08-07,0.5,0.0415
2025-08-07,1,0.0392
2025-08-07,2,0.0372
2025-08-07,3,0.0366
2025-08-07,5,0.0379
2025-08-07,7,0.0399
2025-08-07,10,0.0423
2025-08-07,20,0.0481
2025-08-07,30,0.0481
2025-08-08,0.0833,0.0448
2025-08-08,0.25,0.0432
2025-08-08,0.5,0.0415
2025-08-08,1,0.0393
2025-08-08,2,0.0376
2025-08-08,3,0.037
2025-08-08,5,0.0384
2025-08-08,7,0.0403
2025-08-08,10,0.0427
2025-08-08,20,0.0484
2025-08-08,30,0.0485
2025-08-11,0.0833,0.0446
2025-08-11,0.25,0.0434
2025-08-11,0.5,0.0415
2025-08-11,1,0.0393
2025-08-11,2,0.0376
2025-08-11,3,0.0371
2025-08-11,5,0.0383
2025-08-11,7,0.0403
2025-08-11,10,0.0427
2025-08-11,20,0.0483
2025-08-11,30,0.0484
2025-08-12,0.0833,0.0444
2025-08-12,0.25,0.0433
2025-08-12,0.5,0.0412
2025-08-12,1,0.039
2025-08-12,2,0.0372
2025-08-12,3,0.0369
2025-08-12,5,0.0383
2025-08-12,7,0.0403
2025-08-12,10,0.0429
2025-08-12,20,0.0487
2025-08-12,30,0.0488
2025-08-13,0.0833,0.0444
2025-08-13,0.25,0.0429
2025-08-13,0.5,0.0409
2025-08-13,1,0.0386
2025-08-13,2,0.0367
2025-08-13,3,0.0364
2025-08-13,5,0.0377
2025-08-13,7,0.0398
2025-08-13,10,0.0424
2025-08-13,20,0.0481
2025-08-13,30,0.0483
2025-08-14,0.0833,0.0448
2025-08-14,0.25,0.043
2025-08-14,0.5,0.0412
2025-08-14,1,0.0391
2025-08-14,2,0.0374
2025-08-14,3,0.037
2025-08-14,5,0.0382
2025-08-14,7,0.0403
2025-08-14,10,0.0429
2025-08-14,20,0.0486
2025-08-14,30,0.0488
2025-08-15,0.0833,0.0448
2025-08-15,0.25,0.043
2025-08-15,0.5,0.0412
2025-08-15,1,0.0393
2025-08-15,2,0.0375
2025-08-15,3,0.0373
2025-08-15,5,0.0385
2025-08-15,7,0.0407
2025-08-15,10,0.0433
2025-08-15,20,0.0491
2025-08-15,30,0.0492
2025-08-18,0.0833,0.0447
2025-08-18,0.25,0.0433
2025-08-18,0.5,0.0413
2025-08-18,1,0.0393
2025-08-18,2,0.0377
2025-08-18,3,0.0373
2025-08-18,5,0.0386
2025-08-18,7,0.0407
2025-08-18,10,0.0434
2025-08-18,20,0.0492
2025-08-18,30,0.0494
2025-08-19,0.0833,0.0446
2025-08-19,0.25,0.043
2025-08-19,0.5,0.0411
2025-08-19,1,0.0391
2025-08-19,2,0.0375
2025-08-19,3,0.037
2025-08-19,5,0.0382
2025-08-19,7,0.0404
2025-08-19,10,0.043
2025-08-19,20,0.0489
2025-08-19,30,0.049
2025-08-20,0.0833,0.0445
2025-08-20,0.25,0.043
2025-08-20,0.5,0.0411
2025-08-20,1,0.039
2025-08-20,2,0.0374
2025-08-20,3,0.0369
2025-08-20,5,0.0381
2025-08-20,7,0.0402
2025-08-20,10,0.0429
2025-08-20,20,0.0486
2025-08-20,30,0.0489
2025-08-21,0.0833,0.0449
2025-08-21,0.25,0.0432
2025-08-21,0.5,0.0414
2025-08-21,1,0.0395
2025-08-21,2,0.0379
2025-08-21,3,0.0375
2025-08-21,5,0.0386
2025-08-21,7,0.0407
2025-08-21,10,0.0433
2025-08-21,20,0.0489
2025-08-21,30,0.0492
2025-08-22,0.0833,0.0447
2025-08-22,0.25,0.0427
2025-08-22,0.5,0.0408
2025-08-22,1,0.0387
2025-08-22,2,0.0368
2025-08-22,3,0.0364
2025-08-22,5,0.0376
2025-08-22,7,0.0398
2025-08-22,10,0.0426
2025-08-22,20,0.0484
2025-08-22,30,0.0488
2025-08-25,0.0833,0.0445
2025-08-25,0.25,0.0429
2025-08-25,0.5,0.0408
2025-08-25,1,0.0388
2025-08-25,2,0.0373
2025-08-25,3,0.0368
2025-08-25,5,0.038
2025-08-25,7,0.0401
2025-08-25,10,0.0428
2025-08-25,20,0.0486
2025-08-25,30,0.0489
2025-08-26,0.0833,0.0442
2025-08-26,0.25,0.0428
2025-08-26,0.5,0.0406
2025-08-26,1,0.0385
2025-08-26,2,0.0361
2025-08-26,3,0.0363
2025-08-26,5,0.0375
2025-08-26,7,0.0398
2025-08-26,10,0.0426
2025-08-26,20,0.0486
2025-08-26,30,0.049
2025-08-27,0.0833,0.0442
2025-08-27,0.25,0.0426
2025-08-27,0.5,0.0404
2025-08-27,1,0.0383
2025-08-27,2,0.0359
2025-08-27,3,0.0359
2025-08-27,5,0.0369
2025-08-27,7,0.0395
2025-08-27,10,0.0424
2025-08-27,20,0.0487
2025-08-27,30,0.0491
2025-08-28,0.0833,0.0442
2025-08-28,0.25,0.0426
2025-08-28,0.5,0.0404
2025-08-28,1,0.0385
2025-08-28,2,0.0362
2025-08-28,3,0.036
2025-08-28,5,0.0369
2025-08-28,7,0.0392
2025-08-28,10,0.0422
2025-08-28,20,0.0483
2025-08-28,30,0.0488
2025-08-29,0.0833,0.0441
2025-08-29,0.25,0.0423
2025-08-29,0.5,0.0401
2025-08-29,1,0.0383
2025-08-29,2,0.0359
2025-08-29,3,0.0358
2025-08-29,5,0.0368
2025-08-29,7,0.0392
2025-08-29,10,0.0423
2025-08-29,20,0.0486
2025-08-29,30,0.0492
2025-09-02,0.0833,0.044
2025-09-02,0.25,0.042
2025-09-02,0.5,0.0399
2025-09-02,1,0.0382
2025-09-02,2,0.0366
2025-09-02,3,0.0363
2025-09-02,5,0.0374
2025-09-02,7,0.0398
2025-09-02,10,0.0428
2025-09-02,20,0.0492
2025-09-02,30,0.0497
2025-09-03,0.0833,0.0435
2025-09-03,0.25,0.0418
2025-09-03,0.5,0.0396
2025-09-03,1,0.0377
2025-09-03,2,0.0361
2025-09-03,3,0.0358
2025-09-03,5,0.0369
2025-09-03,7,0.0392
2025-09-03,10,0.0422
2025-09-03,20,0.0485
2025-09-03,30,0.049
2025-09-04,0.0833,0.0433
2025-09-04,0.25,0.0416
2025-09-04,0.5,0.0394
2025-09-04,1,0.0376
2025-09-04,2,0.0359
2025-09-04,3,0.0355
2025-09-04,5,0.0365
2025-09-04,7,0.0387
2025-09-04,10,0.0417
2025-09-04,20,0.0481
2025-09-04,30,0.0486
2025-09-05,0.0833,0.0429
2025-09-05,0.25,0.0407
2025-09-05,0.5,0.0385
2025-09-05,1,0.0365
2025-09-05,2,0.0351
2025-09-05,3,0.0348
2025-09-05,5,0.0359
2025-09-05,7,0.038
2025-09-05,10,0.041
2025-09-05,20,0.0472
2025-09-05,30,0.0478
2025-09-08,0.0833,0.0426
2025-09-08,0.25,0.041
2025-09-08,0.5,0.0384
2025-09-08,1,0.0364
2025-09-08,2,0.0349
2025-09-08,3,0.0347
2025-09-08,5,0.0357
2025-09-08,7,0.0377
2025-09-08,10,0.0405
2025-09-08,20,0.0465
2025-09-08,30,0.0469
2025-09-09,0.0833,0.0425
2025-09-09,0.25,0.041
2025-09-09,0.5,0.0385
2025-09-09,1,0.0368
2025-09-09,2,0.0354
2025-09-09,3,0.0348
2025-09-09,5,0.0361
2025-09-09,7,0.0381
2025-09-09,10,0.0408
2025-09-09,20,0.0468
2025-09-09,30,0.0472
2025-09-10,0.0833,0.0423
2025-09-10,0.25,0.0409
2025-09-10,0.5,0.0383
2025-09-10,1,0.0366
2025-09-10,2,0.0354
2025-09-10,3,0.0347
2025-09-10,5,0.0359
2025-09-10,7,0.0378
2025-09-10,10,0.0404
2025-09-10,20,0.0465
2025-09-10,30,0.0469
2025-09-11,0.0833,0.0422
2025-09-11,0.25,0.0408
2025-09-11,0.5,0.0382
2025-09-11,1,0.0363
2025-09-11,2,0.0352
2025-09-11,3,0.0347
2025-09-11,5,0.0359
2025-09-11,7,0.0376
2025-09-11,10,0.0401
2025-09-11,20,0.0461
2025-09-11,30,0.0465
2025-09-12,0.0833,0.0424
2025-09-12,0.25,0.0408
2025-09-12,0.5,0.0383
2025-09-12,1,0.0366
2025-09-12,2,0.0356
2025-09-12,3,0.0352
2025-09-12,5,0.0363
2025-09-12,7,0.0381
2025-09-12,10,0.0406
2025-09-12,20,0.0465
2025-09-12,30,0.0468
2025-09-15,0.0833,0.0422
2025-09-15,0.25,0.0406
2025-09-15,0.5,0.0381
2025-09-15,1,0.0364
2025-09-15,2,0.0354
2025-09-15,3,0.035
2025-09-15,5,0.0361
2025-09-15,7,0.0379
2025-09-15,10,0.0405
2025-09-15,20,0.0463
2025-09-15,30,0.0466
2025-09-16,0.0833,0.042
2025-09-16,0.25,0.0404
2025-09-16,0.5,0.0381
2025-09-16,1,0.0362
2025-09-16,2,0.0351
2025-09-16,3,0.0347
2025-09-16,5,0.0359
2025-09-16,7,0.0378
2025-09-16,10,0.0404
2025-09-16,20,0.0461
2025-09-16,30,0.0465
2025-09-17,0.0833,0.0417
2025-09-17,0.25,0.0402
2025-09-17,0.5,0.038
2025-09-17,1,0.036
2025-09-17,2,0.0352
2025-09-17,3,0.0351
2025-09-17,5,0.0362
2025-09-17,7,0.0381
2025-09-17,10,0.0406
2025-09-17,20,0.0462
2025-09-17,30,0.0466
2025-09-18,0.0833,0.042
2025-09-18,0.25,0.0403
2025-09-18,0.5,0.0381
2025-09-18,1,0.0361
2025-09-18,2,0.0357
2025-09-18,3,0.0355
2025-09-18,5,0.0367
2025-09-18,7,0.0386
2025-09-18,10,0.0411
2025-09-18,20,0.0468
2025-09-18,30,0.0472
2025-09-19,0.0833,0.0419
2025-09-19,0.25,0.0403
2025-09-19,0.5,0.0381
2025-09-19,1,0.036
2025-09-19,2,0.0357
2025-09-19,3,0.0356
2025-09-19,5,0.0368
2025-09-19,7,0.0388
2025-09-19,10,0.0414
2025-09-19,20,0.0471
2025-09-19,30,0.0475
2025-09-22,0.0833,0.0417
2025-09-22,0.25,0.04
2025-09-22,0.5,0.0381
2025-09-22,1,0.0361
2025-09-22,2,0.0361
2025-09-22,3,0.0359
2025-09-22,5,0.0371
2025-09-22,7,0.039
2025-09-22,10,0.0415
2025-09-22,20,0.0473
2025-09-22,30,0.0477
2025-09-23,0.0833,0.0416
2025-09-23,0.25,0.04
2025-09-23,0.5,0.0381
2025-09-23,1,0.0361
2025-09-23,2,0.0353
2025-09-23,3,0.0357
2025-09-23,5,0.0368
2025-09-23,7,0.0387
2025-09-23,10,0.0412
2025-09-23,20,0.047
2025-09-23,30,0.0473
2025-09-24,0.0833,0.0418
2025-09-24,0.25,0.0402
2025-09-24,0.5,0.0382
2025-09-24,1,0.0363
2025-09-24,2,0.0357
2025-09-24,3,0.036
2025-09-24,5,0.037
2025-09-24,7,0.0391
2025-09-24,10,0.0416
2025-09-24,20,0.0473
2025-09-24,30,0.0476
2025-09-25,0.0833,0.0424
2025-09-25,0.25,0.0404
2025-09-25,0.5,0.0385
2025-09-25,1,0.0368
2025-09-25,2,0.0364
2025-09-25,3,0.0366
2025-09-25,5,0.0375
2025-09-25,7,0.0394
2025-09-25,10,0.0418
2025-09-25,20,0.0473
2025-09-25,30,0.0475
2025-09-26,0.0833,0.0422
2025-09-26,0.25,0.0402
2025-09-26,0.5,0.0383
2025-09-26,1,0.0367
2025-09-26,2,0.0363
2025-09-26,3,0.0366
2025-09-26,5,0.0376
2025-09-26,7,0.0396
2025-09-26,10,0.042
2025-09-26,20,0.0474
2025-09-26,30,0.0477
2025-09-29,0.0833,0.0422
2025-09-29,0.25,0.0404
2025-09-29,0.5,0.0384
2025-09-29,1,0.0365
2025-09-29,2,0.0363
2025-09-29,3,0.0363
2025-09-29,5,0.0374
2025-09-29,7,0.0392
2025-09-29,10,0.0415
2025-09-29,20,0.0469
2025-09-29,30,0.0471
2025-09-30,0.0833,0.042
2025-09-30,0.25,0.0402
2025-09-30,0.5,0.0383
2025-09-30,1,0.0368
2025-09-30,2,0.036
2025-09-30,3,0.0361
2025-09-30,5,0.0374
2025-09-30,7,0.0393
2025-09-30,10,0.0416
2025-09-30,20,0.0471
2025-09-30,30,0.0473
2025-10-01,0.0833,0.0417
2025-10-01,0.25,0.0401
2025-10-01,0.5,0.038
2025-10-01,1,0.0362
2025-10-01,2,0.0355
2025-10-01,3,0.0356
2025-10-01,5,0.0368
2025-10-01,7,0.0388
2025-10-01,10,0.0412
2025-10-01,20,0.0469
2025-10-01,30,0.0472
2025-10-02,0.0833,0.0423
2025-10-02,0.25,0.0402
2025-10-02,0.5,0.0381
2025-10-02,1,0.0362
2025-10-02,2,0.0355
2025-10-02,3,0.0356
2025-10-02,5,0.0367
2025-10-02,7,0.0386
2025-10-02,10,0.041
2025-10-02,20,0.0466
2025-10-02,30,0.0469
2025-10-03,0.0833,0.0424
2025-10-03,0.25,0.0403
2025-10-03,0.5,0.0382
2025-10-03,1,0.0364
2025-10-03,2,0.0358
2025-10-03,3,0.0359
2025-10-03,5,0.0372
2025-10-03,7,0.039
2025-10-03,10,0.0413
2025-10-03,20,0.0469
2025-10-03,30,0.0471
2025-10-06,0.0833,0.0422
2025-10-06,0.25,0.0402
2025-10-06,0.5,0.0381
2025-10-06,1,0.0366
2025-10-06,2,0.036
2025-10-06,3,0.0363
2025-10-06,5,0.0375
2025-10-06,7,0.0395
2025-10-06,10,0.0418
2025-10-06,20,0.0473
2025-10-06,30,0.0476
2025-10-07,0.0833,0.042
2025-10-07,0.25,0.0401
2025-10-07,0.5,0.0381
2025-10-07,1,0.0365
2025-10-07,2,0.0357
2025-10-07,3,0.0356
2025-10-07,5,0.0371
2025-10-07,7,0.039
2025-10-07,10,0.0414
2025-10-07,20,0.047
2025-10-07,30,0.0473
2025-10-08,0.0833,0.042
2025-10-08,0.25,0.0401
2025-10-08,0.5,0.0382
2025-10-08,1,0.0366
2025-10-08,2,0.0358
2025-10-08,3,0.0358
2025-10-08,5,0.0372
2025-10-08,7,0.0391
2025-10-08,10,0.0413
2025-10-08,20,0.0469
2025-10-08,30,0.0472
2025-10-09,0.0833,0.042
2025-10-09,0.25,0.0403
2025-10-09,0.5,0.0383
2025-10-09,1,0.0366
2025-10-09,2,0.036
2025-10-09,3,0.0359
2025-10-09,5,0.0374
2025-10-09,7,0.0392
2025-10-09,10,0.0414
2025-10-09,20,0.047
2025-10-09,30,0.0472
2025-10-10,0.0833,0.0419
2025-10-10,0.25,0.0402
2025-10-10,0.5,0.0381
2025-10-10,1,0.036
2025-10-10,2,0.0352
2025-10-10,3,0.0352
2025-10-10,5,0.0365
2025-10-10,7,0.0383
2025-10-10,10,0.0405
2025-10-10,20,0.046
2025-10-10,30,0.0463
2025-10-14,0.0833,0.0419
2025-10-14,0.25,0.0402
2025-10-14,0.5,0.038
2025-10-14,1,0.0358
2025-10-14,2,0.0348
2025-10-14,3,0.0347
2025-10-14,5,0.036
2025-10-14,7,0.0379
2025-10-14,10,0.0403
2025-10-14,20,0.0459
2025-10-14,30,0.0462
2025-10-15,0.0833,0.042
2025-10-15,0.25,0.0403
2025-10-15,0.5,0.0382
2025-10-15,1,0.0361
2025-10-15,2,0.035
2025-10-15,3,0.0351
2025-10-15,5,0.0363
2025-10-15,7,0.0382
2025-10-15,10,0.0405
2025-10-15,20,0.0461
2025-10-15,30,0.0464
2025-10-16,0.0833,0.042
2025-10-16,0.25,0.0402
2025-10-16,0.5,0.0379
2025-10-16,1,0.0354
2025-10-16,2,0.0341
2025-10-16,3,0.0342
2025-10-16,5,0.0355
2025-10-16,7,0.0374
2025-10-16,10,0.0399
2025-10-16,20,0.0456
2025-10-16,30,0.0458
2025-10-17,0.0833,0.0418
2025-10-17,0.25,0.04
2025-10-17,0.5,0.0379
2025-10-17,1,0.0356
2025-10-17,2,0.0346
2025-10-17,3,0.0347
2025-10-17,5,0.0359
2025-10-17,7,0.0378
2025-10-17,10,0.0402
2025-10-17,20,0.0458
2025-10-17,30,0.046
2025-10-20,0.0833,0.0415
2025-10-20,0.25,0.0397
2025-10-20,0.5,0.0378
2025-10-20,1,0.0355
2025-10-20,2,0.0346
2025-10-20,3,0.0347
2025-10-20,5,0.0358
2025-10-20,7,0.0377
2025-10-20,10,0.04
2025-10-20,20,0.0456
2025-10-20,30,0.0458
2025-10-21,0.0833,0.0412
2025-10-21,0.25,0.0396
2025-10-21,0.5,0.0378
2025-10-21,1,0.0356
2025-10-21,2,0.0345
2025-10-21,3,0.0346
2025-10-21,5,0.0356
2025-10-21,7,0.0374
2025-10-21,10,0.0398
2025-10-21,20,0.0453
2025-10-21,30,0.0455
2025-10-22,0.0833,0.0411
2025-10-22,0.25,0.0396
2025-10-22,0.5,0.0378
2025-10-22,1,0.0355
2025-10-22,2,0.0345
2025-10-22,3,0.0344
2025-10-22,5,0.0356
2025-10-22,7,0.0374
2025-10-22,10,0.0397
2025-10-22,20,0.0452
2025-10-22,30,0.0454
2025-10-23,0.0833,0.0412
2025-10-23,0.25,0.0395
2025-10-23,0.5,0.0378
2025-10-23,1,0.0359
2025-10-23,2,0.0348
2025-10-23,3,0.0349
2025-10-23,5,0.0361
2025-10-23,7,0.0379
2025-10-23,10,0.0401
2025-10-23,20,0.0455
2025-10-23,30,0.0458
2025-10-24,0.0833,0.0411
2025-10-24,0.25,0.0393
2025-10-24,0.5,0.0376
2025-10-24,1,0.0358
2025-10-24,2,0.0348
2025-10-24,3,0.0349
2025-10-24,5,0.0361
2025-10-24,7,0.0379
2025-10-24,10,0.0402
2025-10-24,20,0.0456
2025-10-24,30,0.0459
2025-10-27,0.0833,0.0409
2025-10-27,0.25,0.0389
2025-10-27,0.5,0.0373
2025-10-27,1,0.0359
2025-10-27,2,0.0348
2025-10-27,3,0.035
2025-10-27,5,0.0361
2025-10-27,7,0.0379
2025-10-27,10,0.0401
2025-10-27,20,0.0455
2025-10-27,30,0.0457
2025-10-28,0.0833,0.0407
2025-10-28,0.25,0.0389
2025-10-28,0.5,0.0372
2025-10-28,1,0.0359
2025-10-28,2,0.0347
2025-10-28,3,0.035
2025-10-28,5,0.036
2025-10-28,7,0.0377
2025-10-28,10,0.0399
2025-10-28,20,0.0453
2025-10-28,30,0.0455
2025-10-29,0.0833,0.0403
2025-10-29,0.25,0.0393
2025-10-29,0.5,0.0379
2025-10-29,1,0.037
2025-10-29,2,0.0359
2025-10-29,3,0.036
2025-10-29,5,0.037
2025-10-29,7,0.0387
2025-10-29,10,0.0408
2025-10-29,20,0.0459
2025-10-29,30,0.0461
2025-10-30,0.0833,0.0405
2025-10-30,0.25,0.0392
2025-10-30,0.5,0.0379
2025-10-30,1,0.037
2025-10-30,2,0.0361
2025-10-30,3,0.0361
2025-10-30,5,0.0372
2025-10-30,7,0.039
2025-10-30,10,0.0411
2025-10-30,20,0.0464
2025-10-30,30,0.0465
2025-10-31,0.0833,0.0406
2025-10-31,0.25,0.0389
2025-10-31,0.5,0.0379
2025-10-31,1,0.037
2025-10-31,2,0.036
2025-10-31,3,0.036
2025-10-31,5,0.0371
2025-10-31,7,0.0389
2025-10-31,10,0.0411
2025-10-31,20,0.0465
2025-10-31,30,0.0467
2025-11-03,0.0833,0.0406
2025-11-03,0.25,0.0398
2025-11-03,0.5,0.038
2025-11-03,1,0.037
2025-11-03,2,0.036
2025-11-03,3,0.0361
2025-11-03,5,0.0372
2025-11-03,7,0.039
2025-11-03,10,0.0413
2025-11-03,20,0.0467
2025-11-03,30,0.0469
2025-11-04,0.0833,0.0402
2025-11-04,0.25,0.0396
2025-11-04,0.5,0.0378
2025-11-04,1,0.0367
2025-11-04,2,0.0358
2025-11-04,3,0.0359
2025-11-04,5,0.0369
2025-11-04,7,0.0388
2025-11-04,10,0.041
2025-11-04,20,0.0465
2025-11-04,30,0.0467
2025-11-05,0.0833,0.04
2025-11-05,0.25,0.0396
2025-11-05,0.5,0.0379
2025-11-05,1,0.0371
2025-11-05,2,0.0363
2025-11-05,3,0.0365
2025-11-05,5,0.0376
2025-11-05,7,0.0395
2025-11-05,10,0.0417
2025-11-05,20,0.0472
2025-11-05,30,0.0474
2025-11-06,0.0833,0.0402
2025-11-06,0.25,0.0393
2025-11-06,0.5,0.0376
2025-11-06,1,0.0365
2025-11-06,2,0.0357
2025-11-06,3,0.0358
2025-11-06,5,0.0369
2025-11-06,7,0.0387
2025-11-06,10,0.0411
2025-11-06,20,0.0467
2025-11-06,30,0.0469
2025-11-07,0.0833,0.0401
2025-11-07,0.25,0.0392
2025-11-07,0.5,0.0376
2025-11-07,1,0.0363
2025-11-07,2,0.0355
2025-11-07,3,0.0357
2025-11-07,5,0.0367
2025-11-07,7,0.0387
2025-11-07,10,0.0411
2025-11-07,20,0.0468
2025-11-07,30,0.047
2025-11-10,0.0833,0.0404
2025-11-10,0.25,0.0395
2025-11-10,0.5,0.0379
2025-11-10,1,0.0366
2025-11-10,2,0.0358
2025-11-10,3,0.0356
2025-11-10,5,0.0372
2025-11-10,7,0.039
2025-11-10,10,0.0413
2025-11-10,20,0.0469
2025-11-10,30,0.0471
2025-11-12,0.0833,0.0403
2025-11-12,0.25,0.0395
2025-11-12,0.5,0.0378
2025-11-12,1,0.0365
2025-11-12,2,0.0356
2025-11-12,3,0.0355
2025-11-12,5,0.0368
2025-11-12,7,0.0386
2025-11-12,10,0.0408
2025-11-12,20,0.0465
2025-11-12,30,0.0467
2025-11-13,0.0833,0.0405
2025-11-13,0.25,0.0396
2025-11-13,0.5,0.038
2025-11-13,1,0.0368
2025-11-13,2,0.0358
2025-11-13,3,0.0357
2025-11-13,5,0.0371
2025-11-13,7,0.0389
2025-11-13,10,0.0411
2025-11-13,20,0.0469
2025-11-13,30,0.047
2025-11-14,0.0833,0.0404
2025-11-14,0.25,0.0395
2025-11-14,0.5,0.038
2025-11-14,1,0.037
2025-11-14,2,0.0362
2025-11-14,3,0.0361
2025-11-14,5,0.0374
2025-11-14,7,0.0392
2025-11-14,10,0.0414
2025-11-14,20,0.0473
2025-11-14,30,0.0474
2025-11-17,0.0833,0.0404
2025-11-17,0.25,0.0397
2025-11-17,0.5,0.0381
2025-11-17,1,0.0369
2025-11-17,2,0.036
2025-11-17,3,0.036
2025-11-17,5,0.0372
2025-11-17,7,0.039
2025-11-17,10,0.0413
2025-11-17,20,0.0471
2025-11-17,30,0.0473
2025-11-18,0.0833,0.0402
2025-11-18,0.25,0.0394
2025-11-18,0.5,0.0379
2025-11-18,1,0.0367
2025-11-18,2,0.0358
2025-11-18,3,0.0358
2025-11-18,5,0.037
2025-11-18,7,0.0389
2025-11-18,10,0.0412
2025-11-18,20,0.0472
2025-11-18,30,0.0474
2025-11-19,0.0833,0.0401
2025-11-19,0.25,0.0395
2025-11-19,0.5,0.038
2025-11-19,1,0.0368
2025-11-19,2,0.0358
2025-11-19,3,0.0359
2025-11-19,5,0.0371
2025-11-19,7,0.039
2025-11-19,10,0.0413
2025-11-19,20,0.0471
2025-11-19,30,0.0475
2025-11-20,0.0833,0.0404
2025-11-20,0.25,0.0394
2025-11-20,0.5,0.0379
2025-11-20,1,0.0365
2025-11-20,2,0.0355
2025-11-20,3,0.0356
2025-11-20,5,0.0368
2025-11-20,7,0.0387
2025-11-20,10,0.041
2025-11-20,20,0.0468
2025-11-20,30,0.0473
2025-11-21,0.0833,0.0403
2025-11-21,0.25,0.039
2025-11-21,0.5,0.0375
2025-11-21,1,0.0362
2025-11-21,2,0.0351
2025-11-21,3,0.035
2025-11-21,5,0.0362
2025-11-21,7,0.0382
2025-11-21,10,0.0406
2025-11-21,20,0.0467
2025-11-21,30,0.0471
2025-11-24,0.0833,0.0403
2025-11-24,0.25,0.0391
2025-11-24,0.5,0.0376
2025-11-24,1,0.0361
2025-11-24,2,0.0346
2025-11-24,3,0.0349
2025-11-24,5,0.0361
2025-11-24,7,0.038
2025-11-24,10,0.0404
2025-11-24,20,0.0464
2025-11-24,30,0.0468
2025-11-25,0.0833,0.0404
2025-11-25,0.25,0.039
2025-11-25,0.5,0.0375
2025-11-25,1,0.036
2025-11-25,2,0.0343
2025-11-25,3,0.0346
2025-11-25,5,0.0355
2025-11-25,7,0.0377
2025-11-25,10,0.0401
2025-11-25,20,0.0462
2025-11-25,30,0.0467
2025-11-26,0.0833,0.0406
2025-11-26,0.25,0.0392
2025-11-26,0.5,0.0376
2025-11-26,1,0.0361
2025-11-26,2,0.0345
2025-11-26,3,0.0347
2025-11-26,5,0.0356
2025-11-26,7,0.0375
2025-11-26,10,0.04
2025-11-26,20,0.046
2025-11-26,30,0.0464
2025-11-28,0.0833,0.0405
2025-11-28,0.25,0.0388
2025-11-28,0.5,0.0374
2025-11-28,1,0.0361
2025-11-28,2,0.0347
2025-11-28,3,0.0349
2025-11-28,5,0.0359
2025-11-28,7,0.0378
2025-11-28,10,0.0402
2025-11-28,20,0.0462
2025-11-28,30,0.0467
2025-12-01,0.0833,0.0398
2025-12-01,0.25,0.0381
2025-12-01,0.5,0.0375
2025-12-01,1,0.0362
2025-12-01,2,0.0354
2025-12-01,3,0.0355
2025-12-01,5,0.0367
2025-12-01,7,0.0386
2025-12-01,10,0.0409
2025-12-01,20,0.0471
2025-12-01,30,0.0474
2025-12-02,0.0833,0.039
2025-12-02,0.25,0.0377
2025-12-02,0.5,0.0372
2025-12-02,1,0.0359
2025-12-02,2,0.0351
2025-12-02,3,0.0354
2025-12-02,5,0.0366
2025-12-02,7,0.0385
2025-12-02,10,0.0409
2025-12-02,20,0.047
2025-12-02,30,0.0474
2025-12-03,0.0833,0.0383
2025-12-03,0.25,0.0372
2025-12-03,0.5,0.0368
2025-12-03,1,0.0357
2025-12-03,2,0.0349
2025-12-03,3,0.035
2025-12-03,5,0.0362
2025-12-03,7,0.0382
2025-12-03,10,0.0406
2025-12-03,20,0.0468
2025-12-03,30,0.0473
2025-12-04,0.0833,0.0383
2025-12-04,0.25,0.0371
2025-12-04,0.5,0.0369
2025-12-04,1,0.036
2025-12-04,2,0.0352
2025-12-04,3,0.0355
2025-12-04,5,0.0368
2025-12-04,7,0.0387
2025-12-04,10,0.0411
2025-12-04,20,0.0472
2025-12-04,30,0.0476
2025-12-05,0.0833,0.0382
2025-12-05,0.25,0.0371
2025-12-05,0.5,0.0368
2025-12-05,1,0.0361
2025-12-05,2,0.0356
2025-12-05,3,0.0359
2025-12-05,5,0.0372
2025-12-05,7,0.039
2025-12-05,10,0.0414
2025-12-05,20,0.0475
2025-12-05,30,0.0479
2025-12-08,0.0833,0.0382
2025-12-08,0.25,0.0373
2025-12-08,0.5,0.0369
2025-12-08,1,0.0361
2025-12-08,2,0.0357
2025-12-08,3,0.0359
2025-12-08,5,0.0375
2025-12-08,7,0.0394
2025-12-08,10,0.0417
2025-12-08,20,0.0478
2025-12-08,30,0.0481
2025-12-09,0.0833,0.0381
2025-12-09,0.25,0.0373
2025-12-09,0.5,0.037
2025-12-09,1,0.0363
2025-12-09,2,0.0361
2025-12-09,3,0.0362
2025-12-09,5,0.0378
2025-12-09,7,0.0396
2025-12-09,10,0.0418
2025-12-09,20,0.0477
2025-12-09,30,0.048
2025-12-10,0.0833,0.0379
2025-12-10,0.25,0.0369
2025-12-10,0.5,0.0366
2025-12-10,1,0.0358
2025-12-10,2,0.0354
2025-12-10,3,0.0356
2025-12-10,5,0.0372
2025-12-10,7,0.0392
2025-12-10,10,0.0413
2025-12-10,20,0.0474
2025-12-10,30,0.0478
2025-12-11,0.0833,0.0377
2025-12-11,0.25,0.0366
2025-12-11,0.5,0.0362
2025-12-11,1,0.0356
2025-12-11,2,0.0352
2025-12-11,3,0.0355
2025-12-11,5,0.0372
2025-12-11,7,0.0391
2025-12-11,10,0.0414
2025-12-11,20,0.0475
2025-12-11,30,0.0479
2025-12-12,0.0833,0.0376
2025-12-12,0.25,0.0363
2025-12-12,0.5,0.0358
2025-12-12,1,0.0354
2025-12-12,2,0.0352
2025-12-12,3,0.0358
2025-12-12,5,0.0375
2025-12-12,7,0.0395
2025-12-12,10,0.0419
2025-12-12,20,0.0482
2025-12-12,30,0.0485
2025-12-15,0.0833,0.0377
2025-12-15,0.25,0.0365
2025-12-15,0.5,0.036
2025-12-15,1,0.0352
2025-12-15,2,0.0351
2025-12-15,3,0.0356
2025-12-15,5,0.0373
2025-12-15,7,0.0394
2025-12-15,10,0.0418
2025-12-15,20,0.048
2025-12-15,30,0.0484
2025-12-16,0.0833,0.0376
2025-12-16,0.25,0.0364
2025-12-16,0.5,0.036
2025-12-16,1,0.0351
2025-12-16,2,0.0348
2025-12-16,3,0.0352
2025-12-16,5,0.0369
2025-12-16,7,0.039
2025-12-16,10,0.0415
2025-12-16,20,0.0477
2025-12-16,30,0.0482
2025-12-17,0.0833,0.0373
2025-12-17,0.25,0.0364
2025-12-17,0.5,0.0359
2025-12-17,1,0.0351
2025-12-17,2,0.0349
2025-12-17,3,0.0353
2025-12-17,5,0.037
2025-12-17,7,0.0391
2025-12-17,10,0.0416
2025-12-17,20,0.0478
2025-12-17,30,0.0483
2025-12-18,0.0833,0.0371
2025-12-18,0.25,0.0362
2025-12-18,0.5,0.0358
2025-12-18,1,0.0349
2025-12-18,2,0.0346
2025-12-18,3,0.035
2025-12-18,5,0.0366
2025-12-18,7,0.0387
2025-12-18,10,0.0412
2025-12-18,20,0.0474
2025-12-18,30,0.048
2025-12-19,0.0833,0.0371
2025-12-19,0.25,0.0362
2025-12-19,0.5,0.036
2025-12-19,1,0.0351
2025-12-19,2,0.0348
2025-12-19,3,0.0353
2025-12-19,5,0.037
2025-12-19,7,0.0391
2025-12-19,10,0.0416
2025-12-19,20,0.0477
2025-12-19,30,0.0482
2025-12-22,0.0833,0.0372
2025-12-22,0.25,0.0364
2025-12-22,0.5,0.036
2025-12-22,1,0.0353
2025-12-22,2,0.0344
2025-12-22,3,0.0356
2025-12-22,5,0.0371
2025-12-22,7,0.0393
2025-12-22,10,0.0417
2025-12-22,20,0.0478
2025-12-22,30,0.0484
2025-12-23,0.0833,0.0371
2025-12-23,0.25,0.0365
2025-12-23,0.5,0.0359
2025-12-23,1,0.0352
2025-12-23,2,0.0348
2025-12-23,3,0.0358
2025-12-23,5,0.0372
2025-12-23,7,0.0394
2025-12-23,10,0.0418
2025-12-23,20,0.0478
2025-12-23,30,0.0483
2025-12-24,0.0833,0.0372
2025-12-24,0.25,0.0369
2025-12-24,0.5,0.0359
2025-12-24,1,0.035
2025-12-24,2,0.0347
2025-12-24,3,0.0356
2025-12-24,5,0.037
2025-12-24,7,0.0391
2025-12-24,10,0.0415
2025-12-24,20,0.0475
2025-12-24,30,0.0479
2025-12-26,0.0833,0.037
2025-12-26,0.25,0.0364
2025-12-26,0.5,0.0358
2025-12-26,1,0.0349
2025-12-26,2,0.0346
2025-12-26,3,0.0354
2025-12-26,5,0.0368
2025-12-26,7,0.0389
2025-12-26,10,0.0414
2025-12-26,20,0.0476
2025-12-26,30,0.0481
2025-12-29,0.0833,0.0369
2025-12-29,0.25,0.0368
2025-12-29,0.5,0.0359
2025-12-29,1,0.0348
2025-12-29,2,0.0345
2025-12-29,3,0.0351
2025-12-29,5,0.0367
2025-12-29,7,0.0388
2025-12-29,10,0.0412
2025-12-29,20,0.0475
2025-12-29,30,0.048
2025-12-30,0.0833,0.0365
2025-12-30,0.25,0.0365
2025-12-30,0.5,0.0359
2025-12-30,1,0.0347
2025-12-30,2,0.0345
2025-12-30,3,0.035
2025-12-30,5,0.0368
2025-12-30,7,0.0389
2025-12-30,10,0.0414
2025-12-30,20,0.0476
2025-12-30,30,0.0481
2025-12-31,0.0833,0.0374
2025-12-31,0.25,0.0367
2025-12-31,0.5,0.0359
2025-12-31,1,0.0348
2025-12-31,2,0.0347
2025-12-31,3,0.0355
2025-12-31,5,0.0373
2025-12-31,7,0.0394
2025-12-31,10,0.0418
2025-12-31,20,0.0479
2025-12-31,30,0.0484
2026-01-02,0.0833,0.0372
2026-01-02,0.25,0.0365
2026-01-02,0.5,0.0358
2026-01-02,1,0.0347
2026-01-02,2,0.0347
2026-01-02,3,0.0355
2026-01-02,5,0.0374
2026-01-02,7,0.0395
2026-01-02,10,0.0419
2026-01-02,20,0.0481
2026-01-02,30,0.0486
2026-01-05,0.0833,0.0371
2026-01-05,0.25,0.0364
2026-01-05,0.5,0.0357
2026-01-05,1,0.0347
2026-01-05,2,0.0346
2026-01-05,3,0.0353
2026-01-05,5,0.0371
2026-01-05,7,0.0392
2026-01-05,10,0.0417
2026-01-05,20,0.0479
2026-01-05,30,0.0485
2026-01-06,0.0833,0.037
2026-01-06,0.25,0.0363
2026-01-06,0.5,0.0356
2026-01-06,1,0.0348
2026-01-06,2,0.0347
2026-01-06,3,0.0354
2026-01-06,5,0.0372
2026-01-06,7,0.0393
2026-01-06,10,0.0418
2026-01-06,20,0.048
2026-01-06,30,0.0486
2026-01-07,0.0833,0.037
2026-01-07,0.25,0.0362
2026-01-07,0.5,0.0356
2026-01-07,1,0.0348
2026-01-07,2,0.0347
2026-01-07,3,0.0353
2026-01-07,5,0.037
2026-01-07,7,0.0391
2026-01-07,10,0.0415
2026-01-07,20,0.0476
2026-01-07,30,0.0482
2026-01-08,0.0833,0.037
2026-01-08,0.25,0.0362
2026-01-08,0.5,0.0356
2026-01-08,1,0.0348
2026-01-08,2,0.0349
2026-01-08,3,0.0356
2026-01-08,5,0.0374
2026-01-08,7,0.0395
2026-01-08,10,0.0419
2026-01-08,20,0.0479
2026-01-08,30,0.0485
2026-01-09,0.0833,0.037
2026-01-09,0.25,0.0362
2026-01-09,0.5,0.0357
2026-01-09,1,0.0352
2026-01-09,2,0.0354
2026-01-09,3,0.0359
2026-01-09,5,0.0375
2026-01-09,7,0.0395
2026-01-09,10,0.0418
2026-01-09,20,0.0476
2026-01-09,30,0.0482
2026-01-12,0.0833,0.0371
2026-01-12,0.25,0.0367
2026-01-12,0.5,0.0358
2026-01-12,1,0.0353
2026-01-12,2,0.0354
2026-01-12,3,0.0359
2026-01-12,5,0.0377
2026-01-12,7,0.0397
2026-01-12,10,0.0419
2026-01-12,20,0.0478
2026-01-12,30,0.0483
2026-01-13,0.0833,0.0372
2026-01-13,0.25,0.0367
2026-01-13,0.5,0.0359
2026-01-13,1,0.0351
2026-01-13,2,0.0353
2026-01-13,3,0.0357
2026-01-13,5,0.0375
2026-01-13,7,0.0395
2026-01-13,10,0.0418
2026-01-13,20,0.0477
2026-01-13,30,0.0483
2026-01-14,0.0833,0.0372
2026-01-14,0.25,0.0367
2026-01-14,0.5,0.0358
2026-01-14,1,0.035
2026-01-14,2,0.0351
2026-01-14,3,0.0356
2026-01-14,5,0.0372
2026-01-14,7,0.0392
2026-01-14,10,0.0415
2026-01-14,20,0.0473
2026-01-14,30,0.0479
2026-01-15,0.0833,0.0375
2026-01-15,0.25,0.0368
2026-01-15,0.5,0.036
2026-01-15,1,0.0354
2026-01-15,2,0.0356
2026-01-15,3,0.0362
2026-01-15,5,0.0377
2026-01-15,7,0.0396
2026-01-15,10,0.0417
2026-01-15,20,0.0474
2026-01-15,30,0.0479
2026-01-16,0.0833,0.0375
2026-01-16,0.25,0.0367
2026-01-16,0.5,0.036
2026-01-16,1,0.0355
2026-01-16,2,0.0359
2026-01-16,3,0.0367
2026-01-16,5,0.0382
2026-01-16,7,0.0402
2026-01-16,10,0.0424
2026-01-16,20,0.0479
2026-01-16,30,0.0483
2026-01-20,0.0833,0.0375
2026-01-20,0.25,0.037
2026-01-20,0.5,0.0361
2026-01-20,1,0.0353
2026-01-20,2,0.036
2026-01-20,3,0.0368
2026-01-20,5,0.0386
2026-01-20,7,0.0408
2026-01-20,10,0.043
2026-01-20,20,0.0487
2026-01-20,30,0.0491
2026-01-21,0.0833,0.0375
2026-01-21,0.25,0.037
2026-01-21,0.5,0.0362
2026-01-21,1,0.0353
2026-01-21,2,0.036
2026-01-21,3,0.0366
2026-01-21,5,0.0383
2026-01-21,7,0.0404
2026-01-21,10,0.0426
2026-01-21,20,0.0482
2026-01-21,30,0.0487
2026-01-22,0.0833,0.0379
2026-01-22,0.25,0.0371
2026-01-22,0.5,0.0361
2026-01-22,1,0.0353
2026-01-22,2,0.0361
2026-01-22,3,0.0368
2026-01-22,5,0.0385
2026-01-22,7,0.0405
2026-01-22,10,0.0426
2026-01-22,20,0.0479
2026-01-22,30,0.0484
2026-01-23,0.0833,0.0378
2026-01-23,0.25,0.037
2026-01-23,0.5,0.0361
2026-01-23,1,0.0353
2026-01-23,2,0.036
2026-01-23,3,0.0367
2026-01-23,5,0.0384
2026-01-23,7,0.0403
2026-01-23,10,0.0424
2026-01-23,20,0.0478
2026-01-23,30,0.0482
2026-01-26,0.0833,0.0377
2026-01-26,0.25,0.0367
2026-01-26,0.5,0.0362
2026-01-26,1,0.0352
2026-01-26,2,0.0356
2026-01-26,3,0.0366
2026-01-26,5,0.0382
2026-01-26,7,0.0402
2026-01-26,10,0.0422
2026-01-26,20,0.0475
2026-01-26,30,0.048
2026-01-27,0.0833,0.0377
2026-01-27,0.25,0.0367
2026-01-27,0.5,0.0361
2026-01-27,1,0.035
2026-01-27,2,0.0353
2026-01-27,3,0.0365
2026-01-27,5,0.0381
2026-01-27,7,0.0403
2026-01-27,10,0.0424
2026-01-27,20,0.0479
2026-01-27,30,0.0483
2026-01-28,0.0833,0.0376
2026-01-28,0.25,0.0368
2026-01-28,0.5,0.0363
2026-01-28,1,0.0352
2026-01-28,2,0.0356
2026-01-28,3,0.0366
2026-01-28,5,0.0383
2026-01-28,7,0.0405
2026-01-28,10,0.0426
2026-01-28,20,0.0481
2026-01-28,30,0.0485
2026-01-29,0.0833,0.0372
2026-01-29,0.25,0.0367
2026-01-29,0.5,0.0362
2026-01-29,1,0.035
2026-01-29,2,0.0353
2026-01-29,3,0.0363
2026-01-29,5,0.038
2026-01-29,7,0.0401
2026-01-29,10,0.0424
2026-01-29,20,0.048
2026-01-29,30,0.0485
2026-01-30,0.0833,0.0372
2026-01-30,0.25,0.0367
2026-01-30,0.5,0.0361
2026-01-30,1,0.0348
2026-01-30,2,0.0352
2026-01-30,3,0.036
2026-01-30,5,0.0379
2026-01-30,7,0.0401
2026-01-30,10,0.0426
2026-01-30,20,0.0482
2026-01-30,30,0.0487
2026-02-02,0.0833,0.0372
2026-02-02,0.25,0.0369
2026-02-02,0.5,0.0362
2026-02-02,1,0.0349
2026-02-02,2,0.0357
2026-02-02,3,0.0364
2026-02-02,5,0.0383
2026-02-02,7,0.0405
2026-02-02,10,0.0429
2026-02-02,20,0.0485
2026-02-02,30,0.049
2026-02-03,0.0833,0.0372
2026-02-03,0.25,0.0369
2026-02-03,0.5,0.0362
2026-02-03,1,0.0349
2026-02-03,2,0.0357
2026-02-03,3,0.0364
2026-02-03,5,0.0383
2026-02-03,7,0.0404
2026-02-03,10,0.0428
2026-02-03,20,0.0485
2026-02-03,30,0.049
2026-02-04,0.0833,0.0372
2026-02-04,0.25,0.0369
2026-02-04,0.5,0.0362
2026-02-04,1,0.0349
2026-02-04,2,0.0357
2026-02-04,3,0.0364
2026-02-04,5,0.0383
2026-02-04,7,0.0405
2026-02-04,10,0.0429
2026-02-04,20,0.0486
2026-02-04,30,0.0491
2026-02-05,0.0833,0.0372
2026-02-05,0.25,0.0367
2026-02-05,0.5,0.0358
2026-02-05,1,0.0344
2026-02-05,2,0.0347
2026-02-05,3,0.0355
2026-02-05,5,0.0374
2026-02-05,7,0.0397
2026-02-05,10,0.0421
2026-02-05,20,0.0479
2026-02-05,30,0.0485
2026-02-06,0.0833,0.0372
2026-02-06,0.25,0.0368
2026-02-06,0.5,0.0359
2026-02-06,1,0.0345
2026-02-06,2,0.035
2026-02-06,3,0.0357
2026-02-06,5,0.0376
2026-02-06,7,0.0398
2026-02-06,10,0.0422
2026-02-06,20,0.048
2026-02-06,30,0.0485
2026-02-09,0.0833,0.0372
2026-02-09,0.25,0.0369
2026-02-09,0.5,0.0359
2026-02-09,1,0.0343
2026-02-09,2,0.0348
2026-02-09,3,0.0356
2026-02-09,5,0.0375
2026-02-09,7,0.0397
2026-02-09,10,0.0422
2026-02-09,20,0.0479
2026-02-09,30,0.0485
2026-02-10,0.0833,0.0372
2026-02-10,0.25,0.0369
2026-02-10,0.5,0.0358
2026-02-10,1,0.034
2026-02-10,2,0.0345
2026-02-10,3,0.035
2026-02-10,5,0.037
2026-02-10,7,0.0392
2026-02-10,10,0.0416
2026-02-10,20,0.0473
2026-02-10,30,0.0478
2026-02-11,0.0833,0.0371
2026-02-11,0.25,0.037
2026-02-11,0.5,0.036
2026-02-11,1,0.0347
2026-02-11,2,0.0352
2026-02-11,3,0.0355
2026-02-11,5,0.0375
2026-02-11,7,0.0396
2026-02-11,10,0.0418
2026-02-11,20,0.0476
2026-02-11,30,0.0482
2026-02-12,0.0833,0.0372
2026-02-12,0.25,0.037
2026-02-12,0.5,0.0358
2026-02-12,1,0.0345
2026-02-12,2,0.0347
2026-02-12,3,0.0349
2026-02-12,5,0.0367
2026-02-12,7,0.0387
2026-02-12,10,0.0409
2026-02-12,20,0.0468
2026-02-12,30,0.0472
2026-02-13,0.0833,0.0372
2026-02-13,0.25,0.0368
2026-02-13,0.5,0.0359
2026-02-13,1,0.0342
2026-02-13,2,0.034
2026-02-13,3,0.0343
2026-02-13,5,0.0361
2026-02-13,7,0.0381
2026-02-13,10,0.0404
2026-02-13,20,0.0464
2026-02-13,30,0.0469
2026-02-17,0.0833,0.0372
2026-02-17,0.25,0.0369
2026-02-17,0.5,0.0359
2026-02-17,1,0.0348
2026-02-17,2,0.0343
2026-02-17,3,0.0347
2026-02-17,5,0.0363
2026-02-17,7,0.0382
2026-02-17,10,0.0405
2026-02-17,20,0.0463
2026-02-17,30,0.0468
2026-02-18,0.0833,0.0371
2026-02-18,0.25,0.037
2026-02-18,0.5,0.036
2026-02-18,1,0.0349
2026-02-18,2,0.0347
2026-02-18,3,0.035
2026-02-18,5,0.0366
2026-02-18,7,0.0386
2026-02-18,10,0.0409
2026-02-18,20,0.0465
2026-02-18,30,0.0471
2026-02-19,0.0833,0.0372
2026-02-19,0.25,0.0369
2026-02-19,0.5,0.036
2026-02-19,1,0.035
2026-02-19,2,0.0347
2026-02-19,3,0.035
2026-02-19,5,0.0365
2026-02-19,7,0.0385
2026-02-19,10,0.0408
2026-02-19,20,0.0464
2026-02-19,30,0.047
2026-02-20,0.0833,0.0372
2026-02-20,0.25,0.0369
2026-02-20,0.5,0.0361
2026-02-20,1,0.0351
2026-02-20,2,0.0348
2026-02-20,3,0.035
2026-02-20,5,0.0365
2026-02-20,7,0.0385
2026-02-20,10,0.0408
2026-02-20,20,0.0466
2026-02-20,30,0.0472
2026-02-23,0.0833,0.0372
2026-02-23,0.25,0.0369
2026-02-23,0.5,0.0362
2026-02-23,1,0.035
2026-02-23,2,0.0343
2026-02-23,3,0.0345
2026-02-23,5,0.0359
2026-02-23,7,0.0379
2026-02-23,10,0.0403
2026-02-23,20,0.0463
2026-02-23,30,0.047
2026-02-24,0.0833,0.0372
2026-02-24,0.25,0.0369
2026-02-24,0.5,0.0362
2026-02-24,1,0.0352
2026-02-24,2,0.0343
2026-02-24,3,0.0347
2026-02-24,5,0.0361
2026-02-24,7,0.0381
2026-02-24,10,0.0404
2026-02-24,20,0.0463
2026-02-24,30,0.047
2026-02-25,0.0833,0.0371
2026-02-25,0.25,0.0369
2026-02-25,0.5,0.0362
2026-02-25,1,0.0353
2026-02-25,2,0.0345
2026-02-25,3,0.0349
2026-02-25,5,0.0361
2026-02-25,7,0.0382
2026-02-25,10,0.0405
2026-02-25,20,0.0463
2026-02-25,30,0.047
2026-02-26,0.0833,0.0374
2026-02-26,0.25,0.0368
2026-02-26,0.5,0.0361
2026-02-26,1,0.0352
2026-02-26,2,0.0342
2026-02-26,3,0.0346
2026-02-26,5,0.0357
2026-02-26,7,0.0378
2026-02-26,10,0.0402
2026-02-26,20,0.046
2026-02-26,30,0.0467
2026-02-27,0.0833,0.0374
2026-02-27,0.25,0.0367
2026-02-27,0.5,0.036
2026-02-27,1,0.0348
2026-02-27,2,0.0338
2026-02-27,3,0.0339
2026-02-27,5,0.0351
2026-02-27,7,0.0372
2026-02-27,10,0.0397
2026-02-27,20,0.0457
2026-02-27,30,0.0464
2026-03-02,0.0833,0.0374
2026-03-02,0.25,0.0372
2026-03-02,0.5,0.0368
2026-03-02,1,0.0354
2026-03-02,2,0.0347
2026-03-02,3,0.0349
2026-03-02,5,0.0362
2026-03-02,7,0.0382
2026-03-02,10,0.0405
2026-03-02,20,0.0464
2026-03-02,30,0.047
2026-03-03,0.0833,0.0375
2026-03-03,0.25,0.0371
2026-03-03,0.5,0.0368
2026-03-03,1,0.0355
2026-03-03,2,0.0351
2026-03-03,3,0.035
2026-03-03,5,0.0363
2026-03-03,7,0.0383
2026-03-03,10,0.0406
2026-03-03,20,0.0465
2026-03-03,30,0.047
2026-03-04,0.0833,0.0375
2026-03-04,0.25,0.0371
2026-03-04,0.5,0.0368
2026-03-04,1,0.0358
2026-03-04,2,0.0354
2026-03-04,3,0.0355
2026-03-04,5,0.0367
2026-03-04,7,0.0387
2026-03-04,10,0.0409
2026-03-04,20,0.0467
2026-03-04,30,0.0472
2026-03-05,0.0833,0.0375
2026-03-05,0.25,0.037
2026-03-05,0.5,0.0368
2026-03-05,1,0.0359
2026-03-05,2,0.0357
2026-03-05,3,0.0359
2026-03-05,5,0.0372
2026-03-05,7,0.0392
2026-03-05,10,0.0413
2026-03-05,20,0.0471
2026-03-05,30,0.0474
2026-03-06,0.0833,0.0375
2026-03-06,0.25,0.0369
2026-03-06,0.5,0.0366
2026-03-06,1,0.0355
2026-03-06,2,0.0356
2026-03-06,3,0.0359
2026-03-06,5,0.0372
2026-03-06,7,0.0393
2026-03-06,10,0.0415
2026-03-06,20,0.0474
2026-03-06,30,0.0477
2026-03-09,0.0833,0.0375
2026-03-09,0.25,0.0371
2026-03-09,0.5,0.0368
2026-03-09,1,0.0356
2026-03-09,2,0.0356
2026-03-09,3,0.0358
2026-03-09,5,0.0371
2026-03-09,7,0.039
2026-03-09,10,0.0412
2026-03-09,20,0.047
2026-03-09,30,0.0472
2026-03-10,0.0833,0.0375
2026-03-10,0.25,0.0371
2026-03-10,0.5,0.0368
2026-03-10,1,0.0356
2026-03-10,2,0.0357
2026-03-10,3,0.0358
2026-03-10,5,0.0373
2026-03-10,7,0.0393
2026-03-10,10,0.0415
2026-03-10,20,0.0474
2026-03-10,30,0.0478
2026-03-11,0.0833,0.0375
2026-03-11,0.25,0.0371
2026-03-11,0.5,0.0368
2026-03-11,1,0.036
2026-03-11,2,0.0364
2026-03-11,3,0.0364
2026-03-11,5,0.0379
2026-03-11,7,0.0398
2026-03-11,10,0.0421
2026-03-11,20,0.0482
2026-03-11,30,0.0486
2026-03-12,0.0833,0.0376
2026-03-12,0.25,0.0372
2026-03-12,0.5,0.037
2026-03-12,1,0.0366
2026-03-12,2,0.0376
2026-03-12,3,0.0375
2026-03-12,5,0.0388
2026-03-12,7,0.0406
2026-03-12,10,0.0427
2026-03-12,20,0.0486
2026-03-12,30,0.0488
2026-03-13,0.0833,0.0375
2026-03-13,0.25,0.0372
2026-03-13,0.5,0.037
2026-03-13,1,0.0366
2026-03-13,2,0.0373
2026-03-13,3,0.0374
2026-03-13,5,0.0387
2026-03-13,7,0.0407
2026-03-13,10,0.0428
2026-03-13,20,0.0489
2026-03-13,30,0.049
2026-03-16,0.0833,0.0375
2026-03-16,0.25,0.0372
2026-03-16,0.5,0.0372
2026-03-16,1,0.0364
2026-03-16,2,0.0368
2026-03-16,3,0.0369
2026-03-16,5,0.038
2026-03-16,7,0.04
2026-03-16,10,0.0423
2026-03-16,20,0.0483
2026-03-16,30,0.0486
2026-03-17,0.0833,0.0374
2026-03-17,0.25,0.0372
2026-03-17,0.5,0.0371
2026-03-17,1,0.0363
2026-03-17,2,0.0368
2026-03-17,3,0.0368
2026-03-17,5,0.0379
2026-03-17,7,0.0398
2026-03-17,10,0.042
2026-03-17,20,0.0481
2026-03-17,30,0.0485
2026-03-18,0.0833,0.0373
2026-03-18,0.25,0.0373
2026-03-18,0.5,0.0374
2026-03-18,1,0.0368
2026-03-18,2,0.0376
2026-03-18,3,0.0376
2026-03-18,5,0.0387
2026-03-18,7,0.0405
2026-03-18,10,0.0426
2026-03-18,20,0.0484
2026-03-18,30,0.0488
2026-03-19,0.0833,0.0373
2026-03-19,0.25,0.0373
2026-03-19,0.5,0.0376
2026-03-19,1,0.0373
2026-03-19,2,0.0379
2026-03-19,3,0.0379
2026-03-19,5,0.0388
2026-03-19,7,0.0406
2026-03-19,10,0.0425
2026-03-19,20,0.0482
2026-03-19,30,0.0483
2026-03-20,0.0833,0.0373
2026-03-20,0.25,0.0374
2026-03-20,0.5,0.0379
2026-03-20,1,0.038
2026-03-20,2,0.0388
2026-03-20,3,0.039
2026-03-20,5,0.0401
2026-03-20,7,0.042
2026-03-20,10,0.0439
2026-03-20,20,0.0497
2026-03-20,30,0.0496
2026-03-23,0.0833,0.0373
2026-03-23,0.25,0.0374
2026-03-23,0.5,0.0377
2026-03-23,1,0.0376
2026-03-23,2,0.0383
2026-03-23,3,0.0385
2026-03-23,5,0.0395
2026-03-23,7,0.0415
2026-03-23,10,0.0434
2026-03-23,20,0.0493
2026-03-23,30,0.0491
2026-03-24,0.0833,0.0374
2026-03-24,0.25,0.0374
2026-03-24,0.5,0.0378
2026-03-24,1,0.0381
2026-03-24,2,0.039
2026-03-24,3,0.0393
2026-03-24,5,0.0403
2026-03-24,7,0.0421
2026-03-24,10,0.0439
2026-03-24,20,0.0495
2026-03-24,30,0.0494
2026-03-25,0.0833,0.0373
2026-03-25,0.25,0.0373
2026-03-25,0.5,0.0376
2026-03-25,1,0.0377
2026-03-25,2,0.0384
2026-03-25,3,0.0388
2026-03-25,5,0.0396
2026-03-25,7,0.0415
2026-03-25,10,0.0433
2026-03-25,20,0.049
2026-03-25,30,0.0489
2026-03-26,0.0833,0.0374
2026-03-26,0.25,0.0373
2026-03-26,0.5,0.0377
2026-03-26,1,0.0383
2026-03-26,2,0.0396
2026-03-26,3,0.04
2026-03-26,5,0.0408
2026-03-26,7,0.0425
2026-03-26,10,0.0442
2026-03-26,20,0.0496
2026-03-26,30,0.0493
2026-03-27,0.0833,0.0374
2026-03-27,0.25,0.0373
2026-03-27,0.5,0.0375
2026-03-27,1,0.0377
2026-03-27,2,0.0388
2026-03-27,3,0.0394
2026-03-27,5,0.0406
2026-03-27,7,0.0425
2026-03-27,10,0.0444
2026-03-27,20,0.0499
2026-03-27,30,0.0498
2026-03-30,0.0833,0.0374
2026-03-30,0.25,0.0371
2026-03-30,0.5,0.0373
2026-03-30,1,0.0371
2026-03-30,2,0.0382
2026-03-30,3,0.0385
2026-03-30,5,0.0397
2026-03-30,7,0.0416
2026-03-30,10,0.0435
2026-03-30,20,0.0492
2026-03-30,30,0.0491
2026-03-31,0.0833,0.0374
2026-03-31,0.25,0.037
2026-03-31,0.5,0.0372
2026-03-31,1,0.0368
2026-03-31,2,0.0379
2026-03-31,3,0.0381
2026-03-31,5,0.0392
2026-03-31,7,0.0411
2026-03-31,10,0.043
2026-03-31,20,0.0488
2026-03-31,30,0.0488
2026-04-01,0.0833,0.0374
2026-04-01,0.25,0.037
2026-04-01,0.5,0.0372
2026-04-01,1,0.0368
2026-04-01,2,0.0381
2026-04-01,3,0.0384
2026-04-01,5,0.0397
2026-04-01,7,0.0415
2026-04-01,10,0.0433
2026-04-01,20,0.0491
2026-04-01,30,0.0491
2026-04-02,0.0833,0.0372
2026-04-02,0.25,0.037
2026-04-02,0.5,0.0372
2026-04-02,1,0.0368
2026-04-02,2,0.0379
2026-04-02,3,0.0382
2026-04-02,5,0.0394
2026-04-02,7,0.0412
2026-04-02,10,0.0431
2026-04-02,20,0.0488
2026-04-02,30,0.0488
2026-04-03,0.0833,0.0371
2026-04-03,0.25,0.0371
2026-04-03,0.5,0.0373
2026-04-03,1,0.0372
2026-04-03,2,0.0384
2026-04-03,3,0.0388
2026-04-03,5,0.0399
2026-04-03,7,0.0417
2026-04-03,10,0.0435
2026-04-03,20,0.0491
2026-04-03,30,0.0491
2026-04-06,0.0833,0.0372
2026-04-06,0.25,0.0372
2026-04-06,0.5,0.0374
2026-04-06,1,0.0372
2026-04-06,2,0.0384
2026-04-06,3,0.0388
2026-04-06,5,0.0398
2026-04-06,7,0.0416
2026-04-06,10,0.0434
2026-04-06,20,0.0489
2026-04-06,30,0.0489
2026-04-07,0.0833,0.0368
2026-04-07,0.25,0.0371
2026-04-07,0.5,0.0373
2026-04-07,1,0.0368
2026-04-07,2,0.0381
2026-04-07,3,0.0382
2026-04-07,5,0.0395
2026-04-07,7,0.0413
2026-04-07,10,0.0433
2026-04-07,20,0.049
2026-04-07,30,0.049
2026-04-08,0.0833,0.0367
2026-04-08,0.25,0.0369
2026-04-08,0.5,0.0373
2026-04-08,1,0.0369
2026-04-08,2,0.0379
2026-04-08,3,0.0378
2026-04-08,5,0.0392
2026-04-08,7,0.041
2026-04-08,10,0.0429
2026-04-08,20,0.0487
2026-04-08,30,0.0489
2026-04-09,0.0833,0.0366
2026-04-09,0.25,0.0368
2026-04-09,0.5,0.0371
2026-04-09,1,0.0368
2026-04-09,2,0.0378
2026-04-09,3,0.0377
2026-04-09,5,0.0391
2026-04-09,7,0.041
2026-04-09,10,0.0429
2026-04-09,20,0.0488
2026-04-09,30,0.049
2026-04-10,0.0833,0.0367
2026-04-10,0.25,0.0369
2026-04-10,0.5,0.0372
2026-04-10,1,0.037
2026-04-10,2,0.0381
2026-04-10,3,0.038
2026-04-10,5,0.0394
2026-04-10,7,0.0412
2026-04-10,10,0.0431
2026-04-10,20,0.0489
2026-04-10,30,0.0491
2026-04-13,0.0833,0.0369
2026-04-13,0.25,0.0371
2026-04-13,0.5,0.0374
2026-04-13,1,0.037
2026-04-13,2,0.0378
2026-04-13,3,0.0379
2026-04-13,5,0.0392
2026-04-13,7,0.041
2026-04-13,10,0.043
2026-04-13,20,0.0488
2026-04-13,30,0.049
2026-04-14,0.0833,0.0371
2026-04-14,0.25,0.0371
2026-04-14,0.5,0.0373
2026-04-14,1,0.0371
2026-04-14,2,0.0376
2026-04-14,3,0.0376
2026-04-14,5,0.0387
2026-04-14,7,0.0406
2026-04-14,10,0.0426
2026-04-14,20,0.0484
2026-04-14,30,0.0487
2026-04-15,0.0833,0.0372
2026-04-15,0.25,0.0371
2026-04-15,0.5,0.0372
2026-04-15,1,0.037
2026-04-15,2,0.0376
2026-04-15,3,0.0379
2026-04-15,5,0.039
2026-04-15,7,0.0408
2026-04-15,10,0.0429
2026-04-15,20,0.0487
2026-04-15,30,0.0489
2026-04-16,0.0833,0.0369
2026-04-16,0.25,0.037
2026-04-16,0.5,0.0371
2026-04-16,1,0.0369
2026-04-16,2,0.0378
2026-04-16,3,0.038
2026-04-16,5,0.0391
2026-04-16,7,0.041
2026-04-16,10,0.0432
2026-04-16,20,0.049
2026-04-16,30,0.0493
2026-04-17,0.0833,0.0369
2026-04-17,0.25,0.037
2026-04-17,0.5,0.0369
2026-04-17,1,0.0364
2026-04-17,2,0.0371
2026-04-17,3,0.0372
2026-04-17,5,0.0384
2026-04-17,7,0.0404
2026-04-17,10,0.0426
2026-04-17,20,0.0485
2026-04-17,30,0.0488
2026-04-20,0.0833,0.0369
2026-04-20,0.25,0.0371
2026-04-20,0.5,0.0372
2026-04-20,1,0.0365
2026-04-20,2,0.0372
2026-04-20,3,0.0373
2026-04-20,5,0.0386
2026-04-20,7,0.0404
2026-04-20,10,0.0426
2026-04-20,20,0.0485
2026-04-20,30,0.0488
2026-04-21,0.0833,0.0367
2026-04-21,0.25,0.0369
2026-04-21,0.5,0.0373
2026-04-21,1,0.0369
2026-04-21,2,0.0378
2026-04-21,3,0.038
2026-04-21,5,0.0391
2026-04-21,7,0.0409
2026-04-21,10,0.043
2026-04-21,20,0.0487
2026-04-21,30,0.0489
2026-04-22,0.0833,0.0368
2026-04-22,0.25,0.0369
2026-04-22,0.5,0.0372
2026-04-22,1,0.0369
2026-04-22,2,0.0379
2026-04-22,3,0.0381
2026-04-22,5,0.0391
2026-04-22,7,0.041
2026-04-22,10,0.043
2026-04-22,20,0.0487
2026-04-22,30,0.049
2026-04-23,0.0833,0.0369
2026-04-23,0.25,0.0369
2026-04-23,0.5,0.0372
2026-04-23,1,0.037
2026-04-23,2,0.0383
2026-04-23,3,0.0384
2026-04-23,5,0.0396
2026-04-23,7,0.0413
2026-04-23,10,0.0434
2026-04-23,20,0.049
2026-04-23,30,0.0492
2026-04-24,0.0833,0.0369
2026-04-24,0.25,0.0369
2026-04-24,0.5,0.0371
2026-04-24,1,0.0367
2026-04-24,2,0.0378
2026-04-24,3,0.038
2026-04-24,5,0.0392
2026-04-24,7,0.041
2026-04-24,10,0.0431
2026-04-24,20,0.0488
2026-04-24,30,0.0491
2026-04-27,0.0833,0.037
2026-04-27,0.25,0.0368
2026-04-27,0.5,0.0372
2026-04-27,1,0.0369
2026-04-27,2,0.0378
2026-04-27,3,0.0383
2026-04-27,5,0.0394
2026-04-27,7,0.0414
2026-04-27,10,0.0435
2026-04-27,20,0.0492
2026-04-27,30,0.0494
2026-04-28,0.0833,0.0368
2026-04-28,0.25,0.0368
2026-04-28,0.5,0.0372
2026-04-28,1,0.0371
2026-04-28,2,0.0384
2026-04-28,3,0.0386
2026-04-28,5,0.0397
2026-04-28,7,0.0416
2026-04-28,10,0.0436
2026-04-28,20,0.0492
2026-04-28,30,0.0494
2026-04-29,0.0833,0.0368
2026-04-29,0.25,0.0368
2026-04-29,0.5,0.0373
2026-04-29,1,0.0375
2026-04-29,2,0.0392
2026-04-29,3,0.0394
2026-04-29,5,0.0405
2026-04-29,7,0.0423
2026-04-29,10,0.0442
2026-04-29,20,0.0497
2026-04-29,30,0.0498
2026-04-30,0.0833,0.0372
2026-04-30,0.25,0.0368
2026-04-30,0.5,0.0371
2026-04-30,1,0.0372
2026-04-30,2,0.0388
2026-04-30,3,0.0391
2026-04-30,5,0.0402
2026-04-30,7,0.042
2026-04-30,10,0.044
2026-04-30,20,0.0497
2026-04-30,30,0.0498
2026-05-01,0.0833,0.0371
2026-05-01,0.25,0.0368
2026-05-01,0.5,0.0371
2026-05-01,1,0.0373
2026-05-01,2,0.0388
2026-05-01,3,0.0391
2026-05-01,5,0.0402
2026-05-01,7,0.042
2026-05-01,10,0.0439
2026-05-01,20,0.0496
2026-05-01,30,0.0497
2026-05-04,0.0833,0.0371
2026-05-04,0.25,0.037
2026-05-04,0.5,0.0376
2026-05-04,1,0.0378
2026-05-04,2,0.0395
2026-05-04,3,0.0398
2026-05-04,5,0.0408
2026-05-04,7,0.0426
2026-05-04,10,0.0445
2026-05-04,20,0.0501
2026-05-04,30,0.0502
2026-05-05,0.0833,0.037
2026-05-05,0.25,0.0369
2026-05-05,0.5,0.0375
2026-05-05,1,0.0377
2026-05-05,2,0.0393
2026-05-05,3,0.0397
2026-05-05,5,0.0408
2026-05-05,7,0.0425
2026-05-05,10,0.0443
2026-05-05,20,0.0498
2026-05-05,30,0.0498
2026-05-06,0.0833,0.037
2026-05-06,0.25,0.0369
2026-05-06,0.5,0.0374
2026-05-06,1,0.0373
2026-05-06,2,0.0387
2026-05-06,3,0.0389
2026-05-06,5,0.0399
2026-05-06,7,0.0417
2026-05-06,10,0.0436
2026-05-06,20,0.0492
2026-05-06,30,0.0494
2026-05-07,0.0833,0.0372
2026-05-07,0.25,0.0369
2026-05-07,0.5,0.0374
2026-05-07,1,0.0376
2026-05-07,2,0.0392
2026-05-07,3,0.0394
2026-05-07,5,0.0404
2026-05-07,7,0.0422
2026-05-07,10,0.0441
2026-05-07,20,0.0496
2026-05-07,30,0.0497
2026-05-08,0.0833,0.0371
2026-05-08,0.25,0.0369
2026-05-08,0.5,0.0374
2026-05-08,1,0.0375
2026-05-08,2,0.039
2026-05-08,3,0.0392
2026-05-08,5,0.0402
2026-05-08,7,0.0419
2026-05-08,10,0.0438
2026-05-08,20,0.0493
2026-05-08,30,0.0495
2026-05-11,0.0833,0.0371
2026-05-11,0.25,0.037
2026-05-11,0.5,0.0377
2026-05-11,1,0.0379
2026-05-11,2,0.0395
2026-05-11,3,0.0396
2026-05-11,5,0.0407
2026-05-11,7,0.0424
2026-05-11,10,0.0442
2026-05-11,20,0.0497
2026-05-11,30,0.0498
2026-05-12,0.0833,0.0371
2026-05-12,0.25,0.037
2026-05-12,0.5,0.0377
2026-05-12,1,0.038
2026-05-12,2,0.04
2026-05-12,3,0.0401
2026-05-12,5,0.0412
2026-05-12,7,0.0429
2026-05-12,10,0.0446
2026-05-12,20,0.0502
2026-05-12,30,0.0503
2026-05-13,0.0833,0.0371
2026-05-13,0.25,0.0369
2026-05-13,0.5,0.0377
2026-05-13,1,0.0379
2026-05-13,2,0.0398
2026-05-13,3,0.04
2026-05-13,5,0.0412
2026-05-13,7,0.0428
2026-05-13,10,0.0446
2026-05-13,20,0.0503
2026-05-13,30,0.0503
2026-05-14,0.0833,0.0372
2026-05-14,0.25,0.0369
2026-05-14,0.5,0.0376
2026-05-14,1,0.0379
2026-05-14,2,0.04
2026-05-14,3,0.0404
2026-05-14,5,0.0413
2026-05-14,7,0.0429
2026-05-14,10,0.0447
2026-05-14,20,0.0501
2026-05-14,30,0.0502
2026-05-15,0.0833,0.0371
2026-05-15,0.25,0.0369
2026-05-15,0.5,0.0377
2026-05-15,1,0.0382
2026-05-15,2,0.0409
2026-05-15,3,0.0414
2026-05-15,5,0.0426
2026-05-15,7,0.0443
2026-05-15,10,0.0459
2026-05-15,20,0.0514
2026-05-15,30,0.0512
2026-05-18,0.0833,0.0369
2026-05-18,0.25,0.0368
2026-05-18,0.5,0.0377
2026-05-18,1,0.0381
2026-05-18,2,0.0407
2026-05-18,3,0.0414
2026-05-18,5,0.0427
2026-05-18,7,0.0443
2026-05-18,10,0.0461
2026-05-18,20,0.0514
2026-05-18,30,0.0514
2026-05-19,0.0833,0.0366
2026-05-19,0.25,0.0367
2026-05-19,0.5,0.0377
2026-05-19,1,0.0383
2026-05-19,2,0.0413
2026-05-19,3,0.042
2026-05-19,5,0.0432
2026-05-19,7,0.045
2026-05-19,10,0.0467
2026-05-19,20,0.0519
2026-05-19,30,0.0518
2026-05-20,0.0833,0.0365
2026-05-20,0.25,0.0365
2026-05-20,0.5,0.0375
2026-05-20,1,0.0379
2026-05-20,2,0.0404
2026-05-20,3,0.0411
2026-05-20,5,0.0422
2026-05-20,7,0.0439
2026-05-20,10,0.0457
2026-05-20,20,0.051
2026-05-20,30,0.0511
2026-05-21,0.0833,0.0372
2026-05-21,0.25,0.0368
2026-05-21,0.5,0.0378
2026-05-21,1,0.0383
2026-05-21,2,0.0408
2026-05-21,3,0.0413
2026-05-21,5,0.0425
2026-05-21,7,0.0441
2026-05-21,10,0.0457
2026-05-21,20,0.0509
2026-05-21,30,0.051
2026-05-22,0.0833,0.0372
2026-05-22,0.25,0.0368
2026-05-22,0.5,0.0379
2026-05-22,1,0.0386
2026-05-22,2,0.0413
2026-05-22,3,0.0418
2026-05-22,5,0.0427
2026-05-22,7,0.0441
2026-05-22,10,0.0456
2026-05-22,20,0.0506
2026-05-22,30,0.0507
2026-05-26,0.0833,0.0372
2026-05-26,0.25,0.0368
2026-05-26,0.5,0.038
2026-05-26,1,0.0382
2026-05-26,2,0.0401
2026-05-26,3,0.041
2026-05-26,5,0.0419
2026-05-26,7,0.0433
2026-05-26,10,0.045
2026-05-26,20,0.0503
2026-05-26,30,0.0503
2026-05-27,0.0833,0.0372
2026-05-27,0.25,0.0368
2026-05-27,0.5,0.0379
2026-05-27,1,0.038
2026-05-27,2,0.04
2026-05-27,3,0.0409
2026-05-27,5,0.0417
2026-05-27,7,0.0432
2026-05-27,10,0.0448
2026-05-27,20,0.0501
2026-05-27,30,0.0501
2026-05-28,0.0833,0.0372
2026-05-28,0.25,0.0369
2026-05-28,0.5,0.0379
2026-05-28,1,0.038
2026-05-28,2,0.0399
2026-05-28,3,0.0407
2026-05-28,5,0.0415
2026-05-28,7,0.0429
2026-05-28,10,0.0445
2026-05-28,20,0.0498
2026-05-28,30,0.0498
2026-05-29,0.0833,0.0372
2026-05-29,0.25,0.0369
2026-05-29,0.5,0.0378
2026-05-29,1,0.0379
2026-05-29,2,0.0398
2026-05-29,3,0.0406
2026-05-29,5,0.0413
2026-05-29,7,0.0427
2026-05-29,10,0.0445
2026-05-29,20,0.0498
2026-05-29,30,0.0499
2026-06-01,0.0833,0.0372
2026-06-01,0.25,0.0378
2026-06-01,0.5,0.0379
2026-06-01,1,0.0383
2026-06-01,2,0.0405
2026-06-01,3,0.0409
2026-06-01,5,0.0418
2026-06-01,7,0.0432
2026-06-01,10,0.0447
2026-06-01,20,0.0499
2026-06-01,30,0.0499
2026-06-02,0.0833,0.0372
2026-06-02,0.25,0.0377
2026-06-02,0.5,0.0378
2026-06-02,1,0.0382
2026-06-02,2,0.0405
2026-06-02,3,0.0409
2026-06-02,5,0.0417
2026-06-02,7,0.0431
2026-06-02,10,0.0446
2026-06-02,20,0.0497
2026-06-02,30,0.0497
2026-06-03,0.0833,0.0371
2026-06-03,0.25,0.0378
2026-06-03,0.5,0.0378
2026-06-03,1,0.0384
2026-06-03,2,0.0408
2026-06-03,3,0.0414
2026-06-03,5,0.0421
2026-06-03,7,0.0434
2026-06-03,10,0.0449
2026-06-03,20,0.05
2026-06-03,30,0.0499
2026-06-04,0.0833,0.0371
2026-06-04,0.25,0.0378
2026-06-04,0.5,0.0378
2026-06-04,1,0.0382
2026-06-04,2,0.0405
2026-06-04,3,0.041
2026-06-04,5,0.0418
2026-06-04,7,0.0432
2026-06-04,10,0.0447
2026-06-04,20,0.0498
2026-06-04,30,0.0497
2026-06-05,0.0833,0.0371
2026-06-05,0.25,0.0378
2026-06-05,0.5,0.0381
2026-06-05,1,0.0388
2026-06-05,2,0.0417
2026-06-05,3,0.0422
2026-06-05,5,0.0429
2026-06-05,7,0.0441
2026-06-05,10,0.0455
2026-06-05,20,0.0503
2026-06-05,30,0.0501
2026-06-08,0.0833,0.037
2026-06-08,0.25,0.038
2026-06-08,0.5,0.0383
2026-06-08,1,0.0385
2026-06-08,2,0.0415
2026-06-08,3,0.0421
2026-06-08,5,0.0429
2026-06-08,7,0.0442
2026-06-08,10,0.0456
2026-06-08,20,0.0505
2026-06-08,30,0.0503
2026-06-09,0.0833,0.0369
2026-06-09,0.25,0.0379
2026-06-09,0.5,0.0382
2026-06-09,1,0.039
2026-06-09,2,0.0413
2026-06-09,3,0.0416
2026-06-09,5,0.0426
2026-06-09,7,0.0439
2026-06-09,10,0.0453
2026-06-09,20,0.0502
2026-06-09,30,0.0501
2026-06-10,0.0833,0.0369
2026-06-10,0.25,0.0379
2026-06-10,0.5,0.0382
2026-06-10,1,0.039
2026-06-10,2,0.0413
2026-06-10,3,0.0417
2026-06-10,5,0.0427
2026-06-10,7,0.044
2026-06-10,10,0.0455
2026-06-10,20,0.0504
2026-06-10,30,0.0503
2026-06-11,0.0833,0.0369
2026-06-11,0.25,0.0378
2026-06-11,0.5,0.0381
2026-06-11,1,0.0385
2026-06-11,2,0.0405
2026-06-11,3,0.0409
2026-06-11,5,0.0418
2026-06-11,7,0.0431
2026-06-11,10,0.0445
2026-06-11,20,0.0496
2026-06-11,30,0.0495
2026-06-12,0.0833,0.0369
2026-06-12,0.25,0.0378
2026-06-12,0.5,0.0382
2026-06-12,1,0.0386
2026-06-12,2,0.0409
2026-06-12,3,0.0412
2026-06-12,5,0.0421
2026-06-12,7,0.0434
2026-06-12,10,0.0448
2026-06-12,20,0.0498
2026-06-12,30,0.0497
2026-06-15,0.0833,0.0369
2026-06-15,0.25,0.0379
2026-06-15,0.5,0.0381
2026-06-15,1,0.0384
2026-06-15,2,0.0407
2026-06-15,3,0.041
2026-06-15,5,0.0418
2026-06-15,7,0.0432
2026-06-15,10,0.0447
2026-06-15,20,0.0497
2026-06-15,30,0.0497
2026-06-16,0.0833,0.0367
2026-06-16,0.25,0.0379
2026-06-16,0.5,0.0381
2026-06-16,1,0.0384
2026-06-16,2,0.0405
2026-06-16,3,0.0408
2026-06-16,5,0.0416
2026-06-16,7,0.0428
2026-06-16,10,0.0443
2026-06-16,20,0.0492
2026-06-16,30,0.0493
2026-06-17,0.0833,0.0368
2026-06-17,0.25,0.0383
2026-06-17,0.5,0.0391
2026-06-17,1,0.0398
2026-06-17,2,0.042
2026-06-17,3,0.0423
2026-06-17,5,0.0427
2026-06-17,7,0.0437
2026-06-17,10,0.0449
2026-06-17,20,0.0495
2026-06-17,30,0.0493
2026-06-18,0.0833,0.0369
2026-06-18,0.25,0.0383
2026-06-18,0.5,0.0392
2026-06-18,1,0.04
2026-06-18,2,0.0419
2026-06-18,3,0.0419
2026-06-18,5,0.0423
2026-06-18,7,0.0434
2026-06-18,10,0.0446
2026-06-18,20,0.0491
2026-06-18,30,0.049
2026-06-22,0.0833,0.0366
2026-06-22,0.25,0.0385
2026-06-22,0.5,0.0398
2026-06-22,1,0.0404
2026-06-22,2,0.0424
2026-06-22,3,0.0425
2026-06-22,5,0.0429
2026-06-22,7,0.0439
2026-06-22,10,0.0451
2026-06-22,20,0.0497
2026-06-22,30,0.0495
2026-06-23,0.0833,0.0365
2026-06-23,0.25,0.0385
2026-06-23,0.5,0.0396
2026-06-23,1,0.0401
2026-06-23,2,0.0416
2026-06-23,3,0.0422
2026-06-23,5,0.0427
2026-06-23,7,0.0438
2026-06-23,10,0.045
2026-06-23,20,0.0496
2026-06-23,30,0.0494
2026-06-24,0.0833,0.0366
2026-06-24,0.25,0.0385
2026-06-24,0.5,0.0395
2026-06-24,1,0.0399
2026-06-24,2,0.0411
2026-06-24,3,0.0415
2026-06-24,5,0.0417
2026-06-24,7,0.0428
2026-06-24,10,0.0441
2026-06-24,20,0.0487
2026-06-24,30,0.0486
2026-06-25,0.0833,0.037
2026-06-25,0.25,0.0384
2026-06-25,0.5,0.0395
2026-06-25,1,0.0396
2026-06-25,2,0.0409
2026-06-25,3,0.0413
2026-06-25,5,0.0415
2026-06-25,7,0.0426
2026-06-25,10,0.044
2026-06-25,20,0.0487
2026-06-25,30,0.0486
2026-06-26,0.0833,0.037
2026-06-26,0.25,0.0383
2026-06-26,0.5,0.0394
2026-06-26,1,0.0394
2026-06-26,2,0.0407
2026-06-26,3,0.0409
2026-06-26,5,0.0412
2026-06-26,7,0.0423
2026-06-26,10,0.0438
2026-06-26,20,0.0487
2026-06-26,30,0.0487
2026-06-29,0.0833,0.0371
2026-06-29,0.25,0.0387
2026-06-29,0.5,0.04
2026-06-29,1,0.0397
2026-06-29,2,0.041
2026-06-29,3,0.041
2026-06-29,5,0.0414
2026-06-29,7,0.0424
2026-06-29,10,0.0438
2026-06-29,20,0.0486
2026-06-29,30,0.0486
2026-06-30,0.0833,0.037
2026-06-30,0.25,0.0387
2026-06-30,0.5,0.0401
2026-06-30,1,0.0398
2026-06-30,2,0.0414
2026-06-30,3,0.0415
2026-06-30,5,0.0419
2026-06-30,7,0.043
2026-06-30,10,0.0444
2026-06-30,20,0.0493
2026-06-30,30,0.0491
2026-07-01,0.0833,0.0367
2026-07-01,0.25,0.0385
2026-07-01,0.5,0.04
2026-07-01,1,0.04
2026-07-01,2,0.0417
2026-07-01,3,0.0419
2026-07-01,5,0.0424
2026-07-01,7,0.0435
2026-07-01,10,0.0448
2026-07-01,20,0.0497
2026-07-01,30,0.0497
2026-07-02,0.0833,0.037
2026-07-02,0.25,0.0382
2026-07-02,0.5,0.0398
2026-07-02,1,0.0396
2026-07-02,2,0.0414
2026-07-02,3,0.0416
2026-07-02,5,0.0423
2026-07-02,7,0.0435
2026-07-02,10,0.0449
2026-07-02,20,0.0499
2026-07-02,30,0.0498
2026-07-06,0.0833,0.0369
2026-07-06,0.25,0.0387
2026-07-06,0.5,0.0398
2026-07-06,1,0.0395
2026-07-06,2,0.0413
2026-07-06,3,0.0414
2026-07-06,5,0.0421
2026-07-06,7,0.0433
2026-07-06,10,0.0448
2026-07-06,20,0.0499
2026-07-06,30,0.0499
2026-07-07,0.0833,0.0369
2026-07-07,0.25,0.0386
2026-07-07,0.5,0.0399
2026-07-07,1,0.0406
2026-07-07,2,0.0419
2026-07-07,3,0.0418
2026-07-07,5,0.0427
2026-07-07,7,0.044
2026-07-07,10,0.0455
2026-07-07,20,0.0505
2026-07-07,30,0.0505
2026-07-08,0.0833,0.0367
2026-07-08,0.25,0.0387
2026-07-08,0.5,0.0399
2026-07-08,1,0.0406
2026-07-08,2,0.0421
2026-07-08,3,0.0421
2026-07-08,5,0.0431
2026-07-08,7,0.0443
2026-07-08,10,0.0456
2026-07-08,20,0.0507
2026-07-08,30,0.0506
2026-07-09,0.0833,0.0372
2026-07-09,0.25,0.0383
2026-07-09,0.5,0.0396
2026-07-09,1,0.0402
2026-07-09,2,0.0416
2026-07-09,3,0.0418
2026-07-09,5,0.0427
2026-07-09,7,0.044
2026-07-09,10,0.0454
2026-07-09,20,0.0506
2026-07-09,30,0.0505
2026-07-10,0.0833,0.0371
2026-07-10,0.25,0.0385
2026-07-10,0.5,0.0399
2026-07-10,1,0.0406
2026-07-10,2,0.0421
2026-07-10,3,0.0422
2026-07-10,5,0.043
2026-07-10,7,0.0442
2026-07-10,10,0.0456
2026-07-10,20,0.0508
2026-07-10,30,0.0506
2026-07-13,0.0833,0.0373
2026-07-13,0.25,0.0389
2026-07-13,0.5,0.0403
2026-07-13,1,0.0412
2026-07-13,2,0.0426
2026-07-13,3,0.043
2026-07-13,5,0.0437
2026-07-13,7,0.0448
2026-07-13,10,0.0462
2026-07-13,20,0.0511
2026-07-13,30,0.051
2026-07-14,0.0833,0.0373
2026-07-14,0.25,0.0384
2026-07-14,0.5,0.0395
2026-07-14,1,0.0402
2026-07-14,2,0.0418
2026-07-14,3,0.0423
2026-07-14,5,0.0431
2026-07-14,7,0.0444
2026-07-14,10,0.0458
2026-07-14,20,0.0509
2026-07-14,30,0.0508
2026-07-15,0.0833,0.0373
2026-07-15,0.25,0.0383
2026-07-15,0.5,0.0393
2026-07-15,1,0.0397
2026-07-15,2,0.0413
2026-07-15,3,0.0418
2026-07-15,5,0.0426
2026-07-15,7,0.0439
2026-07-15,10,0.0455
2026-07-15,20,0.0507
2026-07-15,30,0.0508
2026-07-16,0.0833,0.0376
2026-07-16,0.25,0.0384
2026-07-16,0.5,0.0394
2026-07-16,1,0.0399
2026-07-16,2,0.0416
2026-07-16,3,0.042
2026-07-16,5,0.0428
2026-07-16,7,0.0441
2026-07-16,10,0.0457
2026-07-16,20,0.0509
2026-07-16,30,0.0509
2026-07-17,0.0833,0.0373
2026-07-17,0.25,0.0385
2026-07-17,0.5,0.0396
2026-07-17,1,0.0401
2026-07-17,2,0.0418
2026-07-17,3,0.0421
2026-07-17,5,0.0428
2026-07-17,7,0.044
2026-07-17,10,0.0455
2026-07-17,20,0.0507
2026-07-17,30,0.0506
2026-07-20,0.0833,0.0372
2026-07-20,0.25,0.0386
2026-07-20,0.5,0.04
2026-07-20,1,0.0403
2026-07-20,2,0.0421
2026-07-20,3,0.0425
2026-07-20,5,0.0433
2026-07-20,7,0.0445
2026-07-20,10,0.046
2026-07-20,20,0.0512
2026-07-20,30,0.0511
2026-07-21,0.0833,0.0375
2026-07-21,0.25,0.0387
2026-07-21,0.5,0.0402
2026-07-21,1,0.0408
2026-07-21,2,0.0426
2026-07-21,3,0.0431
2026-07-21,5,0.0437
2026-07-21,7,0.045
2026-07-21,10,0.0463
2026-07-21,20,0.0514
2026-07-21,30,0.0513
2026-07-22,0.0833,0.0376
2026-07-22,0.25,0.0389
2026-07-22,0.5,0.0405
2026-07-22,1,0.0411
2026-07-22,2,0.0431
2026-07-22,3,0.0434
2026-07-22,5,0.0441
2026-07-22,7,0.0453
2026-07-22,10,0.0467
2026-07-22,20,0.0517
2026-07-22,30,0.0515
2026-07-23,0.0833,0.0382
2026-07-23,0.25,0.0395
2026-07-23,0.5,0.0409
2026-07-23,1,0.0415
2026-07-23,2,0.0437
2026-07-23,3,0.044
2026-07-23,5,0.0446
2026-07-23,7,0.0458
2026-07-23,10,0.0471
2026-07-23,20,0.052
2026-07-23,30,0.0517
2026-07-24,0.0833,0.038
2026-07-24,0.25,0.0396
2026-07-24,0.5,0.0408
2026-07-24,1,0.0414
2026-07-24,2,0.0433
2026-07-24,3,0.0436
2026-07-24,5,0.0443
2026-07-24,7,0.0455
2026-07-24,10,0.0469
2026-07-24,20,0.0518
2026-07-24,30,0.0516
